latitude,longitude,postal_fsa,delivery_city,fulfilment_type,total_orders
43.588046,-79.642330,L5B,Mississauga,"In-Store Pickup",8
43.588046,-79.642330,L5B,Mississauga,"Home Delivery",10
43.588114,-79.642165,L5B,Mississauga,"In-Store Pickup",9
43.588114,-79.642165,L5B,Mississauga,"Home Delivery",10
43.588187,-79.646867,L5B,Mississauga,"In-Store Pickup",13
43.588187,-79.646867,L5B,Mississauga,"Home Delivery",11
43.588187,-79.642948,L5B,Mississauga,"In-Store Pickup",12
43.588187,-79.642948,L5B,Mississauga,"Home Delivery",9
43.588606,-79.643420,L5B,Mississauga,"In-Store Pickup",8
43.588606,-79.643420,L5B,Mississauga,"Home Delivery",13
43.588721,-79.644980,L5B,Mississauga,"In-Store Pickup",18
43.588721,-79.644980,L5B,Mississauga,"Home Delivery",10
43.588803,-79.646839,L5B,Mississauga,"In-Store Pickup",12
43.588803,-79.646839,L5B,Mississauga,"Home Delivery",9
43.589165,-79.645714,L5B,Mississauga,"In-Store Pickup",11
43.589165,-79.645714,L5B,Mississauga,"Home Delivery",12
43.589381,-79.638255,L5B,Mississauga,"In-Store Pickup",5
43.589381,-79.638255,L5B,Mississauga,"Home Delivery",10
43.589520,-79.638803,L5B,Mississauga,"In-Store Pickup",7
43.589520,-79.638803,L5B,Mississauga,"Home Delivery",11
43.589534,-79.643279,L5B,Mississauga,"In-Store Pickup",15
43.589534,-79.643279,L5B,Mississauga,"Home Delivery",10
43.589586,-79.637931,L5B,Mississauga,"In-Store Pickup",6
43.589586,-79.637931,L5B,Mississauga,"Home Delivery",13
43.589628,-79.642311,L5B,Mississauga,"In-Store Pickup",15
43.589628,-79.642311,L5B,Mississauga,"Home Delivery",12
43.589641,-79.639853,L5B,Mississauga,"In-Store Pickup",13
43.589641,-79.639853,L5B,Mississauga,"Home Delivery",11
43.589695,-79.646469,L5B,Mississauga,"In-Store Pickup",11
43.589695,-79.646469,L5B,Mississauga,"Home Delivery",9
43.589771,-79.645900,L5B,Mississauga,"In-Store Pickup",14
43.589771,-79.645900,L5B,Mississauga,"Home Delivery",7
43.589803,-79.646556,L5B,Mississauga,"In-Store Pickup",7
43.589803,-79.646556,L5B,Mississauga,"Home Delivery",13
43.589850,-79.641597,L5B,Mississauga,"In-Store Pickup",14
43.589850,-79.641597,L5B,Mississauga,"Home Delivery",9
43.589930,-79.644192,L5B,Mississauga,"In-Store Pickup",10
43.589930,-79.644192,L5B,Mississauga,"Home Delivery",7
43.590131,-79.642798,L5B,Mississauga,"In-Store Pickup",8
43.590131,-79.642798,L5B,Mississauga,"Home Delivery",7
43.590333,-79.637224,L5B,Mississauga,"In-Store Pickup",12
43.590333,-79.637224,L5B,Mississauga,"Home Delivery",9
43.590388,-79.646122,L5B,Mississauga,"In-Store Pickup",10
43.590388,-79.646122,L5B,Mississauga,"Home Delivery",11
43.590411,-79.646709,L5B,Mississauga,"In-Store Pickup",13
43.590411,-79.646709,L5B,Mississauga,"Home Delivery",7
43.590422,-79.640496,L5B,Mississauga,"In-Store Pickup",10
43.590422,-79.640496,L5B,Mississauga,"Home Delivery",13
43.590559,-79.640883,L5B,Mississauga,"In-Store Pickup",15
43.590559,-79.640883,L5B,Mississauga,"Home Delivery",17
43.590766,-79.641401,L5B,Mississauga,"In-Store Pickup",8
43.590766,-79.641401,L5B,Mississauga,"Home Delivery",12
43.590876,-79.643621,L5B,Mississauga,"In-Store Pickup",6
43.590876,-79.643621,L5B,Mississauga,"Home Delivery",11
43.591065,-79.638987,L5B,Mississauga,"In-Store Pickup",8
43.591065,-79.638987,L5B,Mississauga,"Home Delivery",18
43.591163,-79.642559,L5B,Mississauga,"In-Store Pickup",9
43.591163,-79.642559,L5B,Mississauga,"Home Delivery",11
43.591195,-79.640161,L5B,Mississauga,"In-Store Pickup",13
43.591195,-79.640161,L5B,Mississauga,"Home Delivery",9
43.591224,-79.638612,L5B,Mississauga,"In-Store Pickup",8
43.591224,-79.638612,L5B,Mississauga,"Home Delivery",12
43.591714,-79.646208,L5B,Mississauga,"In-Store Pickup",13
43.591714,-79.646208,L5B,Mississauga,"Home Delivery",7
43.591806,-79.645429,L5B,Mississauga,"In-Store Pickup",8
43.591806,-79.645429,L5B,Mississauga,"Home Delivery",15
43.591845,-79.645956,L5B,Mississauga,"In-Store Pickup",13
43.591845,-79.645956,L5B,Mississauga,"Home Delivery",4
43.591894,-79.640921,L5B,Mississauga,"In-Store Pickup",12
43.591894,-79.640921,L5B,Mississauga,"Home Delivery",7
43.591938,-79.645800,L5B,Mississauga,"In-Store Pickup",12
43.591938,-79.645800,L5B,Mississauga,"Home Delivery",13
43.592141,-79.637944,L5B,Mississauga,"In-Store Pickup",7
43.592141,-79.637944,L5B,Mississauga,"Home Delivery",14
43.592309,-79.645684,L5B,Mississauga,"In-Store Pickup",17
43.592309,-79.645684,L5B,Mississauga,"Home Delivery",8
43.592579,-79.645064,L5B,Mississauga,"In-Store Pickup",7
43.592579,-79.645064,L5B,Mississauga,"Home Delivery",13
43.592600,-79.641383,L5B,Mississauga,"In-Store Pickup",8
43.592600,-79.641383,L5B,Mississauga,"Home Delivery",12
43.592613,-79.642274,L5B,Mississauga,"In-Store Pickup",11
43.592613,-79.642274,L5B,Mississauga,"Home Delivery",10
43.592807,-79.638554,L5B,Mississauga,"In-Store Pickup",5
43.592807,-79.638554,L5B,Mississauga,"Home Delivery",16
43.592839,-79.644159,L5B,Mississauga,"In-Store Pickup",13
43.592839,-79.644159,L5B,Mississauga,"Home Delivery",13
43.593002,-79.642528,L5B,Mississauga,"In-Store Pickup",13
43.593002,-79.642528,L5B,Mississauga,"Home Delivery",9
43.593208,-79.641013,L5B,Mississauga,"In-Store Pickup",8
43.593208,-79.641013,L5B,Mississauga,"Home Delivery",14
43.593261,-79.644425,L5B,Mississauga,"In-Store Pickup",8
43.593261,-79.644425,L5B,Mississauga,"Home Delivery",9
43.593438,-79.645618,L5B,Mississauga,"In-Store Pickup",11
43.593438,-79.645618,L5B,Mississauga,"Home Delivery",8
43.593524,-79.644455,L5B,Mississauga,"In-Store Pickup",21
43.593524,-79.644455,L5B,Mississauga,"Home Delivery",9
43.593789,-79.640564,L5B,Mississauga,"In-Store Pickup",20
43.593789,-79.640564,L5B,Mississauga,"Home Delivery",2
43.594219,-79.642365,L5B,Mississauga,"In-Store Pickup",8
43.594219,-79.642365,L5B,Mississauga,"Home Delivery",9
43.594254,-79.645904,L5B,Mississauga,"In-Store Pickup",17
43.594254,-79.645904,L5B,Mississauga,"Home Delivery",11
43.594266,-79.645122,L5B,Mississauga,"In-Store Pickup",10
43.594266,-79.645122,L5B,Mississauga,"Home Delivery",6
43.594298,-79.641312,L5B,Mississauga,"In-Store Pickup",15
43.594298,-79.641312,L5B,Mississauga,"Home Delivery",13
43.594480,-79.639684,L5B,Mississauga,"In-Store Pickup",9
43.594480,-79.639684,L5B,Mississauga,"Home Delivery",11
43.594617,-79.639971,L5B,Mississauga,"In-Store Pickup",17
43.594617,-79.639971,L5B,Mississauga,"Home Delivery",16
43.594625,-79.642293,L5B,Mississauga,"In-Store Pickup",16
43.594625,-79.642293,L5B,Mississauga,"Home Delivery",16
43.594637,-79.642955,L5B,Mississauga,"In-Store Pickup",6
43.594637,-79.642955,L5B,Mississauga,"Home Delivery",13
43.594693,-79.640930,L5B,Mississauga,"In-Store Pickup",14
43.594693,-79.640930,L5B,Mississauga,"Home Delivery",14
43.594852,-79.638766,L5B,Mississauga,"In-Store Pickup",15
43.594852,-79.638766,L5B,Mississauga,"Home Delivery",12
43.594884,-79.643813,L5B,Mississauga,"In-Store Pickup",10
43.594884,-79.643813,L5B,Mississauga,"Home Delivery",17
43.594963,-79.644626,L5B,Mississauga,"In-Store Pickup",13
43.594963,-79.644626,L5B,Mississauga,"Home Delivery",11
43.595252,-79.640993,L5B,Mississauga,"In-Store Pickup",12
43.595252,-79.640993,L5B,Mississauga,"Home Delivery",14
43.595312,-79.646761,L5B,Mississauga,"In-Store Pickup",11
43.595312,-79.646761,L5B,Mississauga,"Home Delivery",13
43.595853,-79.637611,L5B,Mississauga,"In-Store Pickup",17
43.595853,-79.637611,L5B,Mississauga,"Home Delivery",14
43.595922,-79.637768,L5B,Mississauga,"In-Store Pickup",5
43.595922,-79.637768,L5B,Mississauga,"Home Delivery",10
43.595939,-79.639606,L5B,Mississauga,"In-Store Pickup",10
43.595939,-79.639606,L5B,Mississauga,"Home Delivery",11
43.595947,-79.640581,L5B,Mississauga,"In-Store Pickup",6
43.595947,-79.640581,L5B,Mississauga,"Home Delivery",12
43.595980,-79.641529,L5B,Mississauga,"In-Store Pickup",11
43.595980,-79.641529,L5B,Mississauga,"Home Delivery",14
43.596062,-79.645256,L5B,Mississauga,"In-Store Pickup",10
43.596062,-79.645256,L5B,Mississauga,"Home Delivery",15
43.596182,-79.637986,L5B,Mississauga,"In-Store Pickup",15
43.596182,-79.637986,L5B,Mississauga,"Home Delivery",9
43.596225,-79.641453,L5B,Mississauga,"In-Store Pickup",12
43.596225,-79.641453,L5B,Mississauga,"Home Delivery",13
43.596309,-79.646354,L5B,Mississauga,"In-Store Pickup",11
43.596309,-79.646354,L5B,Mississauga,"Home Delivery",10
43.596396,-79.643931,L5B,Mississauga,"In-Store Pickup",7
43.596396,-79.643931,L5B,Mississauga,"Home Delivery",16
43.596418,-79.645650,L5B,Mississauga,"In-Store Pickup",13
43.596418,-79.645650,L5B,Mississauga,"Home Delivery",12
43.596422,-79.639532,L5B,Mississauga,"In-Store Pickup",4
43.596422,-79.639532,L5B,Mississauga,"Home Delivery",10
43.596532,-79.637553,L5B,Mississauga,"In-Store Pickup",10
43.596532,-79.637553,L5B,Mississauga,"Home Delivery",7
43.596546,-79.638647,L5B,Mississauga,"In-Store Pickup",8
43.596546,-79.638647,L5B,Mississauga,"Home Delivery",9
43.596678,-79.645927,L5B,Mississauga,"In-Store Pickup",17
43.596678,-79.645927,L5B,Mississauga,"Home Delivery",15
43.596908,-79.643797,L5B,Mississauga,"In-Store Pickup",18
43.596908,-79.643797,L5B,Mississauga,"Home Delivery",6
43.597046,-79.639861,L5B,Mississauga,"In-Store Pickup",13
43.597046,-79.639861,L5B,Mississauga,"Home Delivery",9
43.597065,-79.641984,L5B,Mississauga,"In-Store Pickup",8
43.597065,-79.641984,L5B,Mississauga,"Home Delivery",5
43.597264,-79.644851,L5B,Mississauga,"In-Store Pickup",10
43.597264,-79.644851,L5B,Mississauga,"Home Delivery",8
43.597379,-79.645004,L5B,Mississauga,"In-Store Pickup",17
43.597379,-79.645004,L5B,Mississauga,"Home Delivery",15
43.597397,-79.640186,L5B,Mississauga,"In-Store Pickup",8
43.597397,-79.640186,L5B,Mississauga,"Home Delivery",11
43.597585,-79.639887,L5B,Mississauga,"In-Store Pickup",16
43.597585,-79.639887,L5B,Mississauga,"Home Delivery",10
43.597607,-79.638682,L5B,Mississauga,"In-Store Pickup",10
43.597607,-79.638682,L5B,Mississauga,"Home Delivery",11
43.597647,-79.638448,L5B,Mississauga,"In-Store Pickup",5
43.597647,-79.638448,L5B,Mississauga,"Home Delivery",12
43.597648,-79.641546,L5B,Mississauga,"In-Store Pickup",10
43.597648,-79.641546,L5B,Mississauga,"Home Delivery",9
43.597675,-79.644776,L5B,Mississauga,"In-Store Pickup",12
43.597675,-79.644776,L5B,Mississauga,"Home Delivery",10
43.597810,-79.644264,L5B,Mississauga,"In-Store Pickup",9
43.597810,-79.644264,L5B,Mississauga,"Home Delivery",10
43.597967,-79.643292,L5B,Mississauga,"In-Store Pickup",9
43.597967,-79.643292,L5B,Mississauga,"Home Delivery",6
43.617711,-79.516229,M8Z,Etobicoke,"In-Store Pickup",9
43.617711,-79.516229,M8Z,Etobicoke,"Home Delivery",12
43.617800,-79.520012,M8Z,Etobicoke,"In-Store Pickup",13
43.617800,-79.520012,M8Z,Etobicoke,"Home Delivery",14
43.617902,-79.510480,M8Z,Etobicoke,"In-Store Pickup",10
43.617902,-79.510480,M8Z,Etobicoke,"Home Delivery",7
43.617970,-79.510913,M8Z,Etobicoke,"In-Store Pickup",9
43.617970,-79.510913,M8Z,Etobicoke,"Home Delivery",17
43.618022,-79.510467,M8Z,Etobicoke,"In-Store Pickup",15
43.618022,-79.510467,M8Z,Etobicoke,"Home Delivery",10
43.618078,-79.519219,M8Z,Etobicoke,"In-Store Pickup",16
43.618078,-79.519219,M8Z,Etobicoke,"Home Delivery",6
43.618143,-79.514192,M8Z,Etobicoke,"In-Store Pickup",17
43.618143,-79.514192,M8Z,Etobicoke,"Home Delivery",9
43.618340,-79.514883,M8Z,Etobicoke,"In-Store Pickup",17
43.618340,-79.514883,M8Z,Etobicoke,"Home Delivery",20
43.618399,-79.518917,M8Z,Etobicoke,"In-Store Pickup",13
43.618399,-79.518917,M8Z,Etobicoke,"Home Delivery",12
43.618662,-79.516761,M8Z,Etobicoke,"In-Store Pickup",13
43.618662,-79.516761,M8Z,Etobicoke,"Home Delivery",7
43.618786,-79.519101,M8Z,Etobicoke,"In-Store Pickup",10
43.618786,-79.519101,M8Z,Etobicoke,"Home Delivery",10
43.618827,-79.513877,M8Z,Etobicoke,"In-Store Pickup",11
43.618827,-79.513877,M8Z,Etobicoke,"Home Delivery",15
43.618867,-79.518284,M8Z,Etobicoke,"In-Store Pickup",11
43.618867,-79.518284,M8Z,Etobicoke,"Home Delivery",7
43.619009,-79.514002,M8Z,Etobicoke,"In-Store Pickup",9
43.619009,-79.514002,M8Z,Etobicoke,"Home Delivery",12
43.619035,-79.512161,M8Z,Etobicoke,"In-Store Pickup",8
43.619035,-79.512161,M8Z,Etobicoke,"Home Delivery",17
43.619072,-79.513892,M8Z,Etobicoke,"In-Store Pickup",3
43.619072,-79.513892,M8Z,Etobicoke,"Home Delivery",12
43.619146,-79.517262,M8Z,Etobicoke,"In-Store Pickup",8
43.619146,-79.517262,M8Z,Etobicoke,"Home Delivery",14
43.619231,-79.513741,M8Z,Etobicoke,"In-Store Pickup",8
43.619231,-79.513741,M8Z,Etobicoke,"Home Delivery",7
43.619323,-79.519602,M8Z,Etobicoke,"In-Store Pickup",7
43.619323,-79.519602,M8Z,Etobicoke,"Home Delivery",15
43.619395,-79.516875,M8Z,Etobicoke,"In-Store Pickup",13
43.619395,-79.516875,M8Z,Etobicoke,"Home Delivery",11
43.619550,-79.511154,M8Z,Etobicoke,"In-Store Pickup",5
43.619550,-79.511154,M8Z,Etobicoke,"Home Delivery",13
43.619607,-79.513662,M8Z,Etobicoke,"In-Store Pickup",10
43.619607,-79.513662,M8Z,Etobicoke,"Home Delivery",16
43.619611,-79.520049,M8Z,Etobicoke,"In-Store Pickup",10
43.619611,-79.520049,M8Z,Etobicoke,"Home Delivery",10
43.619873,-79.514223,M8Z,Etobicoke,"In-Store Pickup",7
43.619873,-79.514223,M8Z,Etobicoke,"Home Delivery",12
43.619983,-79.514058,M8Z,Etobicoke,"In-Store Pickup",11
43.619983,-79.514058,M8Z,Etobicoke,"Home Delivery",18
43.620136,-79.519488,M8Z,Etobicoke,"In-Store Pickup",11
43.620136,-79.519488,M8Z,Etobicoke,"Home Delivery",10
43.620218,-79.513448,M8Z,Etobicoke,"In-Store Pickup",11
43.620218,-79.513448,M8Z,Etobicoke,"Home Delivery",17
43.620494,-79.512387,M8Z,Etobicoke,"In-Store Pickup",11
43.620494,-79.512387,M8Z,Etobicoke,"Home Delivery",12
43.620511,-79.510485,M8Z,Etobicoke,"In-Store Pickup",14
43.620511,-79.510485,M8Z,Etobicoke,"Home Delivery",10
43.620822,-79.510808,M8Z,Etobicoke,"In-Store Pickup",14
43.620822,-79.510808,M8Z,Etobicoke,"Home Delivery",11
43.621324,-79.519509,M8Z,Etobicoke,"In-Store Pickup",12
43.621324,-79.519509,M8Z,Etobicoke,"Home Delivery",8
43.621416,-79.514986,M8Z,Etobicoke,"In-Store Pickup",17
43.621416,-79.514986,M8Z,Etobicoke,"Home Delivery",18
43.621440,-79.513346,M8Z,Etobicoke,"In-Store Pickup",4
43.621440,-79.513346,M8Z,Etobicoke,"Home Delivery",13
43.621535,-79.510484,M8Z,Etobicoke,"In-Store Pickup",10
43.621535,-79.510484,M8Z,Etobicoke,"Home Delivery",12
43.621632,-79.511951,M8Z,Etobicoke,"In-Store Pickup",12
43.621632,-79.511951,M8Z,Etobicoke,"Home Delivery",15
43.621667,-79.516162,M8Z,Etobicoke,"In-Store Pickup",15
43.621667,-79.516162,M8Z,Etobicoke,"Home Delivery",15
43.622007,-79.516645,M8Z,Etobicoke,"In-Store Pickup",9
43.622007,-79.516645,M8Z,Etobicoke,"Home Delivery",10
43.622030,-79.519925,M8Z,Etobicoke,"In-Store Pickup",13
43.622030,-79.519925,M8Z,Etobicoke,"Home Delivery",10
43.622033,-79.510701,M8Z,Etobicoke,"In-Store Pickup",12
43.622033,-79.510701,M8Z,Etobicoke,"Home Delivery",17
43.622410,-79.518674,M8Z,Etobicoke,"In-Store Pickup",8
43.622410,-79.518674,M8Z,Etobicoke,"Home Delivery",10
43.622419,-79.513071,M8Z,Etobicoke,"In-Store Pickup",20
43.622419,-79.513071,M8Z,Etobicoke,"Home Delivery",12
43.622544,-79.513236,M8Z,Etobicoke,"In-Store Pickup",14
43.622544,-79.513236,M8Z,Etobicoke,"Home Delivery",17
43.622621,-79.515059,M8Z,Etobicoke,"In-Store Pickup",13
43.622621,-79.515059,M8Z,Etobicoke,"Home Delivery",9
43.622643,-79.514915,M8Z,Etobicoke,"In-Store Pickup",9
43.622643,-79.514915,M8Z,Etobicoke,"Home Delivery",12
43.622791,-79.517800,M8Z,Etobicoke,"In-Store Pickup",12
43.622791,-79.517800,M8Z,Etobicoke,"Home Delivery",8
43.622929,-79.516118,M8Z,Etobicoke,"In-Store Pickup",11
43.622929,-79.516118,M8Z,Etobicoke,"Home Delivery",9
43.623284,-79.513369,M8Z,Etobicoke,"In-Store Pickup",14
43.623284,-79.513369,M8Z,Etobicoke,"Home Delivery",13
43.623313,-79.510459,M8Z,Etobicoke,"In-Store Pickup",7
43.623313,-79.510459,M8Z,Etobicoke,"Home Delivery",7
43.623373,-79.517903,M8Z,Etobicoke,"In-Store Pickup",14
43.623373,-79.517903,M8Z,Etobicoke,"Home Delivery",13
43.623421,-79.516347,M8Z,Etobicoke,"In-Store Pickup",14
43.623421,-79.516347,M8Z,Etobicoke,"Home Delivery",10
43.623539,-79.513376,M8Z,Etobicoke,"In-Store Pickup",17
43.623539,-79.513376,M8Z,Etobicoke,"Home Delivery",6
43.623702,-79.510959,M8Z,Etobicoke,"In-Store Pickup",9
43.623702,-79.510959,M8Z,Etobicoke,"Home Delivery",17
43.623706,-79.518948,M8Z,Etobicoke,"In-Store Pickup",14
43.623706,-79.518948,M8Z,Etobicoke,"Home Delivery",9
43.623713,-79.513383,M8Z,Etobicoke,"In-Store Pickup",9
43.623713,-79.513383,M8Z,Etobicoke,"Home Delivery",16
43.623915,-79.517286,M8Z,Etobicoke,"In-Store Pickup",8
43.623915,-79.517286,M8Z,Etobicoke,"Home Delivery",9
43.623954,-79.516170,M8Z,Etobicoke,"In-Store Pickup",8
43.623954,-79.516170,M8Z,Etobicoke,"Home Delivery",14
43.624080,-79.510967,M8Z,Etobicoke,"In-Store Pickup",21
43.624080,-79.510967,M8Z,Etobicoke,"Home Delivery",21
43.624107,-79.517248,M8Z,Etobicoke,"In-Store Pickup",20
43.624107,-79.517248,M8Z,Etobicoke,"Home Delivery",7
43.624173,-79.512876,M8Z,Etobicoke,"In-Store Pickup",6
43.624173,-79.512876,M8Z,Etobicoke,"Home Delivery",9
43.624263,-79.510501,M8Z,Etobicoke,"In-Store Pickup",10
43.624263,-79.510501,M8Z,Etobicoke,"Home Delivery",9
43.624292,-79.512487,M8Z,Etobicoke,"In-Store Pickup",12
43.624292,-79.512487,M8Z,Etobicoke,"Home Delivery",12
43.624348,-79.512226,M8Z,Etobicoke,"In-Store Pickup",10
43.624348,-79.512226,M8Z,Etobicoke,"Home Delivery",7
43.624394,-79.514862,M8Z,Etobicoke,"In-Store Pickup",8
43.624394,-79.514862,M8Z,Etobicoke,"Home Delivery",10
43.624411,-79.514879,M8Z,Etobicoke,"In-Store Pickup",15
43.624411,-79.514879,M8Z,Etobicoke,"Home Delivery",10
43.624550,-79.520175,M8Z,Etobicoke,"In-Store Pickup",15
43.624550,-79.520175,M8Z,Etobicoke,"Home Delivery",7
43.624593,-79.518382,M8Z,Etobicoke,"In-Store Pickup",12
43.624593,-79.518382,M8Z,Etobicoke,"Home Delivery",9
43.624611,-79.511282,M8Z,Etobicoke,"In-Store Pickup",15
43.624611,-79.511282,M8Z,Etobicoke,"Home Delivery",16
43.624664,-79.516762,M8Z,Etobicoke,"In-Store Pickup",12
43.624664,-79.516762,M8Z,Etobicoke,"Home Delivery",4
43.624672,-79.517508,M8Z,Etobicoke,"In-Store Pickup",10
43.624672,-79.517508,M8Z,Etobicoke,"Home Delivery",9
43.624730,-79.513748,M8Z,Etobicoke,"In-Store Pickup",13
43.624730,-79.513748,M8Z,Etobicoke,"Home Delivery",8
43.625193,-79.516635,M8Z,Etobicoke,"In-Store Pickup",11
43.625193,-79.516635,M8Z,Etobicoke,"Home Delivery",9
43.625261,-79.514485,M8Z,Etobicoke,"In-Store Pickup",11
43.625261,-79.514485,M8Z,Etobicoke,"Home Delivery",13
43.625303,-79.517789,M8Z,Etobicoke,"In-Store Pickup",14
43.625303,-79.517789,M8Z,Etobicoke,"Home Delivery",10
43.625361,-79.511373,M8Z,Etobicoke,"In-Store Pickup",10
43.625361,-79.511373,M8Z,Etobicoke,"Home Delivery",8
43.625407,-79.511379,M8Z,Etobicoke,"In-Store Pickup",12
43.625407,-79.511379,M8Z,Etobicoke,"Home Delivery",7
43.625765,-79.518049,M8Z,Etobicoke,"In-Store Pickup",11
43.625765,-79.518049,M8Z,Etobicoke,"Home Delivery",12
43.625802,-79.518096,M8Z,Etobicoke,"In-Store Pickup",12
43.625802,-79.518096,M8Z,Etobicoke,"Home Delivery",11
43.625874,-79.514030,M8Z,Etobicoke,"In-Store Pickup",9
43.625874,-79.514030,M8Z,Etobicoke,"Home Delivery",10
43.626043,-79.493071,M8Y,Etobicoke,"In-Store Pickup",12
43.626043,-79.493071,M8Y,Etobicoke,"Home Delivery",11
43.626106,-79.517111,M8Z,Etobicoke,"In-Store Pickup",10
43.626106,-79.517111,M8Z,Etobicoke,"Home Delivery",12
43.626140,-79.495023,M8Y,Etobicoke,"In-Store Pickup",10
43.626140,-79.495023,M8Y,Etobicoke,"Home Delivery",11
43.626147,-79.511373,M8Z,Etobicoke,"In-Store Pickup",13
43.626147,-79.511373,M8Z,Etobicoke,"Home Delivery",8
43.626180,-79.494706,M8Y,Etobicoke,"In-Store Pickup",13
43.626180,-79.494706,M8Y,Etobicoke,"Home Delivery",10
43.626308,-79.516882,M8Z,Etobicoke,"In-Store Pickup",17
43.626308,-79.516882,M8Z,Etobicoke,"Home Delivery",13
43.626325,-79.493906,M8Y,Etobicoke,"In-Store Pickup",7
43.626325,-79.493906,M8Y,Etobicoke,"Home Delivery",12
43.626359,-79.511989,M8Z,Etobicoke,"In-Store Pickup",11
43.626359,-79.511989,M8Z,Etobicoke,"Home Delivery",7
43.626378,-79.493299,M8Y,Etobicoke,"In-Store Pickup",14
43.626378,-79.493299,M8Y,Etobicoke,"Home Delivery",12
43.626433,-79.514978,M8Z,Etobicoke,"In-Store Pickup",9
43.626433,-79.514978,M8Z,Etobicoke,"Home Delivery",15
43.626485,-79.501165,M8Y,Etobicoke,"In-Store Pickup",10
43.626485,-79.501165,M8Y,Etobicoke,"Home Delivery",20
43.626527,-79.494439,M8Y,Etobicoke,"In-Store Pickup",18
43.626527,-79.494439,M8Y,Etobicoke,"Home Delivery",10
43.626528,-79.515570,M8Z,Etobicoke,"In-Store Pickup",12
43.626528,-79.515570,M8Z,Etobicoke,"Home Delivery",14
43.626535,-79.514034,M8Z,Etobicoke,"In-Store Pickup",10
43.626535,-79.514034,M8Z,Etobicoke,"Home Delivery",9
43.626540,-79.519675,M8Z,Etobicoke,"In-Store Pickup",11
43.626540,-79.519675,M8Z,Etobicoke,"Home Delivery",20
43.626571,-79.514206,M8Z,Etobicoke,"In-Store Pickup",12
43.626571,-79.514206,M8Z,Etobicoke,"Home Delivery",9
43.626638,-79.518748,M8Z,Etobicoke,"In-Store Pickup",13
43.626638,-79.518748,M8Z,Etobicoke,"Home Delivery",12
43.626695,-79.515417,M8Z,Etobicoke,"In-Store Pickup",17
43.626695,-79.515417,M8Z,Etobicoke,"Home Delivery",9
43.626713,-79.501598,M8Y,Etobicoke,"In-Store Pickup",16
43.626713,-79.501598,M8Y,Etobicoke,"Home Delivery",13
43.626761,-79.495247,M8Y,Etobicoke,"In-Store Pickup",9
43.626761,-79.495247,M8Y,Etobicoke,"Home Delivery",7
43.626860,-79.502846,M8Y,Etobicoke,"In-Store Pickup",16
43.626860,-79.502846,M8Y,Etobicoke,"Home Delivery",7
43.626891,-79.518041,M8Z,Etobicoke,"In-Store Pickup",7
43.626891,-79.518041,M8Z,Etobicoke,"Home Delivery",9
43.626914,-79.494657,M8Y,Etobicoke,"In-Store Pickup",7
43.626914,-79.494657,M8Y,Etobicoke,"Home Delivery",17
43.627053,-79.502205,M8Y,Etobicoke,"In-Store Pickup",16
43.627053,-79.502205,M8Y,Etobicoke,"Home Delivery",11
43.627070,-79.512835,M8Z,Etobicoke,"In-Store Pickup",12
43.627070,-79.512835,M8Z,Etobicoke,"Home Delivery",11
43.627157,-79.498557,M8Y,Etobicoke,"In-Store Pickup",7
43.627157,-79.498557,M8Y,Etobicoke,"Home Delivery",10
43.627194,-79.510717,M8Z,Etobicoke,"In-Store Pickup",6
43.627194,-79.510717,M8Z,Etobicoke,"Home Delivery",12
43.627356,-79.496896,M8Y,Etobicoke,"In-Store Pickup",8
43.627356,-79.496896,M8Y,Etobicoke,"Home Delivery",7
43.627631,-79.494050,M8Y,Etobicoke,"In-Store Pickup",18
43.627631,-79.494050,M8Y,Etobicoke,"Home Delivery",13
43.627679,-79.495414,M8Y,Etobicoke,"In-Store Pickup",17
43.627679,-79.495414,M8Y,Etobicoke,"Home Delivery",8
43.627689,-79.497602,M8Y,Etobicoke,"In-Store Pickup",8
43.627689,-79.497602,M8Y,Etobicoke,"Home Delivery",12
43.627748,-79.502332,M8Y,Etobicoke,"In-Store Pickup",15
43.627748,-79.502332,M8Y,Etobicoke,"Home Delivery",14
43.627814,-79.498531,M8Y,Etobicoke,"In-Store Pickup",12
43.627814,-79.498531,M8Y,Etobicoke,"Home Delivery",13
43.627869,-79.502565,M8Y,Etobicoke,"In-Store Pickup",9
43.627869,-79.502565,M8Y,Etobicoke,"Home Delivery",12
43.627894,-79.494350,M8Y,Etobicoke,"In-Store Pickup",11
43.627894,-79.494350,M8Y,Etobicoke,"Home Delivery",9
43.627921,-79.499173,M8Y,Etobicoke,"In-Store Pickup",15
43.627921,-79.499173,M8Y,Etobicoke,"Home Delivery",16
43.628126,-79.495587,M8Y,Etobicoke,"In-Store Pickup",9
43.628126,-79.495587,M8Y,Etobicoke,"Home Delivery",12
43.628151,-79.498966,M8Y,Etobicoke,"In-Store Pickup",8
43.628151,-79.498966,M8Y,Etobicoke,"Home Delivery",5
43.628166,-79.502191,M8Y,Etobicoke,"In-Store Pickup",11
43.628166,-79.502191,M8Y,Etobicoke,"Home Delivery",13
43.628213,-79.502875,M8Y,Etobicoke,"In-Store Pickup",6
43.628213,-79.502875,M8Y,Etobicoke,"Home Delivery",9
43.628365,-79.500993,M8Y,Etobicoke,"In-Store Pickup",5
43.628365,-79.500993,M8Y,Etobicoke,"Home Delivery",8
43.628475,-79.497679,M8Y,Etobicoke,"In-Store Pickup",9
43.628475,-79.497679,M8Y,Etobicoke,"Home Delivery",13
43.628480,-79.496902,M8Y,Etobicoke,"In-Store Pickup",11
43.628480,-79.496902,M8Y,Etobicoke,"Home Delivery",8
43.628483,-79.499293,M8Y,Etobicoke,"In-Store Pickup",19
43.628483,-79.499293,M8Y,Etobicoke,"Home Delivery",14
43.628520,-79.494004,M8Y,Etobicoke,"In-Store Pickup",17
43.628520,-79.494004,M8Y,Etobicoke,"Home Delivery",11
43.628663,-79.502649,M8Y,Etobicoke,"In-Store Pickup",8
43.628663,-79.502649,M8Y,Etobicoke,"Home Delivery",6
43.628997,-79.497013,M8Y,Etobicoke,"In-Store Pickup",10
43.628997,-79.497013,M8Y,Etobicoke,"Home Delivery",14
43.629067,-79.498997,M8Y,Etobicoke,"In-Store Pickup",15
43.629067,-79.498997,M8Y,Etobicoke,"Home Delivery",9
43.629082,-79.497356,M8Y,Etobicoke,"In-Store Pickup",9
43.629082,-79.497356,M8Y,Etobicoke,"Home Delivery",13
43.629182,-79.494590,M8Y,Etobicoke,"In-Store Pickup",10
43.629182,-79.494590,M8Y,Etobicoke,"Home Delivery",8
43.629279,-79.495526,M8Y,Etobicoke,"In-Store Pickup",10
43.629279,-79.495526,M8Y,Etobicoke,"Home Delivery",16
43.629379,-79.502390,M8Y,Etobicoke,"In-Store Pickup",16
43.629379,-79.502390,M8Y,Etobicoke,"Home Delivery",10
43.629405,-79.499640,M8Y,Etobicoke,"In-Store Pickup",12
43.629405,-79.499640,M8Y,Etobicoke,"Home Delivery",9
43.629569,-79.494311,M8Y,Etobicoke,"In-Store Pickup",10
43.629569,-79.494311,M8Y,Etobicoke,"Home Delivery",9
43.629699,-79.500226,M8Y,Etobicoke,"In-Store Pickup",10
43.629699,-79.500226,M8Y,Etobicoke,"Home Delivery",8
43.629818,-79.496699,M8Y,Etobicoke,"In-Store Pickup",8
43.629818,-79.496699,M8Y,Etobicoke,"Home Delivery",19
43.629839,-79.495618,M8Y,Etobicoke,"In-Store Pickup",8
43.629839,-79.495618,M8Y,Etobicoke,"Home Delivery",17
43.629876,-79.502009,M8Y,Etobicoke,"In-Store Pickup",15
43.629876,-79.502009,M8Y,Etobicoke,"Home Delivery",13
43.630017,-79.501149,M8Y,Etobicoke,"In-Store Pickup",14
43.630017,-79.501149,M8Y,Etobicoke,"Home Delivery",4
43.630075,-79.501678,M8Y,Etobicoke,"In-Store Pickup",9
43.630075,-79.501678,M8Y,Etobicoke,"Home Delivery",12
43.630204,-79.496106,M8Y,Etobicoke,"In-Store Pickup",11
43.630204,-79.496106,M8Y,Etobicoke,"Home Delivery",12
43.630223,-79.498698,M8Y,Etobicoke,"In-Store Pickup",10
43.630223,-79.498698,M8Y,Etobicoke,"Home Delivery",15
43.630290,-79.500148,M8Y,Etobicoke,"In-Store Pickup",5
43.630290,-79.500148,M8Y,Etobicoke,"Home Delivery",5
43.630297,-79.496177,M8Y,Etobicoke,"In-Store Pickup",12
43.630297,-79.496177,M8Y,Etobicoke,"Home Delivery",7
43.630333,-79.494888,M8Y,Etobicoke,"In-Store Pickup",9
43.630333,-79.494888,M8Y,Etobicoke,"Home Delivery",8
43.630360,-79.500163,M8Y,Etobicoke,"In-Store Pickup",12
43.630360,-79.500163,M8Y,Etobicoke,"Home Delivery",8
43.630497,-79.499785,M8Y,Etobicoke,"In-Store Pickup",11
43.630497,-79.499785,M8Y,Etobicoke,"Home Delivery",7
43.630589,-79.496275,M8Y,Etobicoke,"In-Store Pickup",9
43.630589,-79.496275,M8Y,Etobicoke,"Home Delivery",13
43.630613,-79.497141,M8Y,Etobicoke,"In-Store Pickup",12
43.630613,-79.497141,M8Y,Etobicoke,"Home Delivery",8
43.630614,-79.493632,M8Y,Etobicoke,"In-Store Pickup",10
43.630614,-79.493632,M8Y,Etobicoke,"Home Delivery",9
43.630727,-79.493763,M8Y,Etobicoke,"In-Store Pickup",10
43.630727,-79.493763,M8Y,Etobicoke,"Home Delivery",14
43.630856,-79.498479,M8Y,Etobicoke,"In-Store Pickup",8
43.630856,-79.498479,M8Y,Etobicoke,"Home Delivery",13
43.631055,-79.493788,M8Y,Etobicoke,"In-Store Pickup",13
43.631055,-79.493788,M8Y,Etobicoke,"Home Delivery",9
43.631362,-79.495506,M8Y,Etobicoke,"In-Store Pickup",5
43.631362,-79.495506,M8Y,Etobicoke,"Home Delivery",12
43.631363,-79.500608,M8Y,Etobicoke,"In-Store Pickup",8
43.631363,-79.500608,M8Y,Etobicoke,"Home Delivery",13
43.631371,-79.496454,M8Y,Etobicoke,"In-Store Pickup",11
43.631371,-79.496454,M8Y,Etobicoke,"Home Delivery",12
43.631491,-79.496445,M8Y,Etobicoke,"In-Store Pickup",13
43.631491,-79.496445,M8Y,Etobicoke,"Home Delivery",18
43.631666,-79.502594,M8Y,Etobicoke,"In-Store Pickup",13
43.631666,-79.502594,M8Y,Etobicoke,"Home Delivery",10
43.631683,-79.495935,M8Y,Etobicoke,"In-Store Pickup",6
43.631683,-79.495935,M8Y,Etobicoke,"Home Delivery",9
43.631731,-79.495784,M8Y,Etobicoke,"In-Store Pickup",10
43.631731,-79.495784,M8Y,Etobicoke,"Home Delivery",11
43.631746,-79.501522,M8Y,Etobicoke,"In-Store Pickup",17
43.631746,-79.501522,M8Y,Etobicoke,"Home Delivery",7
43.631786,-79.500385,M8Y,Etobicoke,"In-Store Pickup",10
43.631786,-79.500385,M8Y,Etobicoke,"Home Delivery",12
43.631828,-79.497279,M8Y,Etobicoke,"In-Store Pickup",15
43.631828,-79.497279,M8Y,Etobicoke,"Home Delivery",9
43.631832,-79.500143,M8Y,Etobicoke,"In-Store Pickup",17
43.631832,-79.500143,M8Y,Etobicoke,"Home Delivery",7
43.631838,-79.493219,M8Y,Etobicoke,"In-Store Pickup",12
43.631838,-79.493219,M8Y,Etobicoke,"Home Delivery",15
43.631908,-79.499596,M8Y,Etobicoke,"In-Store Pickup",11
43.631908,-79.499596,M8Y,Etobicoke,"Home Delivery",13
43.631925,-79.500568,M8Y,Etobicoke,"In-Store Pickup",3
43.631925,-79.500568,M8Y,Etobicoke,"Home Delivery",7
43.631986,-79.493547,M8Y,Etobicoke,"In-Store Pickup",12
43.631986,-79.493547,M8Y,Etobicoke,"Home Delivery",6
43.632106,-79.500099,M8Y,Etobicoke,"In-Store Pickup",9
43.632106,-79.500099,M8Y,Etobicoke,"Home Delivery",14
43.632149,-79.500425,M8Y,Etobicoke,"In-Store Pickup",17
43.632149,-79.500425,M8Y,Etobicoke,"Home Delivery",15
43.632213,-79.494689,M8Y,Etobicoke,"In-Store Pickup",17
43.632213,-79.494689,M8Y,Etobicoke,"Home Delivery",11
43.632230,-79.493438,M8Y,Etobicoke,"In-Store Pickup",12
43.632230,-79.493438,M8Y,Etobicoke,"Home Delivery",11
43.632601,-79.493729,M8Y,Etobicoke,"In-Store Pickup",9
43.632601,-79.493729,M8Y,Etobicoke,"Home Delivery",9
43.632641,-79.498416,M8Y,Etobicoke,"In-Store Pickup",12
43.632641,-79.498416,M8Y,Etobicoke,"Home Delivery",9
43.633203,-79.494069,M8Y,Etobicoke,"In-Store Pickup",12
43.633203,-79.494069,M8Y,Etobicoke,"Home Delivery",8
43.633352,-79.493871,M8Y,Etobicoke,"In-Store Pickup",15
43.633352,-79.493871,M8Y,Etobicoke,"Home Delivery",11
43.633583,-79.501822,M8Y,Etobicoke,"In-Store Pickup",10
43.633583,-79.501822,M8Y,Etobicoke,"Home Delivery",13
43.633588,-79.502383,M8Y,Etobicoke,"In-Store Pickup",11
43.633588,-79.502383,M8Y,Etobicoke,"Home Delivery",15
43.633652,-79.497389,M8Y,Etobicoke,"In-Store Pickup",9
43.633652,-79.497389,M8Y,Etobicoke,"Home Delivery",9
43.633655,-79.500646,M8Y,Etobicoke,"In-Store Pickup",12
43.633655,-79.500646,M8Y,Etobicoke,"Home Delivery",10
43.633810,-79.495649,M8Y,Etobicoke,"In-Store Pickup",7
43.633810,-79.495649,M8Y,Etobicoke,"Home Delivery",14
43.633923,-79.498471,M8Y,Etobicoke,"In-Store Pickup",7
43.633923,-79.498471,M8Y,Etobicoke,"Home Delivery",13
43.633955,-79.497886,M8Y,Etobicoke,"In-Store Pickup",14
43.633955,-79.497886,M8Y,Etobicoke,"Home Delivery",16
43.634383,-79.494738,M8Y,Etobicoke,"In-Store Pickup",14
43.634383,-79.494738,M8Y,Etobicoke,"Home Delivery",13
43.634466,-79.500691,M8Y,Etobicoke,"In-Store Pickup",15
43.634466,-79.500691,M8Y,Etobicoke,"Home Delivery",14
43.634492,-79.496159,M8Y,Etobicoke,"In-Store Pickup",4
43.634492,-79.496159,M8Y,Etobicoke,"Home Delivery",9
43.634577,-79.495776,M8Y,Etobicoke,"In-Store Pickup",8
43.634577,-79.495776,M8Y,Etobicoke,"Home Delivery",10
43.634824,-79.501213,M8Y,Etobicoke,"In-Store Pickup",12
43.634824,-79.501213,M8Y,Etobicoke,"Home Delivery",16
43.634940,-79.501706,M8Y,Etobicoke,"In-Store Pickup",10
43.634940,-79.501706,M8Y,Etobicoke,"Home Delivery",12
43.635078,-79.501927,M8Y,Etobicoke,"In-Store Pickup",10
43.635078,-79.501927,M8Y,Etobicoke,"Home Delivery",12
43.635179,-79.502336,M8Y,Etobicoke,"In-Store Pickup",13
43.635179,-79.502336,M8Y,Etobicoke,"Home Delivery",7
43.635246,-79.494879,M8Y,Etobicoke,"In-Store Pickup",10
43.635246,-79.494879,M8Y,Etobicoke,"Home Delivery",15
43.635405,-79.497399,M8Y,Etobicoke,"In-Store Pickup",7
43.635405,-79.497399,M8Y,Etobicoke,"Home Delivery",14
43.635448,-79.497542,M8Y,Etobicoke,"In-Store Pickup",12
43.635448,-79.497542,M8Y,Etobicoke,"Home Delivery",7
43.635456,-79.501203,M8Y,Etobicoke,"In-Store Pickup",10
43.635456,-79.501203,M8Y,Etobicoke,"Home Delivery",12
43.635562,-79.497563,M8Y,Etobicoke,"In-Store Pickup",6
43.635562,-79.497563,M8Y,Etobicoke,"Home Delivery",12
43.635594,-79.499574,M8Y,Etobicoke,"In-Store Pickup",12
43.635594,-79.499574,M8Y,Etobicoke,"Home Delivery",13
43.635631,-79.498710,M8Y,Etobicoke,"In-Store Pickup",17
43.635631,-79.498710,M8Y,Etobicoke,"Home Delivery",15
43.635686,-79.498962,M8Y,Etobicoke,"In-Store Pickup",16
43.635686,-79.498962,M8Y,Etobicoke,"Home Delivery",9
43.635743,-79.500263,M8Y,Etobicoke,"In-Store Pickup",11
43.635743,-79.500263,M8Y,Etobicoke,"Home Delivery",4
43.635781,-79.494580,M8Y,Etobicoke,"In-Store Pickup",9
43.635781,-79.494580,M8Y,Etobicoke,"Home Delivery",9
43.635849,-79.498225,M8Y,Etobicoke,"In-Store Pickup",15
43.635849,-79.498225,M8Y,Etobicoke,"Home Delivery",9
43.635982,-79.497970,M8Y,Etobicoke,"In-Store Pickup",15
43.635982,-79.497970,M8Y,Etobicoke,"Home Delivery",7
43.639964,-79.390912,M5V,Toronto,"In-Store Pickup",11
43.639964,-79.390912,M5V,Toronto,"Home Delivery",13
43.640143,-79.399149,M5V,Toronto,"In-Store Pickup",12
43.640143,-79.399149,M5V,Toronto,"Home Delivery",15
43.640248,-79.399718,M5V,Toronto,"In-Store Pickup",12
43.640248,-79.399718,M5V,Toronto,"Home Delivery",12
43.640497,-79.393883,M5V,Toronto,"In-Store Pickup",8
43.640497,-79.393883,M5V,Toronto,"Home Delivery",7
43.640618,-79.394393,M5V,Toronto,"In-Store Pickup",7
43.640618,-79.394393,M5V,Toronto,"Home Delivery",8
43.640669,-79.392741,M5V,Toronto,"In-Store Pickup",12
43.640669,-79.392741,M5V,Toronto,"Home Delivery",9
43.640746,-79.398410,M5V,Toronto,"In-Store Pickup",11
43.640746,-79.398410,M5V,Toronto,"Home Delivery",12
43.640811,-79.396281,M5V,Toronto,"In-Store Pickup",18
43.640811,-79.396281,M5V,Toronto,"Home Delivery",16
43.640896,-79.395013,M5V,Toronto,"In-Store Pickup",8
43.640896,-79.395013,M5V,Toronto,"Home Delivery",7
43.641016,-79.390560,M5V,Toronto,"In-Store Pickup",10
43.641016,-79.390560,M5V,Toronto,"Home Delivery",7
43.641469,-79.400120,M5V,Toronto,"In-Store Pickup",10
43.641469,-79.400120,M5V,Toronto,"Home Delivery",9
43.641553,-79.395867,M5V,Toronto,"In-Store Pickup",11
43.641553,-79.395867,M5V,Toronto,"Home Delivery",9
43.641716,-79.395473,M5V,Toronto,"In-Store Pickup",11
43.641716,-79.395473,M5V,Toronto,"Home Delivery",12
43.641742,-79.392662,M5V,Toronto,"In-Store Pickup",9
43.641742,-79.392662,M5V,Toronto,"Home Delivery",9
43.641959,-79.391500,M5V,Toronto,"In-Store Pickup",8
43.641959,-79.391500,M5V,Toronto,"Home Delivery",12
43.642011,-79.390455,M5V,Toronto,"In-Store Pickup",11
43.642011,-79.390455,M5V,Toronto,"Home Delivery",10
43.642015,-79.398821,M5V,Toronto,"In-Store Pickup",11
43.642015,-79.398821,M5V,Toronto,"Home Delivery",7
43.642133,-79.395930,M5V,Toronto,"In-Store Pickup",13
43.642133,-79.395930,M5V,Toronto,"Home Delivery",7
43.642160,-79.393539,M5V,Toronto,"In-Store Pickup",3
43.642160,-79.393539,M5V,Toronto,"Home Delivery",14
43.642210,-79.398618,M5V,Toronto,"In-Store Pickup",16
43.642210,-79.398618,M5V,Toronto,"Home Delivery",9
43.642321,-79.397492,M5V,Toronto,"In-Store Pickup",16
43.642321,-79.397492,M5V,Toronto,"Home Delivery",12
43.642414,-79.392405,M5V,Toronto,"In-Store Pickup",9
43.642414,-79.392405,M5V,Toronto,"Home Delivery",16
43.642587,-79.391968,M5V,Toronto,"In-Store Pickup",9
43.642587,-79.391968,M5V,Toronto,"Home Delivery",15
43.642638,-79.399390,M5V,Toronto,"In-Store Pickup",11
43.642638,-79.399390,M5V,Toronto,"Home Delivery",11
43.642662,-79.392545,M5V,Toronto,"In-Store Pickup",8
43.642662,-79.392545,M5V,Toronto,"Home Delivery",12
43.642691,-79.393403,M5V,Toronto,"In-Store Pickup",14
43.642691,-79.393403,M5V,Toronto,"Home Delivery",9
43.642738,-79.398640,M5V,Toronto,"In-Store Pickup",10
43.642738,-79.398640,M5V,Toronto,"Home Delivery",12
43.642765,-79.398208,M5V,Toronto,"In-Store Pickup",8
43.642765,-79.398208,M5V,Toronto,"Home Delivery",13
43.642830,-79.397177,M5V,Toronto,"In-Store Pickup",13
43.642830,-79.397177,M5V,Toronto,"Home Delivery",14
43.642936,-79.391329,M5V,Toronto,"In-Store Pickup",10
43.642936,-79.391329,M5V,Toronto,"Home Delivery",14
43.643021,-79.397011,M5V,Toronto,"In-Store Pickup",12
43.643021,-79.397011,M5V,Toronto,"Home Delivery",7
43.643212,-79.391558,M5V,Toronto,"In-Store Pickup",15
43.643212,-79.391558,M5V,Toronto,"Home Delivery",12
43.643265,-79.393736,M5V,Toronto,"In-Store Pickup",14
43.643265,-79.393736,M5V,Toronto,"Home Delivery",13
43.643520,-79.393529,M5V,Toronto,"In-Store Pickup",9
43.643520,-79.393529,M5V,Toronto,"Home Delivery",9
43.643644,-79.397501,M5V,Toronto,"In-Store Pickup",11
43.643644,-79.397501,M5V,Toronto,"Home Delivery",14
43.643650,-79.394754,M5V,Toronto,"In-Store Pickup",10
43.643650,-79.394754,M5V,Toronto,"Home Delivery",12
43.643670,-79.398405,M5V,Toronto,"In-Store Pickup",5
43.643670,-79.398405,M5V,Toronto,"Home Delivery",16
43.643956,-79.391898,M5V,Toronto,"In-Store Pickup",13
43.643956,-79.391898,M5V,Toronto,"Home Delivery",11
43.643994,-79.395791,M5V,Toronto,"In-Store Pickup",9
43.643994,-79.395791,M5V,Toronto,"Home Delivery",12
43.644108,-79.395056,M5V,Toronto,"In-Store Pickup",12
43.644108,-79.395056,M5V,Toronto,"Home Delivery",12
43.644218,-79.390232,M5V,Toronto,"In-Store Pickup",10
43.644218,-79.390232,M5V,Toronto,"Home Delivery",10
43.644310,-79.392035,M5V,Toronto,"In-Store Pickup",8
43.644310,-79.392035,M5V,Toronto,"Home Delivery",11
43.644342,-79.399593,M5V,Toronto,"In-Store Pickup",9
43.644342,-79.399593,M5V,Toronto,"Home Delivery",18
43.644361,-79.396257,M5V,Toronto,"In-Store Pickup",10
43.644361,-79.396257,M5V,Toronto,"Home Delivery",11
43.644389,-79.395303,M5V,Toronto,"In-Store Pickup",7
43.644389,-79.395303,M5V,Toronto,"Home Delivery",9
43.644557,-79.391097,M5V,Toronto,"In-Store Pickup",13
43.644557,-79.391097,M5V,Toronto,"Home Delivery",16
43.644593,-79.393015,M5V,Toronto,"In-Store Pickup",10
43.644593,-79.393015,M5V,Toronto,"Home Delivery",14
43.644773,-79.395192,M5V,Toronto,"In-Store Pickup",10
43.644773,-79.395192,M5V,Toronto,"Home Delivery",12
43.644805,-79.398981,M5V,Toronto,"In-Store Pickup",11
43.644805,-79.398981,M5V,Toronto,"Home Delivery",9
43.644902,-79.391973,M5V,Toronto,"In-Store Pickup",8
43.644902,-79.391973,M5V,Toronto,"Home Delivery",14
43.644965,-79.391889,M5V,Toronto,"In-Store Pickup",10
43.644965,-79.391889,M5V,Toronto,"Home Delivery",11
43.645137,-79.395420,M5V,Toronto,"In-Store Pickup",13
43.645137,-79.395420,M5V,Toronto,"Home Delivery",13
43.645155,-79.398828,M5V,Toronto,"In-Store Pickup",10
43.645155,-79.398828,M5V,Toronto,"Home Delivery",7
43.645242,-79.392317,M5V,Toronto,"In-Store Pickup",9
43.645242,-79.392317,M5V,Toronto,"Home Delivery",8
43.645467,-79.394254,M5V,Toronto,"In-Store Pickup",10
43.645467,-79.394254,M5V,Toronto,"Home Delivery",8
43.645516,-79.390212,M5V,Toronto,"In-Store Pickup",17
43.645516,-79.390212,M5V,Toronto,"Home Delivery",10
43.645619,-79.397080,M5V,Toronto,"In-Store Pickup",13
43.645619,-79.397080,M5V,Toronto,"Home Delivery",11
43.645625,-79.396968,M5V,Toronto,"In-Store Pickup",13
43.645625,-79.396968,M5V,Toronto,"Home Delivery",8
43.645796,-79.392893,M5V,Toronto,"In-Store Pickup",10
43.645796,-79.392893,M5V,Toronto,"Home Delivery",5
43.645805,-79.398174,M5V,Toronto,"In-Store Pickup",12
43.645805,-79.398174,M5V,Toronto,"Home Delivery",11
43.646016,-79.393186,M5V,Toronto,"In-Store Pickup",8
43.646016,-79.393186,M5V,Toronto,"Home Delivery",13
43.646096,-79.390703,M5V,Toronto,"In-Store Pickup",13
43.646096,-79.390703,M5V,Toronto,"Home Delivery",9
43.646152,-79.393410,M5V,Toronto,"In-Store Pickup",12
43.646152,-79.393410,M5V,Toronto,"Home Delivery",9
43.646434,-79.396784,M5V,Toronto,"In-Store Pickup",10
43.646434,-79.396784,M5V,Toronto,"Home Delivery",9
43.646513,-79.399110,M5V,Toronto,"In-Store Pickup",11
43.646513,-79.399110,M5V,Toronto,"Home Delivery",10
43.646674,-79.399032,M5V,Toronto,"In-Store Pickup",6
43.646674,-79.399032,M5V,Toronto,"Home Delivery",9
43.647274,-79.395288,M5V,Toronto,"In-Store Pickup",8
43.647274,-79.395288,M5V,Toronto,"Home Delivery",15
43.647447,-79.400162,M5V,Toronto,"In-Store Pickup",11
43.647447,-79.400162,M5V,Toronto,"Home Delivery",10
43.647473,-79.390556,M5V,Toronto,"In-Store Pickup",11
43.647473,-79.390556,M5V,Toronto,"Home Delivery",8
43.647499,-79.396260,M5V,Toronto,"In-Store Pickup",9
43.647499,-79.396260,M5V,Toronto,"Home Delivery",4
43.647723,-79.394152,M5V,Toronto,"In-Store Pickup",16
43.647723,-79.394152,M5V,Toronto,"Home Delivery",12
43.648322,-79.397411,M5V,Toronto,"In-Store Pickup",21
43.648322,-79.397411,M5V,Toronto,"Home Delivery",7
43.648364,-79.393709,M5V,Toronto,"In-Store Pickup",9
43.648364,-79.393709,M5V,Toronto,"Home Delivery",14
43.648377,-79.398506,M5V,Toronto,"In-Store Pickup",19
43.648377,-79.398506,M5V,Toronto,"Home Delivery",2
43.648574,-79.391355,M5V,Toronto,"In-Store Pickup",11
43.648574,-79.391355,M5V,Toronto,"Home Delivery",9
43.648678,-79.395587,M5V,Toronto,"In-Store Pickup",11
43.648678,-79.395587,M5V,Toronto,"Home Delivery",18
43.648804,-79.391681,M5V,Toronto,"In-Store Pickup",14
43.648804,-79.391681,M5V,Toronto,"Home Delivery",14
43.648852,-79.395115,M5V,Toronto,"In-Store Pickup",15
43.648852,-79.395115,M5V,Toronto,"Home Delivery",11
43.648883,-79.394607,M5V,Toronto,"In-Store Pickup",9
43.648883,-79.394607,M5V,Toronto,"Home Delivery",12
43.649099,-79.394277,M5V,Toronto,"In-Store Pickup",7
43.649099,-79.394277,M5V,Toronto,"Home Delivery",15
43.649153,-79.394179,M5V,Toronto,"In-Store Pickup",11
43.649153,-79.394179,M5V,Toronto,"Home Delivery",8
43.649187,-79.393706,M5V,Toronto,"In-Store Pickup",11
43.649187,-79.393706,M5V,Toronto,"Home Delivery",10
43.649259,-79.399660,M5V,Toronto,"In-Store Pickup",16
43.649259,-79.399660,M5V,Toronto,"Home Delivery",6
43.649338,-79.395720,M5V,Toronto,"In-Store Pickup",11
43.649338,-79.395720,M5V,Toronto,"Home Delivery",10
43.649351,-79.394735,M5V,Toronto,"In-Store Pickup",7
43.649351,-79.394735,M5V,Toronto,"Home Delivery",9
43.649459,-79.395563,M5V,Toronto,"In-Store Pickup",12
43.649459,-79.395563,M5V,Toronto,"Home Delivery",7
43.649633,-79.390546,M5V,Toronto,"In-Store Pickup",9
43.649633,-79.390546,M5V,Toronto,"Home Delivery",11
43.649635,-79.392054,M5V,Toronto,"In-Store Pickup",6
43.649635,-79.392054,M5V,Toronto,"Home Delivery",6
43.649654,-79.393575,M5V,Toronto,"In-Store Pickup",10
43.649654,-79.393575,M5V,Toronto,"Home Delivery",10
43.649666,-79.390693,M5V,Toronto,"In-Store Pickup",7
43.649666,-79.390693,M5V,Toronto,"Home Delivery",17
43.649676,-79.396326,M5V,Toronto,"In-Store Pickup",15
43.649676,-79.396326,M5V,Toronto,"Home Delivery",13
43.655027,-79.438990,M6H,Toronto,"In-Store Pickup",8
43.655027,-79.438990,M6H,Toronto,"Home Delivery",10
43.655503,-79.432809,M6H,Toronto,"In-Store Pickup",11
43.655503,-79.432809,M6H,Toronto,"Home Delivery",9
43.655803,-79.439876,M6H,Toronto,"In-Store Pickup",15
43.655803,-79.439876,M6H,Toronto,"Home Delivery",8
43.656008,-79.436019,M6H,Toronto,"In-Store Pickup",7
43.656008,-79.436019,M6H,Toronto,"Home Delivery",9
43.656274,-79.432155,M6H,Toronto,"In-Store Pickup",15
43.656274,-79.432155,M6H,Toronto,"Home Delivery",11
43.656352,-79.439174,M6H,Toronto,"In-Store Pickup",11
43.656352,-79.439174,M6H,Toronto,"Home Delivery",14
43.656367,-79.431865,M6H,Toronto,"In-Store Pickup",14
43.656367,-79.431865,M6H,Toronto,"Home Delivery",15
43.656416,-79.436470,M6H,Toronto,"In-Store Pickup",16
43.656416,-79.436470,M6H,Toronto,"Home Delivery",10
43.656435,-79.435608,M6H,Toronto,"In-Store Pickup",9
43.656435,-79.435608,M6H,Toronto,"Home Delivery",12
43.656471,-79.437556,M6H,Toronto,"In-Store Pickup",10
43.656471,-79.437556,M6H,Toronto,"Home Delivery",8
43.656474,-79.430604,M6H,Toronto,"In-Store Pickup",20
43.656474,-79.430604,M6H,Toronto,"Home Delivery",12
43.656532,-79.430782,M6H,Toronto,"In-Store Pickup",6
43.656532,-79.430782,M6H,Toronto,"Home Delivery",21
43.656734,-79.431417,M6H,Toronto,"In-Store Pickup",7
43.656734,-79.431417,M6H,Toronto,"Home Delivery",10
43.656830,-79.437060,M6H,Toronto,"In-Store Pickup",15
43.656830,-79.437060,M6H,Toronto,"Home Delivery",8
43.656850,-79.437673,M6H,Toronto,"In-Store Pickup",10
43.656850,-79.437673,M6H,Toronto,"Home Delivery",6
43.656902,-79.433205,M6H,Toronto,"In-Store Pickup",9
43.656902,-79.433205,M6H,Toronto,"Home Delivery",9
43.656902,-79.432356,M6H,Toronto,"In-Store Pickup",6
43.656902,-79.432356,M6H,Toronto,"Home Delivery",9
43.657056,-79.437061,M6H,Toronto,"In-Store Pickup",12
43.657056,-79.437061,M6H,Toronto,"Home Delivery",13
43.657695,-79.434602,M6H,Toronto,"In-Store Pickup",17
43.657695,-79.434602,M6H,Toronto,"Home Delivery",12
43.657702,-79.439148,M6H,Toronto,"In-Store Pickup",11
43.657702,-79.439148,M6H,Toronto,"Home Delivery",14
43.657814,-79.434158,M6H,Toronto,"In-Store Pickup",11
43.657814,-79.434158,M6H,Toronto,"Home Delivery",4
43.657814,-79.432115,M6H,Toronto,"In-Store Pickup",17
43.657814,-79.432115,M6H,Toronto,"Home Delivery",9
43.658028,-79.436069,M6H,Toronto,"In-Store Pickup",12
43.658028,-79.436069,M6H,Toronto,"Home Delivery",6
43.658427,-79.436679,M6H,Toronto,"In-Store Pickup",7
43.658427,-79.436679,M6H,Toronto,"Home Delivery",12
43.658481,-79.435365,M6H,Toronto,"In-Store Pickup",11
43.658481,-79.435365,M6H,Toronto,"Home Delivery",10
43.658575,-79.437285,M6H,Toronto,"In-Store Pickup",13
43.658575,-79.437285,M6H,Toronto,"Home Delivery",13
43.658592,-79.438557,M6H,Toronto,"In-Store Pickup",14
43.658592,-79.438557,M6H,Toronto,"Home Delivery",6
43.658635,-79.439858,M6H,Toronto,"In-Store Pickup",12
43.658635,-79.439858,M6H,Toronto,"Home Delivery",9
43.658715,-79.436588,M6H,Toronto,"In-Store Pickup",15
43.658715,-79.436588,M6H,Toronto,"Home Delivery",11
43.658755,-79.431619,M6H,Toronto,"In-Store Pickup",10
43.658755,-79.431619,M6H,Toronto,"Home Delivery",10
43.658816,-79.433203,M6H,Toronto,"In-Store Pickup",14
43.658816,-79.433203,M6H,Toronto,"Home Delivery",15
43.658836,-79.437684,M6H,Toronto,"In-Store Pickup",10
43.658836,-79.437684,M6H,Toronto,"Home Delivery",9
43.658857,-79.431023,M6H,Toronto,"In-Store Pickup",6
43.658857,-79.431023,M6H,Toronto,"Home Delivery",11
43.658914,-79.438201,M6H,Toronto,"In-Store Pickup",11
43.658914,-79.438201,M6H,Toronto,"Home Delivery",9
43.659018,-79.436963,M6H,Toronto,"In-Store Pickup",11
43.659018,-79.436963,M6H,Toronto,"Home Delivery",15
43.659797,-79.432089,M6H,Toronto,"In-Store Pickup",11
43.659797,-79.432089,M6H,Toronto,"Home Delivery",16
43.659804,-79.430984,M6H,Toronto,"In-Store Pickup",13
43.659804,-79.430984,M6H,Toronto,"Home Delivery",10
43.659831,-79.435875,M6H,Toronto,"In-Store Pickup",9
43.659831,-79.435875,M6H,Toronto,"Home Delivery",11
43.659855,-79.434245,M6H,Toronto,"In-Store Pickup",12
43.659855,-79.434245,M6H,Toronto,"Home Delivery",6
43.659926,-79.439443,M6H,Toronto,"In-Store Pickup",10
43.659926,-79.439443,M6H,Toronto,"Home Delivery",4
43.660009,-79.437431,M6H,Toronto,"In-Store Pickup",8
43.660009,-79.437431,M6H,Toronto,"Home Delivery",6
43.660081,-79.438142,M6H,Toronto,"In-Store Pickup",11
43.660081,-79.438142,M6H,Toronto,"Home Delivery",7
43.660155,-79.432225,M6H,Toronto,"In-Store Pickup",8
43.660155,-79.432225,M6H,Toronto,"Home Delivery",11
43.660289,-79.431704,M6H,Toronto,"In-Store Pickup",14
43.660289,-79.431704,M6H,Toronto,"Home Delivery",14
43.660308,-79.439905,M6H,Toronto,"In-Store Pickup",16
43.660308,-79.439905,M6H,Toronto,"Home Delivery",10
43.660366,-79.430100,M6H,Toronto,"In-Store Pickup",16
43.660366,-79.430100,M6H,Toronto,"Home Delivery",10
43.660585,-79.434851,M6H,Toronto,"In-Store Pickup",12
43.660585,-79.434851,M6H,Toronto,"Home Delivery",9
43.660593,-79.437231,M6H,Toronto,"In-Store Pickup",12
43.660593,-79.437231,M6H,Toronto,"Home Delivery",15
43.660612,-79.430743,M6H,Toronto,"In-Store Pickup",15
43.660612,-79.430743,M6H,Toronto,"Home Delivery",11
43.660615,-79.437502,M6H,Toronto,"In-Store Pickup",9
43.660615,-79.437502,M6H,Toronto,"Home Delivery",11
43.660846,-79.439672,M6H,Toronto,"In-Store Pickup",11
43.660846,-79.439672,M6H,Toronto,"Home Delivery",6
43.660956,-79.437207,M6H,Toronto,"In-Store Pickup",13
43.660956,-79.437207,M6H,Toronto,"Home Delivery",9
43.661168,-79.437851,M6H,Toronto,"In-Store Pickup",14
43.661168,-79.437851,M6H,Toronto,"Home Delivery",13
43.661240,-79.434074,M6H,Toronto,"In-Store Pickup",13
43.661240,-79.434074,M6H,Toronto,"Home Delivery",12
43.661263,-79.430871,M6H,Toronto,"In-Store Pickup",15
43.661263,-79.430871,M6H,Toronto,"Home Delivery",15
43.661494,-79.432255,M6H,Toronto,"In-Store Pickup",9
43.661494,-79.432255,M6H,Toronto,"Home Delivery",8
43.661510,-79.432047,M6H,Toronto,"In-Store Pickup",8
43.661510,-79.432047,M6H,Toronto,"Home Delivery",12
43.661887,-79.436755,M6H,Toronto,"In-Store Pickup",12
43.661887,-79.436755,M6H,Toronto,"Home Delivery",10
43.661900,-79.438004,M6H,Toronto,"In-Store Pickup",23
43.661900,-79.438004,M6H,Toronto,"Home Delivery",12
43.661905,-79.431498,M6H,Toronto,"In-Store Pickup",16
43.661905,-79.431498,M6H,Toronto,"Home Delivery",10
43.662029,-79.436762,M6H,Toronto,"In-Store Pickup",12
43.662029,-79.436762,M6H,Toronto,"Home Delivery",7
43.662067,-79.743983,L6Y,Brampton,"In-Store Pickup",8
43.662067,-79.743983,L6Y,Brampton,"Home Delivery",9
43.662097,-79.438726,M6H,Toronto,"In-Store Pickup",11
43.662097,-79.438726,M6H,Toronto,"Home Delivery",11
43.662106,-79.743138,L6Y,Brampton,"In-Store Pickup",7
43.662106,-79.743138,L6Y,Brampton,"Home Delivery",12
43.662117,-79.740237,L6Y,Brampton,"In-Store Pickup",9
43.662117,-79.740237,L6Y,Brampton,"Home Delivery",12
43.662215,-79.436938,M6H,Toronto,"In-Store Pickup",10
43.662215,-79.436938,M6H,Toronto,"Home Delivery",12
43.662229,-79.437821,M6H,Toronto,"In-Store Pickup",12
43.662229,-79.437821,M6H,Toronto,"Home Delivery",13
43.662248,-79.743489,L6Y,Brampton,"In-Store Pickup",13
43.662248,-79.743489,L6Y,Brampton,"Home Delivery",5
43.662347,-79.439456,M6H,Toronto,"In-Store Pickup",10
43.662347,-79.439456,M6H,Toronto,"Home Delivery",9
43.662362,-79.744018,L6Y,Brampton,"In-Store Pickup",6
43.662362,-79.744018,L6Y,Brampton,"Home Delivery",5
43.662384,-79.434518,M6H,Toronto,"In-Store Pickup",10
43.662384,-79.434518,M6H,Toronto,"Home Delivery",11
43.662414,-79.433222,M6H,Toronto,"In-Store Pickup",12
43.662414,-79.433222,M6H,Toronto,"Home Delivery",11
43.662451,-79.433233,M6H,Toronto,"In-Store Pickup",12
43.662451,-79.433233,M6H,Toronto,"Home Delivery",9
43.662487,-79.744094,L6Y,Brampton,"In-Store Pickup",8
43.662487,-79.744094,L6Y,Brampton,"Home Delivery",11
43.662551,-79.739890,L6Y,Brampton,"In-Store Pickup",16
43.662551,-79.739890,L6Y,Brampton,"Home Delivery",12
43.662635,-79.739764,L6Y,Brampton,"In-Store Pickup",14
43.662635,-79.739764,L6Y,Brampton,"Home Delivery",10
43.662708,-79.439388,M6H,Toronto,"In-Store Pickup",10
43.662708,-79.439388,M6H,Toronto,"Home Delivery",9
43.662726,-79.435309,M6H,Toronto,"In-Store Pickup",11
43.662726,-79.435309,M6H,Toronto,"Home Delivery",8
43.662757,-79.437647,M6H,Toronto,"In-Store Pickup",10
43.662757,-79.437647,M6H,Toronto,"Home Delivery",11
43.662780,-79.435166,M6H,Toronto,"In-Store Pickup",10
43.662780,-79.435166,M6H,Toronto,"Home Delivery",8
43.662795,-79.434708,M6H,Toronto,"In-Store Pickup",8
43.662795,-79.434708,M6H,Toronto,"Home Delivery",8
43.662825,-79.737156,L6Y,Brampton,"In-Store Pickup",13
43.662825,-79.737156,L6Y,Brampton,"Home Delivery",10
43.662881,-79.431898,M6H,Toronto,"In-Store Pickup",8
43.662881,-79.431898,M6H,Toronto,"Home Delivery",15
43.662989,-79.746528,L6Y,Brampton,"In-Store Pickup",11
43.662989,-79.746528,L6Y,Brampton,"Home Delivery",11
43.662989,-79.433291,M6H,Toronto,"In-Store Pickup",10
43.662989,-79.433291,M6H,Toronto,"Home Delivery",14
43.663018,-79.743478,L6Y,Brampton,"In-Store Pickup",10
43.663018,-79.743478,L6Y,Brampton,"Home Delivery",12
43.663078,-79.318919,M4L,Toronto,"In-Store Pickup",15
43.663078,-79.318919,M4L,Toronto,"Home Delivery",13
43.663097,-79.437315,M6H,Toronto,"In-Store Pickup",11
43.663097,-79.437315,M6H,Toronto,"Home Delivery",14
43.663097,-79.430856,M6H,Toronto,"In-Store Pickup",10
43.663097,-79.430856,M6H,Toronto,"Home Delivery",15
43.663097,-79.323092,M4L,Toronto,"In-Store Pickup",9
43.663097,-79.323092,M4L,Toronto,"Home Delivery",9
43.663143,-79.316669,M4L,Toronto,"In-Store Pickup",13
43.663143,-79.316669,M4L,Toronto,"Home Delivery",7
43.663173,-79.318790,M4L,Toronto,"In-Store Pickup",9
43.663173,-79.318790,M4L,Toronto,"Home Delivery",7
43.663206,-79.434933,M6H,Toronto,"In-Store Pickup",10
43.663206,-79.434933,M6H,Toronto,"Home Delivery",13
43.663219,-79.430709,M6H,Toronto,"In-Store Pickup",13
43.663219,-79.430709,M6H,Toronto,"Home Delivery",11
43.663232,-79.436809,M6H,Toronto,"In-Store Pickup",8
43.663232,-79.436809,M6H,Toronto,"Home Delivery",16
43.663244,-79.437537,M6H,Toronto,"In-Store Pickup",11
43.663244,-79.437537,M6H,Toronto,"Home Delivery",7
43.663305,-79.317725,M4L,Toronto,"In-Store Pickup",10
43.663305,-79.317725,M4L,Toronto,"Home Delivery",11
43.663370,-79.744115,L6Y,Brampton,"In-Store Pickup",12
43.663370,-79.744115,L6Y,Brampton,"Home Delivery",7
43.663414,-79.740932,L6Y,Brampton,"In-Store Pickup",8
43.663414,-79.740932,L6Y,Brampton,"Home Delivery",14
43.663414,-79.431414,M6H,Toronto,"In-Store Pickup",10
43.663414,-79.431414,M6H,Toronto,"Home Delivery",7
43.663417,-79.438796,M6H,Toronto,"In-Store Pickup",14
43.663417,-79.438796,M6H,Toronto,"Home Delivery",12
43.663417,-79.434423,M6H,Toronto,"In-Store Pickup",11
43.663417,-79.434423,M6H,Toronto,"Home Delivery",17
43.663469,-79.317478,M4L,Toronto,"In-Store Pickup",18
43.663469,-79.317478,M4L,Toronto,"Home Delivery",8
43.663485,-79.434440,M6H,Toronto,"In-Store Pickup",8
43.663485,-79.434440,M6H,Toronto,"Home Delivery",8
43.663491,-79.316435,M4L,Toronto,"In-Store Pickup",18
43.663491,-79.316435,M4L,Toronto,"Home Delivery",9
43.663540,-79.435416,M6H,Toronto,"In-Store Pickup",16
43.663540,-79.435416,M6H,Toronto,"Home Delivery",13
43.663594,-79.438575,M6H,Toronto,"In-Store Pickup",8
43.663594,-79.438575,M6H,Toronto,"Home Delivery",15
43.663611,-79.316377,M4L,Toronto,"In-Store Pickup",9
43.663611,-79.316377,M4L,Toronto,"Home Delivery",12
43.663639,-79.433254,M6H,Toronto,"In-Store Pickup",10
43.663639,-79.433254,M6H,Toronto,"Home Delivery",13
43.663725,-79.738141,L6Y,Brampton,"In-Store Pickup",13
43.663725,-79.738141,L6Y,Brampton,"Home Delivery",8
43.663734,-79.740832,L6Y,Brampton,"In-Store Pickup",13
43.663734,-79.740832,L6Y,Brampton,"Home Delivery",13
43.663772,-79.737224,L6Y,Brampton,"In-Store Pickup",11
43.663772,-79.737224,L6Y,Brampton,"Home Delivery",13
43.663810,-79.738787,L6Y,Brampton,"In-Store Pickup",11
43.663810,-79.738787,L6Y,Brampton,"Home Delivery",17
43.663813,-79.320346,M4L,Toronto,"In-Store Pickup",14
43.663813,-79.320346,M4L,Toronto,"Home Delivery",13
43.663877,-79.743426,L6Y,Brampton,"In-Store Pickup",13
43.663877,-79.743426,L6Y,Brampton,"Home Delivery",9
43.663877,-79.324829,M4L,Toronto,"In-Store Pickup",14
43.663877,-79.324829,M4L,Toronto,"Home Delivery",13
43.663879,-79.741781,L6Y,Brampton,"In-Store Pickup",8
43.663879,-79.741781,L6Y,Brampton,"Home Delivery",5
43.663885,-79.743444,L6Y,Brampton,"In-Store Pickup",8
43.663885,-79.743444,L6Y,Brampton,"Home Delivery",9
43.663897,-79.325253,M4L,Toronto,"In-Store Pickup",8
43.663897,-79.325253,M4L,Toronto,"Home Delivery",8
43.663902,-79.434719,M6H,Toronto,"In-Store Pickup",9
43.663902,-79.434719,M6H,Toronto,"Home Delivery",13
43.663916,-79.737583,L6Y,Brampton,"In-Store Pickup",14
43.663916,-79.737583,L6Y,Brampton,"Home Delivery",7
43.663917,-79.745032,L6Y,Brampton,"In-Store Pickup",8
43.663917,-79.745032,L6Y,Brampton,"Home Delivery",7
43.663933,-79.742347,L6Y,Brampton,"In-Store Pickup",10
43.663933,-79.742347,L6Y,Brampton,"Home Delivery",12
43.663964,-79.746161,L6Y,Brampton,"In-Store Pickup",11
43.663964,-79.746161,L6Y,Brampton,"Home Delivery",11
43.663967,-79.438001,M6H,Toronto,"In-Store Pickup",11
43.663967,-79.438001,M6H,Toronto,"Home Delivery",13
43.664027,-79.436152,M6H,Toronto,"In-Store Pickup",13
43.664027,-79.436152,M6H,Toronto,"Home Delivery",6
43.664033,-79.439771,M6H,Toronto,"In-Store Pickup",18
43.664033,-79.439771,M6H,Toronto,"Home Delivery",9
43.664041,-79.740110,L6Y,Brampton,"In-Store Pickup",10
43.664041,-79.740110,L6Y,Brampton,"Home Delivery",9
43.664059,-79.319728,M4L,Toronto,"In-Store Pickup",9
43.664059,-79.319728,M4L,Toronto,"Home Delivery",9
43.664064,-79.743281,L6Y,Brampton,"In-Store Pickup",8
43.664064,-79.743281,L6Y,Brampton,"Home Delivery",16
43.664103,-79.320258,M4L,Toronto,"In-Store Pickup",11
43.664103,-79.320258,M4L,Toronto,"Home Delivery",11
43.664149,-79.317292,M4L,Toronto,"In-Store Pickup",15
43.664149,-79.317292,M4L,Toronto,"Home Delivery",12
43.664203,-79.743967,L6Y,Brampton,"In-Store Pickup",11
43.664203,-79.743967,L6Y,Brampton,"Home Delivery",14
43.664233,-79.321868,M4L,Toronto,"In-Store Pickup",13
43.664233,-79.321868,M4L,Toronto,"Home Delivery",17
43.664234,-79.317741,M4L,Toronto,"In-Store Pickup",17
43.664234,-79.317741,M4L,Toronto,"Home Delivery",16
43.664288,-79.438291,M6H,Toronto,"In-Store Pickup",12
43.664288,-79.438291,M6H,Toronto,"Home Delivery",13
43.664351,-79.737532,L6Y,Brampton,"In-Store Pickup",9
43.664351,-79.737532,L6Y,Brampton,"Home Delivery",16
43.664377,-79.437515,M6H,Toronto,"In-Store Pickup",12
43.664377,-79.437515,M6H,Toronto,"Home Delivery",7
43.664390,-79.740499,L6Y,Brampton,"In-Store Pickup",7
43.664390,-79.740499,L6Y,Brampton,"Home Delivery",11
43.664410,-79.436214,M6H,Toronto,"In-Store Pickup",6
43.664410,-79.436214,M6H,Toronto,"Home Delivery",10
43.664500,-79.741094,L6Y,Brampton,"In-Store Pickup",8
43.664500,-79.741094,L6Y,Brampton,"Home Delivery",10
43.664581,-79.431571,M6H,Toronto,"In-Store Pickup",5
43.664581,-79.431571,M6H,Toronto,"Home Delivery",8
43.664595,-79.743072,L6Y,Brampton,"In-Store Pickup",7
43.664595,-79.743072,L6Y,Brampton,"Home Delivery",10
43.664614,-79.740428,L6Y,Brampton,"In-Store Pickup",9
43.664614,-79.740428,L6Y,Brampton,"Home Delivery",15
43.664625,-79.741615,L6Y,Brampton,"In-Store Pickup",7
43.664625,-79.741615,L6Y,Brampton,"Home Delivery",8
43.664671,-79.739024,L6Y,Brampton,"In-Store Pickup",15
43.664671,-79.739024,L6Y,Brampton,"Home Delivery",12
43.664716,-79.431695,M6H,Toronto,"In-Store Pickup",14
43.664716,-79.431695,M6H,Toronto,"Home Delivery",10
43.664793,-79.320083,M4L,Toronto,"In-Store Pickup",19
43.664793,-79.320083,M4L,Toronto,"Home Delivery",10
43.664797,-79.433997,M6H,Toronto,"In-Store Pickup",11
43.664797,-79.433997,M6H,Toronto,"Home Delivery",12
43.664821,-79.739839,L6Y,Brampton,"In-Store Pickup",9
43.664821,-79.739839,L6Y,Brampton,"Home Delivery",6
43.664854,-79.436615,M6H,Toronto,"In-Store Pickup",5
43.664854,-79.436615,M6H,Toronto,"Home Delivery",9
43.664897,-79.321855,M4L,Toronto,"In-Store Pickup",14
43.664897,-79.321855,M4L,Toronto,"Home Delivery",8
43.664952,-79.436450,M6H,Toronto,"In-Store Pickup",10
43.664952,-79.436450,M6H,Toronto,"Home Delivery",7
43.664966,-79.744712,L6Y,Brampton,"In-Store Pickup",15
43.664966,-79.744712,L6Y,Brampton,"Home Delivery",11
43.664992,-79.737596,L6Y,Brampton,"In-Store Pickup",6
43.664992,-79.737596,L6Y,Brampton,"Home Delivery",13
43.664992,-79.434584,M6H,Toronto,"In-Store Pickup",9
43.664992,-79.434584,M6H,Toronto,"Home Delivery",15
43.665016,-79.741552,L6Y,Brampton,"In-Store Pickup",13
43.665016,-79.741552,L6Y,Brampton,"Home Delivery",9
43.665024,-79.745478,L6Y,Brampton,"In-Store Pickup",10
43.665024,-79.745478,L6Y,Brampton,"Home Delivery",11
43.665039,-79.323917,M4L,Toronto,"In-Store Pickup",9
43.665039,-79.323917,M4L,Toronto,"Home Delivery",10
43.665140,-79.742861,L6Y,Brampton,"In-Store Pickup",12
43.665140,-79.742861,L6Y,Brampton,"Home Delivery",12
43.665184,-79.322361,M4L,Toronto,"In-Store Pickup",7
43.665184,-79.322361,M4L,Toronto,"Home Delivery",11
43.665217,-79.319419,M4L,Toronto,"In-Store Pickup",17
43.665217,-79.319419,M4L,Toronto,"Home Delivery",13
43.665261,-79.743401,L6Y,Brampton,"In-Store Pickup",12
43.665261,-79.743401,L6Y,Brampton,"Home Delivery",11
43.665417,-79.746177,L6Y,Brampton,"In-Store Pickup",11
43.665417,-79.746177,L6Y,Brampton,"Home Delivery",12
43.665439,-79.739658,L6Y,Brampton,"In-Store Pickup",13
43.665439,-79.739658,L6Y,Brampton,"Home Delivery",14
43.665442,-79.740041,L6Y,Brampton,"In-Store Pickup",14
43.665442,-79.740041,L6Y,Brampton,"Home Delivery",10
43.665456,-79.746423,L6Y,Brampton,"In-Store Pickup",13
43.665456,-79.746423,L6Y,Brampton,"Home Delivery",7
43.665493,-79.317645,M4L,Toronto,"In-Store Pickup",11
43.665493,-79.317645,M4L,Toronto,"Home Delivery",17
43.665507,-79.745019,L6Y,Brampton,"In-Store Pickup",4
43.665507,-79.745019,L6Y,Brampton,"Home Delivery",11
43.665547,-79.324513,M4L,Toronto,"In-Store Pickup",8
43.665547,-79.324513,M4L,Toronto,"Home Delivery",13
43.665600,-79.738989,L6Y,Brampton,"In-Store Pickup",10
43.665600,-79.738989,L6Y,Brampton,"Home Delivery",10
43.665612,-79.739024,L6Y,Brampton,"In-Store Pickup",16
43.665612,-79.739024,L6Y,Brampton,"Home Delivery",9
43.665640,-79.321494,M4L,Toronto,"In-Store Pickup",9
43.665640,-79.321494,M4L,Toronto,"Home Delivery",10
43.665757,-79.746331,L6Y,Brampton,"In-Store Pickup",14
43.665757,-79.746331,L6Y,Brampton,"Home Delivery",13
43.665781,-79.320156,M4L,Toronto,"In-Store Pickup",7
43.665781,-79.320156,M4L,Toronto,"Home Delivery",8
43.665883,-79.742808,L6Y,Brampton,"In-Store Pickup",9
43.665883,-79.742808,L6Y,Brampton,"Home Delivery",10
43.665891,-79.743540,L6Y,Brampton,"In-Store Pickup",13
43.665891,-79.743540,L6Y,Brampton,"Home Delivery",16
43.665938,-79.741049,L6Y,Brampton,"In-Store Pickup",8
43.665938,-79.741049,L6Y,Brampton,"Home Delivery",8
43.665948,-79.321735,M4L,Toronto,"In-Store Pickup",13
43.665948,-79.321735,M4L,Toronto,"Home Delivery",12
43.665974,-79.740257,L6Y,Brampton,"In-Store Pickup",13
43.665974,-79.740257,L6Y,Brampton,"Home Delivery",9
43.666055,-79.325805,M4L,Toronto,"In-Store Pickup",11
43.666055,-79.325805,M4L,Toronto,"Home Delivery",13
43.666186,-79.318422,M4L,Toronto,"In-Store Pickup",12
43.666186,-79.318422,M4L,Toronto,"Home Delivery",19
43.666200,-79.317615,M4L,Toronto,"In-Store Pickup",9
43.666200,-79.317615,M4L,Toronto,"Home Delivery",10
43.666228,-79.743224,L6Y,Brampton,"In-Store Pickup",12
43.666228,-79.743224,L6Y,Brampton,"Home Delivery",13
43.666255,-79.320887,M4L,Toronto,"In-Store Pickup",9
43.666255,-79.320887,M4L,Toronto,"Home Delivery",14
43.666318,-79.737911,L6Y,Brampton,"In-Store Pickup",9
43.666318,-79.737911,L6Y,Brampton,"Home Delivery",8
43.666384,-79.742899,L6Y,Brampton,"In-Store Pickup",13
43.666384,-79.742899,L6Y,Brampton,"Home Delivery",12
43.666398,-79.743097,L6Y,Brampton,"In-Store Pickup",8
43.666398,-79.743097,L6Y,Brampton,"Home Delivery",9
43.666407,-79.743898,L6Y,Brampton,"In-Store Pickup",14
43.666407,-79.743898,L6Y,Brampton,"Home Delivery",12
43.666418,-79.741692,L6Y,Brampton,"In-Store Pickup",13
43.666418,-79.741692,L6Y,Brampton,"Home Delivery",13
43.666448,-79.319581,M4L,Toronto,"In-Store Pickup",11
43.666448,-79.319581,M4L,Toronto,"Home Delivery",7
43.666637,-79.745287,L6Y,Brampton,"In-Store Pickup",6
43.666637,-79.745287,L6Y,Brampton,"Home Delivery",14
43.666693,-79.318639,M4L,Toronto,"In-Store Pickup",12
43.666693,-79.318639,M4L,Toronto,"Home Delivery",11
43.666738,-79.737365,L6Y,Brampton,"In-Store Pickup",10
43.666738,-79.737365,L6Y,Brampton,"Home Delivery",14
43.666758,-79.743548,L6Y,Brampton,"In-Store Pickup",10
43.666758,-79.743548,L6Y,Brampton,"Home Delivery",5
43.666775,-79.741152,L6Y,Brampton,"In-Store Pickup",9
43.666775,-79.741152,L6Y,Brampton,"Home Delivery",10
43.666782,-79.745846,L6Y,Brampton,"In-Store Pickup",11
43.666782,-79.745846,L6Y,Brampton,"Home Delivery",10
43.666823,-79.737067,L6Y,Brampton,"In-Store Pickup",11
43.666823,-79.737067,L6Y,Brampton,"Home Delivery",8
43.666861,-79.743120,L6Y,Brampton,"In-Store Pickup",14
43.666861,-79.743120,L6Y,Brampton,"Home Delivery",10
43.666923,-79.316427,M4L,Toronto,"In-Store Pickup",14
43.666923,-79.316427,M4L,Toronto,"Home Delivery",9
43.666933,-79.744856,L6Y,Brampton,"In-Store Pickup",6
43.666933,-79.744856,L6Y,Brampton,"Home Delivery",11
43.666959,-79.745385,L6Y,Brampton,"In-Store Pickup",8
43.666959,-79.745385,L6Y,Brampton,"Home Delivery",11
43.667026,-79.320003,M4L,Toronto,"In-Store Pickup",12
43.667026,-79.320003,M4L,Toronto,"Home Delivery",9
43.667068,-79.321387,M4L,Toronto,"In-Store Pickup",10
43.667068,-79.321387,M4L,Toronto,"Home Delivery",12
43.667073,-79.745028,L6Y,Brampton,"In-Store Pickup",8
43.667073,-79.745028,L6Y,Brampton,"Home Delivery",13
43.667112,-79.320841,M4L,Toronto,"In-Store Pickup",18
43.667112,-79.320841,M4L,Toronto,"Home Delivery",13
43.667127,-79.740717,L6Y,Brampton,"In-Store Pickup",4
43.667127,-79.740717,L6Y,Brampton,"Home Delivery",11
43.667261,-79.323956,M4L,Toronto,"In-Store Pickup",8
43.667261,-79.323956,M4L,Toronto,"Home Delivery",10
43.667270,-79.320231,M4L,Toronto,"In-Store Pickup",11
43.667270,-79.320231,M4L,Toronto,"Home Delivery",9
43.667289,-79.746908,L6Y,Brampton,"In-Store Pickup",7
43.667289,-79.746908,L6Y,Brampton,"Home Delivery",13
43.667341,-79.739143,L6Y,Brampton,"In-Store Pickup",11
43.667341,-79.739143,L6Y,Brampton,"Home Delivery",15
43.667358,-79.318587,M4L,Toronto,"In-Store Pickup",14
43.667358,-79.318587,M4L,Toronto,"Home Delivery",11
43.667384,-79.321171,M4L,Toronto,"In-Store Pickup",12
43.667384,-79.321171,M4L,Toronto,"Home Delivery",17
43.667411,-79.322638,M4L,Toronto,"In-Store Pickup",9
43.667411,-79.322638,M4L,Toronto,"Home Delivery",15
43.667473,-79.745551,L6Y,Brampton,"In-Store Pickup",8
43.667473,-79.745551,L6Y,Brampton,"Home Delivery",14
43.667483,-79.738777,L6Y,Brampton,"In-Store Pickup",10
43.667483,-79.738777,L6Y,Brampton,"Home Delivery",9
43.667557,-79.318903,M4L,Toronto,"In-Store Pickup",27
43.667557,-79.318903,M4L,Toronto,"Home Delivery",11
43.667573,-79.322546,M4L,Toronto,"In-Store Pickup",12
43.667573,-79.322546,M4L,Toronto,"Home Delivery",10
43.667632,-79.317718,M4L,Toronto,"In-Store Pickup",9
43.667632,-79.317718,M4L,Toronto,"Home Delivery",17
43.667652,-79.737249,L6Y,Brampton,"In-Store Pickup",17
43.667652,-79.737249,L6Y,Brampton,"Home Delivery",12
43.667722,-79.742679,L6Y,Brampton,"In-Store Pickup",9
43.667722,-79.742679,L6Y,Brampton,"Home Delivery",8
43.667808,-79.744442,L6Y,Brampton,"In-Store Pickup",15
43.667808,-79.744442,L6Y,Brampton,"Home Delivery",14
43.667830,-79.744586,L6Y,Brampton,"In-Store Pickup",6
43.667830,-79.744586,L6Y,Brampton,"Home Delivery",13
43.667831,-79.318030,M4L,Toronto,"In-Store Pickup",11
43.667831,-79.318030,M4L,Toronto,"Home Delivery",10
43.667934,-79.741420,L6Y,Brampton,"In-Store Pickup",12
43.667934,-79.741420,L6Y,Brampton,"Home Delivery",12
43.668020,-79.324304,M4L,Toronto,"In-Store Pickup",7
43.668020,-79.324304,M4L,Toronto,"Home Delivery",5
43.668125,-79.319446,M4L,Toronto,"In-Store Pickup",14
43.668125,-79.319446,M4L,Toronto,"Home Delivery",5
43.668138,-79.744937,L6Y,Brampton,"In-Store Pickup",12
43.668138,-79.744937,L6Y,Brampton,"Home Delivery",12
43.668173,-79.320725,M4L,Toronto,"In-Store Pickup",15
43.668173,-79.320725,M4L,Toronto,"Home Delivery",10
43.668204,-79.739583,L6Y,Brampton,"In-Store Pickup",15
43.668204,-79.739583,L6Y,Brampton,"Home Delivery",10
43.668230,-79.317911,M4L,Toronto,"In-Store Pickup",12
43.668230,-79.317911,M4L,Toronto,"Home Delivery",10
43.668253,-79.742118,L6Y,Brampton,"In-Store Pickup",20
43.668253,-79.742118,L6Y,Brampton,"Home Delivery",13
43.668360,-79.321855,M4L,Toronto,"In-Store Pickup",12
43.668360,-79.321855,M4L,Toronto,"Home Delivery",14
43.668454,-79.320548,M4L,Toronto,"In-Store Pickup",12
43.668454,-79.320548,M4L,Toronto,"Home Delivery",6
43.668457,-79.321893,M4L,Toronto,"In-Store Pickup",13
43.668457,-79.321893,M4L,Toronto,"Home Delivery",14
43.668468,-79.741779,L6Y,Brampton,"In-Store Pickup",8
43.668468,-79.741779,L6Y,Brampton,"Home Delivery",9
43.668541,-79.744835,L6Y,Brampton,"In-Store Pickup",7
43.668541,-79.744835,L6Y,Brampton,"Home Delivery",9
43.668566,-79.737305,L6Y,Brampton,"In-Store Pickup",10
43.668566,-79.737305,L6Y,Brampton,"Home Delivery",13
43.668617,-79.740992,L6Y,Brampton,"In-Store Pickup",6
43.668617,-79.740992,L6Y,Brampton,"Home Delivery",12
43.668765,-79.744694,L6Y,Brampton,"In-Store Pickup",6
43.668765,-79.744694,L6Y,Brampton,"Home Delivery",6
43.668824,-79.741380,L6Y,Brampton,"In-Store Pickup",6
43.668824,-79.741380,L6Y,Brampton,"Home Delivery",8
43.668829,-79.744532,L6Y,Brampton,"In-Store Pickup",10
43.668829,-79.744532,L6Y,Brampton,"Home Delivery",9
43.668842,-79.324782,M4L,Toronto,"In-Store Pickup",14
43.668842,-79.324782,M4L,Toronto,"Home Delivery",11
43.668871,-79.316730,M4L,Toronto,"In-Store Pickup",15
43.668871,-79.316730,M4L,Toronto,"Home Delivery",12
43.668952,-79.317329,M4L,Toronto,"In-Store Pickup",13
43.668952,-79.317329,M4L,Toronto,"Home Delivery",11
43.668992,-79.317654,M4L,Toronto,"In-Store Pickup",11
43.668992,-79.317654,M4L,Toronto,"Home Delivery",6
43.668999,-79.321032,M4L,Toronto,"In-Store Pickup",10
43.668999,-79.321032,M4L,Toronto,"Home Delivery",15
43.669054,-79.745833,L6Y,Brampton,"In-Store Pickup",9
43.669054,-79.745833,L6Y,Brampton,"Home Delivery",10
43.669123,-79.323818,M4L,Toronto,"In-Store Pickup",14
43.669123,-79.323818,M4L,Toronto,"Home Delivery",8
43.669153,-79.740789,L6Y,Brampton,"In-Store Pickup",7
43.669153,-79.740789,L6Y,Brampton,"Home Delivery",12
43.669211,-79.743102,L6Y,Brampton,"In-Store Pickup",9
43.669211,-79.743102,L6Y,Brampton,"Home Delivery",10
43.669212,-79.322278,M4L,Toronto,"In-Store Pickup",14
43.669212,-79.322278,M4L,Toronto,"Home Delivery",9
43.669260,-79.320374,M4L,Toronto,"In-Store Pickup",13
43.669260,-79.320374,M4L,Toronto,"Home Delivery",13
43.669333,-79.743031,L6Y,Brampton,"In-Store Pickup",4
43.669333,-79.743031,L6Y,Brampton,"Home Delivery",10
43.669344,-79.321635,M4L,Toronto,"In-Store Pickup",12
43.669344,-79.321635,M4L,Toronto,"Home Delivery",13
43.669454,-79.742904,L6Y,Brampton,"In-Store Pickup",7
43.669454,-79.742904,L6Y,Brampton,"Home Delivery",4
43.669534,-79.738700,L6Y,Brampton,"In-Store Pickup",6
43.669534,-79.738700,L6Y,Brampton,"Home Delivery",5
43.669643,-79.316129,M4L,Toronto,"In-Store Pickup",8
43.669643,-79.316129,M4L,Toronto,"Home Delivery",9
43.669720,-79.745659,L6Y,Brampton,"In-Store Pickup",6
43.669720,-79.745659,L6Y,Brampton,"Home Delivery",14
43.669745,-79.741050,L6Y,Brampton,"In-Store Pickup",8
43.669745,-79.741050,L6Y,Brampton,"Home Delivery",18
43.669778,-79.319610,M4L,Toronto,"In-Store Pickup",15
43.669778,-79.319610,M4L,Toronto,"Home Delivery",10
43.669835,-79.741666,L6Y,Brampton,"In-Store Pickup",9
43.669835,-79.741666,L6Y,Brampton,"Home Delivery",12
43.669835,-79.317254,M4L,Toronto,"In-Store Pickup",14
43.669835,-79.317254,M4L,Toronto,"Home Delivery",11
43.669903,-79.744582,L6Y,Brampton,"In-Store Pickup",11
43.669903,-79.744582,L6Y,Brampton,"Home Delivery",10
43.670060,-79.745831,L6Y,Brampton,"In-Store Pickup",11
43.670060,-79.745831,L6Y,Brampton,"Home Delivery",9
43.670066,-79.742379,L6Y,Brampton,"In-Store Pickup",16
43.670066,-79.742379,L6Y,Brampton,"Home Delivery",10
43.670081,-79.322491,M4L,Toronto,"In-Store Pickup",8
43.670081,-79.322491,M4L,Toronto,"Home Delivery",13
43.670134,-79.323307,M4L,Toronto,"In-Store Pickup",5
43.670134,-79.323307,M4L,Toronto,"Home Delivery",12
43.670207,-79.317206,M4L,Toronto,"In-Store Pickup",12
43.670207,-79.317206,M4L,Toronto,"Home Delivery",8
43.670229,-79.745002,L6Y,Brampton,"In-Store Pickup",15
43.670229,-79.745002,L6Y,Brampton,"Home Delivery",16
43.670292,-79.319118,M4L,Toronto,"In-Store Pickup",9
43.670292,-79.319118,M4L,Toronto,"Home Delivery",5
43.670322,-79.738287,L6Y,Brampton,"In-Store Pickup",12
43.670322,-79.738287,L6Y,Brampton,"Home Delivery",6
43.670391,-79.742902,L6Y,Brampton,"In-Store Pickup",4
43.670391,-79.742902,L6Y,Brampton,"Home Delivery",16
43.670440,-79.320464,M4L,Toronto,"In-Store Pickup",9
43.670440,-79.320464,M4L,Toronto,"Home Delivery",8
43.670443,-79.316475,M4L,Toronto,"In-Store Pickup",12
43.670443,-79.316475,M4L,Toronto,"Home Delivery",12
43.670484,-79.322481,M4L,Toronto,"In-Store Pickup",10
43.670484,-79.322481,M4L,Toronto,"Home Delivery",11
43.670519,-79.742428,L6Y,Brampton,"In-Store Pickup",12
43.670519,-79.742428,L6Y,Brampton,"Home Delivery",12
43.670543,-79.737673,L6Y,Brampton,"In-Store Pickup",11
43.670543,-79.737673,L6Y,Brampton,"Home Delivery",7
43.670547,-79.320255,M4L,Toronto,"In-Store Pickup",11
43.670547,-79.320255,M4L,Toronto,"Home Delivery",12
43.670663,-79.742025,L6Y,Brampton,"In-Store Pickup",13
43.670663,-79.742025,L6Y,Brampton,"Home Delivery",17
43.670707,-79.320325,M4L,Toronto,"In-Store Pickup",12
43.670707,-79.320325,M4L,Toronto,"Home Delivery",11
43.670820,-79.742006,L6Y,Brampton,"In-Store Pickup",10
43.670820,-79.742006,L6Y,Brampton,"Home Delivery",11
43.670852,-79.740677,L6Y,Brampton,"In-Store Pickup",15
43.670852,-79.740677,L6Y,Brampton,"Home Delivery",12
43.670904,-79.744839,L6Y,Brampton,"In-Store Pickup",12
43.670904,-79.744839,L6Y,Brampton,"Home Delivery",10
43.670909,-79.317918,M4L,Toronto,"In-Store Pickup",15
43.670909,-79.317918,M4L,Toronto,"Home Delivery",5
43.670961,-79.316160,M4L,Toronto,"In-Store Pickup",9
43.670961,-79.316160,M4L,Toronto,"Home Delivery",15
43.671062,-79.321546,M4L,Toronto,"In-Store Pickup",10
43.671062,-79.321546,M4L,Toronto,"Home Delivery",12
43.671156,-79.745825,L6Y,Brampton,"In-Store Pickup",13
43.671156,-79.745825,L6Y,Brampton,"Home Delivery",9
43.671190,-79.322460,M4L,Toronto,"In-Store Pickup",11
43.671190,-79.322460,M4L,Toronto,"Home Delivery",21
43.671196,-79.739728,L6Y,Brampton,"In-Store Pickup",12
43.671196,-79.739728,L6Y,Brampton,"Home Delivery",6
43.671304,-79.320058,M4L,Toronto,"In-Store Pickup",10
43.671304,-79.320058,M4L,Toronto,"Home Delivery",12
43.671355,-79.744309,L6Y,Brampton,"In-Store Pickup",10
43.671355,-79.744309,L6Y,Brampton,"Home Delivery",9
43.671452,-79.322394,M4L,Toronto,"In-Store Pickup",8
43.671452,-79.322394,M4L,Toronto,"Home Delivery",6
43.671470,-79.317690,M4L,Toronto,"In-Store Pickup",8
43.671470,-79.317690,M4L,Toronto,"Home Delivery",13
43.671490,-79.746784,L6Y,Brampton,"In-Store Pickup",9
43.671490,-79.746784,L6Y,Brampton,"Home Delivery",15
43.671550,-79.742386,L6Y,Brampton,"In-Store Pickup",8
43.671550,-79.742386,L6Y,Brampton,"Home Delivery",12
43.671617,-79.738939,L6Y,Brampton,"In-Store Pickup",20
43.671617,-79.738939,L6Y,Brampton,"Home Delivery",10
43.671646,-79.316561,M4L,Toronto,"In-Store Pickup",14
43.671646,-79.316561,M4L,Toronto,"Home Delivery",7
43.671771,-79.316138,M4L,Toronto,"In-Store Pickup",13
43.671771,-79.316138,M4L,Toronto,"Home Delivery",10
43.671874,-79.743610,L6Y,Brampton,"In-Store Pickup",20
43.671874,-79.743610,L6Y,Brampton,"Home Delivery",13
43.671899,-79.322391,M4L,Toronto,"In-Store Pickup",8
43.671899,-79.322391,M4L,Toronto,"Home Delivery",14
43.671977,-79.743310,L6Y,Brampton,"In-Store Pickup",9
43.671977,-79.743310,L6Y,Brampton,"Home Delivery",10
43.671987,-79.324146,M4L,Toronto,"In-Store Pickup",11
43.671987,-79.324146,M4L,Toronto,"Home Delivery",13
43.672093,-79.324203,M4L,Toronto,"In-Store Pickup",9
43.672093,-79.324203,M4L,Toronto,"Home Delivery",8
43.672193,-79.316900,M4L,Toronto,"In-Store Pickup",13
43.672193,-79.316900,M4L,Toronto,"Home Delivery",7
43.672265,-79.323764,M4L,Toronto,"In-Store Pickup",11
43.672265,-79.323764,M4L,Toronto,"Home Delivery",10
43.672303,-79.323887,M4L,Toronto,"In-Store Pickup",9
43.672303,-79.323887,M4L,Toronto,"Home Delivery",9
43.672316,-79.324055,M4L,Toronto,"In-Store Pickup",13
43.672316,-79.324055,M4L,Toronto,"Home Delivery",12
43.672379,-79.325226,M4L,Toronto,"In-Store Pickup",9
43.672379,-79.325226,M4L,Toronto,"Home Delivery",10
43.672519,-79.317329,M4L,Toronto,"In-Store Pickup",18
43.672519,-79.317329,M4L,Toronto,"Home Delivery",8
43.672829,-79.320297,M4L,Toronto,"In-Store Pickup",11
43.672829,-79.320297,M4L,Toronto,"Home Delivery",9
43.672905,-79.323438,M4L,Toronto,"In-Store Pickup",6
43.672905,-79.323438,M4L,Toronto,"Home Delivery",8
43.700000,-79.636354,L4T,Mississauga,"In-Store Pickup",12
43.700000,-79.636354,L4T,Mississauga,"Home Delivery",15
43.700119,-79.645928,L4T,Mississauga,"In-Store Pickup",9
43.700119,-79.645928,L4T,Mississauga,"Home Delivery",9
43.700139,-79.637582,L4T,Mississauga,"In-Store Pickup",12
43.700139,-79.637582,L4T,Mississauga,"Home Delivery",11
43.700174,-79.636892,L4T,Mississauga,"In-Store Pickup",7
43.700174,-79.636892,L4T,Mississauga,"Home Delivery",8
43.700703,-79.638075,L4T,Mississauga,"In-Store Pickup",15
43.700703,-79.638075,L4T,Mississauga,"Home Delivery",12
43.700864,-79.640222,L4T,Mississauga,"In-Store Pickup",11
43.700864,-79.640222,L4T,Mississauga,"Home Delivery",13
43.700935,-79.642960,L4T,Mississauga,"In-Store Pickup",10
43.700935,-79.642960,L4T,Mississauga,"Home Delivery",7
43.700976,-79.645483,L4T,Mississauga,"In-Store Pickup",12
43.700976,-79.645483,L4T,Mississauga,"Home Delivery",13
43.701015,-79.642891,L4T,Mississauga,"In-Store Pickup",8
43.701015,-79.642891,L4T,Mississauga,"Home Delivery",16
43.701280,-79.640001,L4T,Mississauga,"In-Store Pickup",16
43.701280,-79.640001,L4T,Mississauga,"Home Delivery",14
43.701383,-79.637813,L4T,Mississauga,"In-Store Pickup",11
43.701383,-79.637813,L4T,Mississauga,"Home Delivery",8
43.701758,-79.636808,L4T,Mississauga,"In-Store Pickup",13
43.701758,-79.636808,L4T,Mississauga,"Home Delivery",7
43.701903,-79.637739,L4T,Mississauga,"In-Store Pickup",7
43.701903,-79.637739,L4T,Mississauga,"Home Delivery",18
43.701918,-79.643234,L4T,Mississauga,"In-Store Pickup",11
43.701918,-79.643234,L4T,Mississauga,"Home Delivery",6
43.702038,-79.642673,L4T,Mississauga,"In-Store Pickup",7
43.702038,-79.642673,L4T,Mississauga,"Home Delivery",7
43.702292,-79.638709,L4T,Mississauga,"In-Store Pickup",17
43.702292,-79.638709,L4T,Mississauga,"Home Delivery",10
43.702410,-79.640343,L4T,Mississauga,"In-Store Pickup",13
43.702410,-79.640343,L4T,Mississauga,"Home Delivery",13
43.702438,-79.641356,L4T,Mississauga,"In-Store Pickup",13
43.702438,-79.641356,L4T,Mississauga,"Home Delivery",12
43.702819,-79.644465,L4T,Mississauga,"In-Store Pickup",15
43.702819,-79.644465,L4T,Mississauga,"Home Delivery",14
43.703030,-79.644976,L4T,Mississauga,"In-Store Pickup",12
43.703030,-79.644976,L4T,Mississauga,"Home Delivery",10
43.703133,-79.642282,L4T,Mississauga,"In-Store Pickup",14
43.703133,-79.642282,L4T,Mississauga,"Home Delivery",17
43.703163,-79.639474,L4T,Mississauga,"In-Store Pickup",11
43.703163,-79.639474,L4T,Mississauga,"Home Delivery",12
43.703202,-79.637947,L4T,Mississauga,"In-Store Pickup",11
43.703202,-79.637947,L4T,Mississauga,"Home Delivery",11
43.703290,-79.636953,L4T,Mississauga,"In-Store Pickup",17
43.703290,-79.636953,L4T,Mississauga,"Home Delivery",8
43.703393,-79.637498,L4T,Mississauga,"In-Store Pickup",16
43.703393,-79.637498,L4T,Mississauga,"Home Delivery",9
43.703410,-79.643886,L4T,Mississauga,"In-Store Pickup",11
43.703410,-79.643886,L4T,Mississauga,"Home Delivery",7
43.703605,-79.639021,L4T,Mississauga,"In-Store Pickup",15
43.703605,-79.639021,L4T,Mississauga,"Home Delivery",10
43.703659,-79.639996,L4T,Mississauga,"In-Store Pickup",10
43.703659,-79.639996,L4T,Mississauga,"Home Delivery",10
43.703746,-79.645173,L4T,Mississauga,"In-Store Pickup",12
43.703746,-79.645173,L4T,Mississauga,"Home Delivery",17
43.703776,-79.641109,L4T,Mississauga,"In-Store Pickup",8
43.703776,-79.641109,L4T,Mississauga,"Home Delivery",7
43.703868,-79.642642,L4T,Mississauga,"In-Store Pickup",12
43.703868,-79.642642,L4T,Mississauga,"Home Delivery",6
43.703959,-79.641581,L4T,Mississauga,"In-Store Pickup",11
43.703959,-79.641581,L4T,Mississauga,"Home Delivery",11
43.704107,-79.640676,L4T,Mississauga,"In-Store Pickup",14
43.704107,-79.640676,L4T,Mississauga,"Home Delivery",12
43.704328,-79.641753,L4T,Mississauga,"In-Store Pickup",9
43.704328,-79.641753,L4T,Mississauga,"Home Delivery",12
43.704349,-79.643035,L4T,Mississauga,"In-Store Pickup",10
43.704349,-79.643035,L4T,Mississauga,"Home Delivery",12
43.704562,-79.642528,L4T,Mississauga,"In-Store Pickup",12
43.704562,-79.642528,L4T,Mississauga,"Home Delivery",7
43.704932,-79.639587,L4T,Mississauga,"In-Store Pickup",16
43.704932,-79.639587,L4T,Mississauga,"Home Delivery",13
43.704933,-79.643928,L4T,Mississauga,"In-Store Pickup",7
43.704933,-79.643928,L4T,Mississauga,"Home Delivery",10
43.705014,-79.637131,L4T,Mississauga,"In-Store Pickup",4
43.705014,-79.637131,L4T,Mississauga,"Home Delivery",9
43.705028,-79.637388,L4T,Mississauga,"In-Store Pickup",13
43.705028,-79.637388,L4T,Mississauga,"Home Delivery",8
43.705043,-79.644448,L4T,Mississauga,"In-Store Pickup",13
43.705043,-79.644448,L4T,Mississauga,"Home Delivery",13
43.705045,-79.645456,L4T,Mississauga,"In-Store Pickup",6
43.705045,-79.645456,L4T,Mississauga,"Home Delivery",7
43.705083,-79.645001,L4T,Mississauga,"In-Store Pickup",11
43.705083,-79.645001,L4T,Mississauga,"Home Delivery",16
43.705189,-79.646000,L4T,Mississauga,"In-Store Pickup",6
43.705189,-79.646000,L4T,Mississauga,"Home Delivery",9
43.705272,-79.645219,L4T,Mississauga,"In-Store Pickup",6
43.705272,-79.645219,L4T,Mississauga,"Home Delivery",9
43.705294,-79.636276,L4T,Mississauga,"In-Store Pickup",14
43.705294,-79.636276,L4T,Mississauga,"Home Delivery",9
43.705310,-79.642225,L4T,Mississauga,"In-Store Pickup",10
43.705310,-79.642225,L4T,Mississauga,"Home Delivery",15
43.705344,-79.643315,L4T,Mississauga,"In-Store Pickup",9
43.705344,-79.643315,L4T,Mississauga,"Home Delivery",12
43.705367,-79.644089,L4T,Mississauga,"In-Store Pickup",7
43.705367,-79.644089,L4T,Mississauga,"Home Delivery",11
43.705470,-79.638060,L4T,Mississauga,"In-Store Pickup",8
43.705470,-79.638060,L4T,Mississauga,"Home Delivery",13
43.705711,-79.642714,L4T,Mississauga,"In-Store Pickup",14
43.705711,-79.642714,L4T,Mississauga,"Home Delivery",12
43.705938,-79.643397,L4T,Mississauga,"In-Store Pickup",16
43.705938,-79.643397,L4T,Mississauga,"Home Delivery",3
43.706032,-79.644115,L4T,Mississauga,"In-Store Pickup",10
43.706032,-79.644115,L4T,Mississauga,"Home Delivery",11
43.706437,-79.643299,L4T,Mississauga,"In-Store Pickup",14
43.706437,-79.643299,L4T,Mississauga,"Home Delivery",10
43.706486,-79.641001,L4T,Mississauga,"In-Store Pickup",10
43.706486,-79.641001,L4T,Mississauga,"Home Delivery",13
43.706742,-79.641834,L4T,Mississauga,"In-Store Pickup",5
43.706742,-79.641834,L4T,Mississauga,"Home Delivery",13
43.706838,-79.645410,L4T,Mississauga,"In-Store Pickup",8
43.706838,-79.645410,L4T,Mississauga,"Home Delivery",5
43.706941,-79.638257,L4T,Mississauga,"In-Store Pickup",10
43.706941,-79.638257,L4T,Mississauga,"Home Delivery",13
43.706967,-79.639709,L4T,Mississauga,"In-Store Pickup",12
43.706967,-79.639709,L4T,Mississauga,"Home Delivery",9
43.707059,-79.637298,L4T,Mississauga,"In-Store Pickup",11
43.707059,-79.637298,L4T,Mississauga,"Home Delivery",11
43.707079,-79.637544,L4T,Mississauga,"In-Store Pickup",17
43.707079,-79.637544,L4T,Mississauga,"Home Delivery",9
43.707108,-79.636444,L4T,Mississauga,"In-Store Pickup",11
43.707108,-79.636444,L4T,Mississauga,"Home Delivery",14
43.707292,-79.641642,L4T,Mississauga,"In-Store Pickup",5
43.707292,-79.641642,L4T,Mississauga,"Home Delivery",7
43.707381,-79.638109,L4T,Mississauga,"In-Store Pickup",13
43.707381,-79.638109,L4T,Mississauga,"Home Delivery",10
43.707426,-79.644731,L4T,Mississauga,"In-Store Pickup",15
43.707426,-79.644731,L4T,Mississauga,"Home Delivery",11
43.707515,-79.640038,L4T,Mississauga,"In-Store Pickup",9
43.707515,-79.640038,L4T,Mississauga,"Home Delivery",11
43.707552,-79.640114,L4T,Mississauga,"In-Store Pickup",8
43.707552,-79.640114,L4T,Mississauga,"Home Delivery",9
43.707663,-79.638313,L4T,Mississauga,"In-Store Pickup",9
43.707663,-79.638313,L4T,Mississauga,"Home Delivery",12
43.707682,-79.637117,L4T,Mississauga,"In-Store Pickup",9
43.707682,-79.637117,L4T,Mississauga,"Home Delivery",12
43.707704,-79.639584,L4T,Mississauga,"In-Store Pickup",8
43.707704,-79.639584,L4T,Mississauga,"Home Delivery",6
43.707936,-79.643556,L4T,Mississauga,"In-Store Pickup",12
43.707936,-79.643556,L4T,Mississauga,"Home Delivery",15
43.708110,-79.643349,L4T,Mississauga,"In-Store Pickup",10
43.708110,-79.643349,L4T,Mississauga,"Home Delivery",10
43.708157,-79.639543,L4T,Mississauga,"In-Store Pickup",12
43.708157,-79.639543,L4T,Mississauga,"Home Delivery",9
43.708176,-79.636573,L4T,Mississauga,"In-Store Pickup",5
43.708176,-79.636573,L4T,Mississauga,"Home Delivery",8
43.708233,-79.643397,L4T,Mississauga,"In-Store Pickup",9
43.708233,-79.643397,L4T,Mississauga,"Home Delivery",12
43.708295,-79.639512,L4T,Mississauga,"In-Store Pickup",12
43.708295,-79.639512,L4T,Mississauga,"Home Delivery",9
43.708320,-79.637037,L4T,Mississauga,"In-Store Pickup",14
43.708320,-79.637037,L4T,Mississauga,"Home Delivery",18
43.708371,-79.640988,L4T,Mississauga,"In-Store Pickup",17
43.708371,-79.640988,L4T,Mississauga,"Home Delivery",16
43.708421,-79.642661,L4T,Mississauga,"In-Store Pickup",9
43.708421,-79.642661,L4T,Mississauga,"Home Delivery",13
43.708494,-79.641388,L4T,Mississauga,"In-Store Pickup",12
43.708494,-79.641388,L4T,Mississauga,"Home Delivery",9
43.708540,-79.641070,L4T,Mississauga,"In-Store Pickup",6
43.708540,-79.641070,L4T,Mississauga,"Home Delivery",7
43.708610,-79.638812,L4T,Mississauga,"In-Store Pickup",15
43.708610,-79.638812,L4T,Mississauga,"Home Delivery",16
43.708752,-79.643583,L4T,Mississauga,"In-Store Pickup",14
43.708752,-79.643583,L4T,Mississauga,"Home Delivery",5
43.708846,-79.643170,L4T,Mississauga,"In-Store Pickup",5
43.708846,-79.643170,L4T,Mississauga,"Home Delivery",19
43.708921,-79.644334,L4T,Mississauga,"In-Store Pickup",14
43.708921,-79.644334,L4T,Mississauga,"Home Delivery",9
43.708970,-79.638946,L4T,Mississauga,"In-Store Pickup",4
43.708970,-79.638946,L4T,Mississauga,"Home Delivery",9
43.709001,-79.638858,L4T,Mississauga,"In-Store Pickup",14
43.709001,-79.638858,L4T,Mississauga,"Home Delivery",11
43.709006,-79.640618,L4T,Mississauga,"In-Store Pickup",11
43.709006,-79.640618,L4T,Mississauga,"Home Delivery",13
43.709022,-79.638034,L4T,Mississauga,"In-Store Pickup",10
43.709022,-79.638034,L4T,Mississauga,"Home Delivery",10
43.709035,-79.592492,M9W,Etobicoke,"In-Store Pickup",12
43.709035,-79.592492,M9W,Etobicoke,"Home Delivery",16
43.709163,-79.589768,M9W,Etobicoke,"In-Store Pickup",14
43.709163,-79.589768,M9W,Etobicoke,"Home Delivery",7
43.709242,-79.590910,M9W,Etobicoke,"In-Store Pickup",14
43.709242,-79.590910,M9W,Etobicoke,"Home Delivery",9
43.709280,-79.589073,M9W,Etobicoke,"In-Store Pickup",7
43.709280,-79.589073,M9W,Etobicoke,"Home Delivery",6
43.709310,-79.584661,M9W,Etobicoke,"In-Store Pickup",14
43.709310,-79.584661,M9W,Etobicoke,"Home Delivery",13
43.709399,-79.584678,M9W,Etobicoke,"In-Store Pickup",14
43.709399,-79.584678,M9W,Etobicoke,"Home Delivery",9
43.709427,-79.590883,M9W,Etobicoke,"In-Store Pickup",14
43.709427,-79.590883,M9W,Etobicoke,"Home Delivery",9
43.709503,-79.640798,L4T,Mississauga,"In-Store Pickup",15
43.709503,-79.640798,L4T,Mississauga,"Home Delivery",13
43.709525,-79.591645,M9W,Etobicoke,"In-Store Pickup",8
43.709525,-79.591645,M9W,Etobicoke,"Home Delivery",14
43.709542,-79.585746,M9W,Etobicoke,"In-Store Pickup",11
43.709542,-79.585746,M9W,Etobicoke,"Home Delivery",15
43.709608,-79.591144,M9W,Etobicoke,"In-Store Pickup",14
43.709608,-79.591144,M9W,Etobicoke,"Home Delivery",16
43.709629,-79.593158,M9W,Etobicoke,"In-Store Pickup",13
43.709629,-79.593158,M9W,Etobicoke,"Home Delivery",13
43.709685,-79.637496,L4T,Mississauga,"In-Store Pickup",15
43.709685,-79.637496,L4T,Mississauga,"Home Delivery",8
43.709790,-79.639327,L4T,Mississauga,"In-Store Pickup",13
43.709790,-79.639327,L4T,Mississauga,"Home Delivery",8
43.709821,-79.637921,L4T,Mississauga,"In-Store Pickup",12
43.709821,-79.637921,L4T,Mississauga,"Home Delivery",11
43.709842,-79.643030,L4T,Mississauga,"In-Store Pickup",12
43.709842,-79.643030,L4T,Mississauga,"Home Delivery",10
43.709874,-79.642714,L4T,Mississauga,"In-Store Pickup",6
43.709874,-79.642714,L4T,Mississauga,"Home Delivery",6
43.709937,-79.589497,M9W,Etobicoke,"In-Store Pickup",13
43.709937,-79.589497,M9W,Etobicoke,"Home Delivery",11
43.709941,-79.645236,L4T,Mississauga,"In-Store Pickup",6
43.709941,-79.645236,L4T,Mississauga,"Home Delivery",13
43.709947,-79.584866,M9W,Etobicoke,"In-Store Pickup",11
43.709947,-79.584866,M9W,Etobicoke,"Home Delivery",10
43.709951,-79.637259,L4T,Mississauga,"In-Store Pickup",7
43.709951,-79.637259,L4T,Mississauga,"Home Delivery",15
43.709968,-79.637895,L4T,Mississauga,"In-Store Pickup",13
43.709968,-79.637895,L4T,Mississauga,"Home Delivery",13
43.709968,-79.584298,M9W,Etobicoke,"In-Store Pickup",12
43.709968,-79.584298,M9W,Etobicoke,"Home Delivery",13
43.709976,-79.636064,L4T,Mississauga,"In-Store Pickup",23
43.709976,-79.636064,L4T,Mississauga,"Home Delivery",10
43.709987,-79.637871,L4T,Mississauga,"In-Store Pickup",10
43.709987,-79.637871,L4T,Mississauga,"Home Delivery",8
43.710073,-79.593719,M9W,Etobicoke,"In-Store Pickup",21
43.710073,-79.593719,M9W,Etobicoke,"Home Delivery",12
43.710101,-79.585934,M9W,Etobicoke,"In-Store Pickup",13
43.710101,-79.585934,M9W,Etobicoke,"Home Delivery",10
43.710106,-79.588538,M9W,Etobicoke,"In-Store Pickup",8
43.710106,-79.588538,M9W,Etobicoke,"Home Delivery",15
43.710124,-79.584443,M9W,Etobicoke,"In-Store Pickup",11
43.710124,-79.584443,M9W,Etobicoke,"Home Delivery",9
43.710240,-79.586365,M9W,Etobicoke,"In-Store Pickup",9
43.710240,-79.586365,M9W,Etobicoke,"Home Delivery",11
43.710344,-79.592353,M9W,Etobicoke,"In-Store Pickup",12
43.710344,-79.592353,M9W,Etobicoke,"Home Delivery",8
43.710637,-79.587527,M9W,Etobicoke,"In-Store Pickup",4
43.710637,-79.587527,M9W,Etobicoke,"Home Delivery",12
43.710714,-79.593895,M9W,Etobicoke,"In-Store Pickup",11
43.710714,-79.593895,M9W,Etobicoke,"Home Delivery",10
43.710742,-79.588910,M9W,Etobicoke,"In-Store Pickup",12
43.710742,-79.588910,M9W,Etobicoke,"Home Delivery",12
43.710829,-79.585043,M9W,Etobicoke,"In-Store Pickup",7
43.710829,-79.585043,M9W,Etobicoke,"Home Delivery",17
43.710938,-79.585873,M9W,Etobicoke,"In-Store Pickup",17
43.710938,-79.585873,M9W,Etobicoke,"Home Delivery",9
43.710950,-79.593601,M9W,Etobicoke,"In-Store Pickup",10
43.710950,-79.593601,M9W,Etobicoke,"Home Delivery",8
43.711127,-79.592857,M9W,Etobicoke,"In-Store Pickup",14
43.711127,-79.592857,M9W,Etobicoke,"Home Delivery",14
43.711211,-79.587270,M9W,Etobicoke,"In-Store Pickup",10
43.711211,-79.587270,M9W,Etobicoke,"Home Delivery",8
43.711244,-79.589374,M9W,Etobicoke,"In-Store Pickup",17
43.711244,-79.589374,M9W,Etobicoke,"Home Delivery",16
43.711300,-79.588559,M9W,Etobicoke,"In-Store Pickup",11
43.711300,-79.588559,M9W,Etobicoke,"Home Delivery",8
43.711341,-79.585526,M9W,Etobicoke,"In-Store Pickup",15
43.711341,-79.585526,M9W,Etobicoke,"Home Delivery",11
43.711447,-79.592667,M9W,Etobicoke,"In-Store Pickup",13
43.711447,-79.592667,M9W,Etobicoke,"Home Delivery",14
43.711491,-79.593972,M9W,Etobicoke,"In-Store Pickup",12
43.711491,-79.593972,M9W,Etobicoke,"Home Delivery",5
43.711492,-79.588187,M9W,Etobicoke,"In-Store Pickup",12
43.711492,-79.588187,M9W,Etobicoke,"Home Delivery",13
43.711740,-79.588213,M9W,Etobicoke,"In-Store Pickup",6
43.711740,-79.588213,M9W,Etobicoke,"Home Delivery",14
43.711915,-79.588969,M9W,Etobicoke,"In-Store Pickup",7
43.711915,-79.588969,M9W,Etobicoke,"Home Delivery",14
43.712223,-79.591678,M9W,Etobicoke,"In-Store Pickup",14
43.712223,-79.591678,M9W,Etobicoke,"Home Delivery",8
43.712264,-79.588384,M9W,Etobicoke,"In-Store Pickup",15
43.712264,-79.588384,M9W,Etobicoke,"Home Delivery",10
43.712324,-79.590384,M9W,Etobicoke,"In-Store Pickup",7
43.712324,-79.590384,M9W,Etobicoke,"Home Delivery",8
43.712386,-79.586605,M9W,Etobicoke,"In-Store Pickup",13
43.712386,-79.586605,M9W,Etobicoke,"Home Delivery",13
43.712428,-79.591266,M9W,Etobicoke,"In-Store Pickup",9
43.712428,-79.591266,M9W,Etobicoke,"Home Delivery",13
43.712436,-79.586882,M9W,Etobicoke,"In-Store Pickup",17
43.712436,-79.586882,M9W,Etobicoke,"Home Delivery",9
43.712499,-79.592878,M9W,Etobicoke,"In-Store Pickup",11
43.712499,-79.592878,M9W,Etobicoke,"Home Delivery",9
43.712535,-79.593597,M9W,Etobicoke,"In-Store Pickup",14
43.712535,-79.593597,M9W,Etobicoke,"Home Delivery",14
43.712569,-79.592983,M9W,Etobicoke,"In-Store Pickup",5
43.712569,-79.592983,M9W,Etobicoke,"Home Delivery",8
43.712579,-79.591329,M9W,Etobicoke,"In-Store Pickup",10
43.712579,-79.591329,M9W,Etobicoke,"Home Delivery",10
43.712903,-79.589681,M9W,Etobicoke,"In-Store Pickup",7
43.712903,-79.589681,M9W,Etobicoke,"Home Delivery",5
43.712961,-79.591740,M9W,Etobicoke,"In-Store Pickup",8
43.712961,-79.591740,M9W,Etobicoke,"Home Delivery",14
43.712969,-79.586017,M9W,Etobicoke,"In-Store Pickup",9
43.712969,-79.586017,M9W,Etobicoke,"Home Delivery",9
43.713030,-79.585402,M9W,Etobicoke,"In-Store Pickup",9
43.713030,-79.585402,M9W,Etobicoke,"Home Delivery",15
43.713031,-79.592878,M9W,Etobicoke,"In-Store Pickup",7
43.713031,-79.592878,M9W,Etobicoke,"Home Delivery",9
43.713042,-79.584666,M9W,Etobicoke,"In-Store Pickup",6
43.713042,-79.584666,M9W,Etobicoke,"Home Delivery",12
43.713104,-79.592652,M9W,Etobicoke,"In-Store Pickup",7
43.713104,-79.592652,M9W,Etobicoke,"Home Delivery",11
43.713127,-79.592538,M9W,Etobicoke,"In-Store Pickup",10
43.713127,-79.592538,M9W,Etobicoke,"Home Delivery",5
43.713148,-79.587545,M9W,Etobicoke,"In-Store Pickup",17
43.713148,-79.587545,M9W,Etobicoke,"Home Delivery",5
43.713155,-79.590896,M9W,Etobicoke,"In-Store Pickup",11
43.713155,-79.590896,M9W,Etobicoke,"Home Delivery",11
43.713434,-79.593712,M9W,Etobicoke,"In-Store Pickup",9
43.713434,-79.593712,M9W,Etobicoke,"Home Delivery",11
43.713497,-79.591351,M9W,Etobicoke,"In-Store Pickup",9
43.713497,-79.591351,M9W,Etobicoke,"Home Delivery",11
43.713558,-79.584177,M9W,Etobicoke,"In-Store Pickup",14
43.713558,-79.584177,M9W,Etobicoke,"Home Delivery",14
43.713572,-79.592804,M9W,Etobicoke,"In-Store Pickup",9
43.713572,-79.592804,M9W,Etobicoke,"Home Delivery",7
43.713697,-79.590362,M9W,Etobicoke,"In-Store Pickup",6
43.713697,-79.590362,M9W,Etobicoke,"Home Delivery",11
43.713859,-79.588452,M9W,Etobicoke,"In-Store Pickup",13
43.713859,-79.588452,M9W,Etobicoke,"Home Delivery",10
43.713982,-79.590680,M9W,Etobicoke,"In-Store Pickup",8
43.713982,-79.590680,M9W,Etobicoke,"Home Delivery",7
43.714052,-79.585659,M9W,Etobicoke,"In-Store Pickup",10
43.714052,-79.585659,M9W,Etobicoke,"Home Delivery",8
43.714086,-79.585861,M9W,Etobicoke,"In-Store Pickup",7
43.714086,-79.585861,M9W,Etobicoke,"Home Delivery",13
43.714213,-79.587576,M9W,Etobicoke,"In-Store Pickup",10
43.714213,-79.587576,M9W,Etobicoke,"Home Delivery",17
43.714442,-79.588357,M9W,Etobicoke,"In-Store Pickup",6
43.714442,-79.588357,M9W,Etobicoke,"Home Delivery",15
43.714675,-79.587710,M9W,Etobicoke,"In-Store Pickup",15
43.714675,-79.587710,M9W,Etobicoke,"Home Delivery",7
43.714775,-79.587563,M9W,Etobicoke,"In-Store Pickup",10
43.714775,-79.587563,M9W,Etobicoke,"Home Delivery",13
43.714807,-79.590597,M9W,Etobicoke,"In-Store Pickup",11
43.714807,-79.590597,M9W,Etobicoke,"Home Delivery",13
43.714813,-79.591881,M9W,Etobicoke,"In-Store Pickup",17
43.714813,-79.591881,M9W,Etobicoke,"Home Delivery",11
43.715352,-79.585925,M9W,Etobicoke,"In-Store Pickup",11
43.715352,-79.585925,M9W,Etobicoke,"Home Delivery",13
43.715610,-79.585539,M9W,Etobicoke,"In-Store Pickup",12
43.715610,-79.585539,M9W,Etobicoke,"Home Delivery",10
43.715659,-79.593993,M9W,Etobicoke,"In-Store Pickup",9
43.715659,-79.593993,M9W,Etobicoke,"Home Delivery",7
43.715692,-79.585382,M9W,Etobicoke,"In-Store Pickup",9
43.715692,-79.585382,M9W,Etobicoke,"Home Delivery",12
43.715722,-79.589852,M9W,Etobicoke,"In-Store Pickup",6
43.715722,-79.589852,M9W,Etobicoke,"Home Delivery",6
43.715816,-79.587580,M9W,Etobicoke,"In-Store Pickup",5
43.715816,-79.587580,M9W,Etobicoke,"Home Delivery",9
43.715900,-79.584673,M9W,Etobicoke,"In-Store Pickup",12
43.715900,-79.584673,M9W,Etobicoke,"Home Delivery",14
43.715903,-79.590627,M9W,Etobicoke,"In-Store Pickup",10
43.715903,-79.590627,M9W,Etobicoke,"Home Delivery",16
43.715961,-79.588054,M9W,Etobicoke,"In-Store Pickup",16
43.715961,-79.588054,M9W,Etobicoke,"Home Delivery",8
43.716063,-79.585288,M9W,Etobicoke,"In-Store Pickup",9
43.716063,-79.585288,M9W,Etobicoke,"Home Delivery",11
43.716087,-79.586624,M9W,Etobicoke,"In-Store Pickup",7
43.716087,-79.586624,M9W,Etobicoke,"Home Delivery",18
43.716208,-79.586073,M9W,Etobicoke,"In-Store Pickup",10
43.716208,-79.586073,M9W,Etobicoke,"Home Delivery",14
43.716228,-79.590363,M9W,Etobicoke,"In-Store Pickup",23
43.716228,-79.590363,M9W,Etobicoke,"Home Delivery",13
43.716291,-79.587871,M9W,Etobicoke,"In-Store Pickup",7
43.716291,-79.587871,M9W,Etobicoke,"Home Delivery",10
43.716311,-79.591405,M9W,Etobicoke,"In-Store Pickup",15
43.716311,-79.591405,M9W,Etobicoke,"Home Delivery",16
43.716449,-79.587068,M9W,Etobicoke,"In-Store Pickup",7
43.716449,-79.587068,M9W,Etobicoke,"Home Delivery",10
43.716718,-79.588565,M9W,Etobicoke,"In-Store Pickup",15
43.716718,-79.588565,M9W,Etobicoke,"Home Delivery",13
43.716796,-79.592369,M9W,Etobicoke,"In-Store Pickup",5
43.716796,-79.592369,M9W,Etobicoke,"Home Delivery",9
43.716977,-79.590798,M9W,Etobicoke,"In-Store Pickup",10
43.716977,-79.590798,M9W,Etobicoke,"Home Delivery",6
43.717017,-79.591302,M9W,Etobicoke,"In-Store Pickup",18
43.717017,-79.591302,M9W,Etobicoke,"Home Delivery",13
43.717117,-79.586808,M9W,Etobicoke,"In-Store Pickup",9
43.717117,-79.586808,M9W,Etobicoke,"Home Delivery",16
43.717245,-79.588465,M9W,Etobicoke,"In-Store Pickup",11
43.717245,-79.588465,M9W,Etobicoke,"Home Delivery",13
43.717430,-79.592842,M9W,Etobicoke,"In-Store Pickup",12
43.717430,-79.592842,M9W,Etobicoke,"Home Delivery",16
43.717443,-79.587721,M9W,Etobicoke,"In-Store Pickup",8
43.717443,-79.587721,M9W,Etobicoke,"Home Delivery",9
43.717494,-79.591414,M9W,Etobicoke,"In-Store Pickup",10
43.717494,-79.591414,M9W,Etobicoke,"Home Delivery",9
43.717550,-79.592219,M9W,Etobicoke,"In-Store Pickup",11
43.717550,-79.592219,M9W,Etobicoke,"Home Delivery",15
43.717597,-79.587212,M9W,Etobicoke,"In-Store Pickup",15
43.717597,-79.587212,M9W,Etobicoke,"Home Delivery",15
43.717607,-79.587108,M9W,Etobicoke,"In-Store Pickup",7
43.717607,-79.587108,M9W,Etobicoke,"Home Delivery",6
43.717637,-79.592763,M9W,Etobicoke,"In-Store Pickup",12
43.717637,-79.592763,M9W,Etobicoke,"Home Delivery",10
43.717639,-79.592877,M9W,Etobicoke,"In-Store Pickup",18
43.717639,-79.592877,M9W,Etobicoke,"Home Delivery",11
43.717823,-79.584994,M9W,Etobicoke,"In-Store Pickup",9
43.717823,-79.584994,M9W,Etobicoke,"Home Delivery",11
43.717838,-79.586089,M9W,Etobicoke,"In-Store Pickup",10
43.717838,-79.586089,M9W,Etobicoke,"Home Delivery",13
43.718010,-79.589491,M9W,Etobicoke,"In-Store Pickup",12
43.718010,-79.589491,M9W,Etobicoke,"Home Delivery",13
43.718013,-79.588922,M9W,Etobicoke,"In-Store Pickup",17
43.718013,-79.588922,M9W,Etobicoke,"Home Delivery",10
43.718101,-79.589059,M9W,Etobicoke,"In-Store Pickup",12
43.718101,-79.589059,M9W,Etobicoke,"Home Delivery",7
43.718471,-79.590256,M9W,Etobicoke,"In-Store Pickup",7
43.718471,-79.590256,M9W,Etobicoke,"Home Delivery",14
43.718620,-79.592703,M9W,Etobicoke,"In-Store Pickup",8
43.718620,-79.592703,M9W,Etobicoke,"Home Delivery",9
43.718634,-79.586357,M9W,Etobicoke,"In-Store Pickup",10
43.718634,-79.586357,M9W,Etobicoke,"Home Delivery",10
43.718720,-79.592409,M9W,Etobicoke,"In-Store Pickup",12
43.718720,-79.592409,M9W,Etobicoke,"Home Delivery",10
43.718748,-79.588423,M9W,Etobicoke,"In-Store Pickup",9
43.718748,-79.588423,M9W,Etobicoke,"Home Delivery",18
43.796012,-79.321025,M1W,Scarborough,"In-Store Pickup",12
43.796012,-79.321025,M1W,Scarborough,"Home Delivery",11
43.796048,-79.316587,M1W,Scarborough,"In-Store Pickup",12
43.796048,-79.316587,M1W,Scarborough,"Home Delivery",7
43.796082,-79.323130,M1W,Scarborough,"In-Store Pickup",7
43.796082,-79.323130,M1W,Scarborough,"Home Delivery",17
43.796378,-79.317871,M1W,Scarborough,"In-Store Pickup",13
43.796378,-79.317871,M1W,Scarborough,"Home Delivery",17
43.796498,-79.319888,M1W,Scarborough,"In-Store Pickup",13
43.796498,-79.319888,M1W,Scarborough,"Home Delivery",7
43.796626,-79.314702,M1W,Scarborough,"In-Store Pickup",8
43.796626,-79.314702,M1W,Scarborough,"Home Delivery",8
43.796856,-79.320422,M1W,Scarborough,"In-Store Pickup",5
43.796856,-79.320422,M1W,Scarborough,"Home Delivery",12
43.796877,-79.322903,M1W,Scarborough,"In-Store Pickup",17
43.796877,-79.322903,M1W,Scarborough,"Home Delivery",8
43.797013,-79.314795,M1W,Scarborough,"In-Store Pickup",15
43.797013,-79.314795,M1W,Scarborough,"Home Delivery",14
43.797078,-79.315695,M1W,Scarborough,"In-Store Pickup",12
43.797078,-79.315695,M1W,Scarborough,"Home Delivery",9
43.797187,-79.320023,M1W,Scarborough,"In-Store Pickup",9
43.797187,-79.320023,M1W,Scarborough,"Home Delivery",10
43.797436,-79.315579,M1W,Scarborough,"In-Store Pickup",6
43.797436,-79.315579,M1W,Scarborough,"Home Delivery",13
43.797874,-79.315216,M1W,Scarborough,"In-Store Pickup",4
43.797874,-79.315216,M1W,Scarborough,"Home Delivery",17
43.797886,-79.315051,M1W,Scarborough,"In-Store Pickup",14
43.797886,-79.315051,M1W,Scarborough,"Home Delivery",11
43.797932,-79.320287,M1W,Scarborough,"In-Store Pickup",12
43.797932,-79.320287,M1W,Scarborough,"Home Delivery",7
43.798247,-79.314585,M1W,Scarborough,"In-Store Pickup",11
43.798247,-79.314585,M1W,Scarborough,"Home Delivery",9
43.798411,-79.322041,M1W,Scarborough,"In-Store Pickup",11
43.798411,-79.322041,M1W,Scarborough,"Home Delivery",11
43.798439,-79.318070,M1W,Scarborough,"In-Store Pickup",7
43.798439,-79.318070,M1W,Scarborough,"Home Delivery",11
43.798443,-79.316432,M1W,Scarborough,"In-Store Pickup",9
43.798443,-79.316432,M1W,Scarborough,"Home Delivery",14
43.798539,-79.314426,M1W,Scarborough,"In-Store Pickup",14
43.798539,-79.314426,M1W,Scarborough,"Home Delivery",11
43.798699,-79.321972,M1W,Scarborough,"In-Store Pickup",9
43.798699,-79.321972,M1W,Scarborough,"Home Delivery",14
43.798802,-79.320532,M1W,Scarborough,"In-Store Pickup",16
43.798802,-79.320532,M1W,Scarborough,"Home Delivery",8
43.798858,-79.315004,M1W,Scarborough,"In-Store Pickup",9
43.798858,-79.315004,M1W,Scarborough,"Home Delivery",12
43.799176,-79.323762,M1W,Scarborough,"In-Store Pickup",12
43.799176,-79.323762,M1W,Scarborough,"Home Delivery",7
43.799187,-79.317034,M1W,Scarborough,"In-Store Pickup",10
43.799187,-79.317034,M1W,Scarborough,"Home Delivery",10
43.799220,-79.320688,M1W,Scarborough,"In-Store Pickup",9
43.799220,-79.320688,M1W,Scarborough,"Home Delivery",13
43.799264,-79.319904,M1W,Scarborough,"In-Store Pickup",9
43.799264,-79.319904,M1W,Scarborough,"Home Delivery",13
43.799488,-79.323550,M1W,Scarborough,"In-Store Pickup",12
43.799488,-79.323550,M1W,Scarborough,"Home Delivery",11
43.799497,-79.319063,M1W,Scarborough,"In-Store Pickup",7
43.799497,-79.319063,M1W,Scarborough,"Home Delivery",18
43.799551,-79.321205,M1W,Scarborough,"In-Store Pickup",10
43.799551,-79.321205,M1W,Scarborough,"Home Delivery",8
43.799603,-79.317039,M1W,Scarborough,"In-Store Pickup",10
43.799603,-79.317039,M1W,Scarborough,"Home Delivery",19
43.799908,-79.317081,M1W,Scarborough,"In-Store Pickup",10
43.799908,-79.317081,M1W,Scarborough,"Home Delivery",13
43.799934,-79.317488,M1W,Scarborough,"In-Store Pickup",13
43.799934,-79.317488,M1W,Scarborough,"Home Delivery",12
43.799969,-79.316063,M1W,Scarborough,"In-Store Pickup",10
43.799969,-79.316063,M1W,Scarborough,"Home Delivery",11
43.800048,-79.317255,M1W,Scarborough,"In-Store Pickup",11
43.800048,-79.317255,M1W,Scarborough,"Home Delivery",7
43.800077,-79.318208,M1W,Scarborough,"In-Store Pickup",11
43.800077,-79.318208,M1W,Scarborough,"Home Delivery",6
43.800081,-79.320302,M1W,Scarborough,"In-Store Pickup",13
43.800081,-79.320302,M1W,Scarborough,"Home Delivery",8
43.800109,-79.323654,M1W,Scarborough,"In-Store Pickup",8
43.800109,-79.323654,M1W,Scarborough,"Home Delivery",13
43.800297,-79.319392,M1W,Scarborough,"In-Store Pickup",10
43.800297,-79.319392,M1W,Scarborough,"Home Delivery",3
43.800417,-79.316341,M1W,Scarborough,"In-Store Pickup",18
43.800417,-79.316341,M1W,Scarborough,"Home Delivery",11
43.800444,-79.320990,M1W,Scarborough,"In-Store Pickup",13
43.800444,-79.320990,M1W,Scarborough,"Home Delivery",5
43.800521,-79.318019,M1W,Scarborough,"In-Store Pickup",9
43.800521,-79.318019,M1W,Scarborough,"Home Delivery",9
43.800563,-79.323640,M1W,Scarborough,"In-Store Pickup",19
43.800563,-79.323640,M1W,Scarborough,"Home Delivery",14
43.800784,-79.319395,M1W,Scarborough,"In-Store Pickup",12
43.800784,-79.319395,M1W,Scarborough,"Home Delivery",17
43.800803,-79.316242,M1W,Scarborough,"In-Store Pickup",10
43.800803,-79.316242,M1W,Scarborough,"Home Delivery",10
43.800940,-79.314758,M1W,Scarborough,"In-Store Pickup",7
43.800940,-79.314758,M1W,Scarborough,"Home Delivery",15
43.800948,-79.314229,M1W,Scarborough,"In-Store Pickup",7
43.800948,-79.314229,M1W,Scarborough,"Home Delivery",13
43.800960,-79.317629,M1W,Scarborough,"In-Store Pickup",11
43.800960,-79.317629,M1W,Scarborough,"Home Delivery",12
43.801008,-79.320809,M1W,Scarborough,"In-Store Pickup",12
43.801008,-79.320809,M1W,Scarborough,"Home Delivery",9
43.801009,-79.316242,M1W,Scarborough,"In-Store Pickup",16
43.801009,-79.316242,M1W,Scarborough,"Home Delivery",11
43.801045,-79.315243,M1W,Scarborough,"In-Store Pickup",8
43.801045,-79.315243,M1W,Scarborough,"Home Delivery",16
43.801095,-79.317952,M1W,Scarborough,"In-Store Pickup",8
43.801095,-79.317952,M1W,Scarborough,"Home Delivery",6
43.801153,-79.314745,M1W,Scarborough,"In-Store Pickup",8
43.801153,-79.314745,M1W,Scarborough,"Home Delivery",16
43.801218,-79.319630,M1W,Scarborough,"In-Store Pickup",15
43.801218,-79.319630,M1W,Scarborough,"Home Delivery",10
43.801261,-79.321808,M1W,Scarborough,"In-Store Pickup",12
43.801261,-79.321808,M1W,Scarborough,"Home Delivery",19
43.801545,-79.318036,M1W,Scarborough,"In-Store Pickup",9
43.801545,-79.318036,M1W,Scarborough,"Home Delivery",6
43.801547,-79.318870,M1W,Scarborough,"In-Store Pickup",11
43.801547,-79.318870,M1W,Scarborough,"Home Delivery",10
43.801549,-79.316402,M1W,Scarborough,"In-Store Pickup",10
43.801549,-79.316402,M1W,Scarborough,"Home Delivery",14
43.801589,-79.316595,M1W,Scarborough,"In-Store Pickup",11
43.801589,-79.316595,M1W,Scarborough,"Home Delivery",11
43.801909,-79.321293,M1W,Scarborough,"In-Store Pickup",8
43.801909,-79.321293,M1W,Scarborough,"Home Delivery",10
43.802230,-79.315298,M1W,Scarborough,"In-Store Pickup",13
43.802230,-79.315298,M1W,Scarborough,"Home Delivery",10
43.802294,-79.321789,M1W,Scarborough,"In-Store Pickup",11
43.802294,-79.321789,M1W,Scarborough,"Home Delivery",5
43.802340,-79.323300,M1W,Scarborough,"In-Store Pickup",14
43.802340,-79.323300,M1W,Scarborough,"Home Delivery",13
43.802450,-79.319918,M1W,Scarborough,"In-Store Pickup",12
43.802450,-79.319918,M1W,Scarborough,"Home Delivery",10
43.802452,-79.317399,M1W,Scarborough,"In-Store Pickup",14
43.802452,-79.317399,M1W,Scarborough,"Home Delivery",9
43.802704,-79.322501,M1W,Scarborough,"In-Store Pickup",13
43.802704,-79.322501,M1W,Scarborough,"Home Delivery",9
43.802727,-79.314647,M1W,Scarborough,"In-Store Pickup",13
43.802727,-79.314647,M1W,Scarborough,"Home Delivery",8
43.802794,-79.320164,M1W,Scarborough,"In-Store Pickup",14
43.802794,-79.320164,M1W,Scarborough,"Home Delivery",9
43.802874,-79.315575,M1W,Scarborough,"In-Store Pickup",7
43.802874,-79.315575,M1W,Scarborough,"Home Delivery",8
43.802928,-79.317135,M1W,Scarborough,"In-Store Pickup",16
43.802928,-79.317135,M1W,Scarborough,"Home Delivery",14
43.803017,-79.321369,M1W,Scarborough,"In-Store Pickup",15
43.803017,-79.321369,M1W,Scarborough,"Home Delivery",15
43.803133,-79.316047,M1W,Scarborough,"In-Store Pickup",12
43.803133,-79.316047,M1W,Scarborough,"Home Delivery",12
43.803237,-79.323389,M1W,Scarborough,"In-Store Pickup",8
43.803237,-79.323389,M1W,Scarborough,"Home Delivery",11
43.803290,-79.322818,M1W,Scarborough,"In-Store Pickup",7
43.803290,-79.322818,M1W,Scarborough,"Home Delivery",13
43.803304,-79.318634,M1W,Scarborough,"In-Store Pickup",12
43.803304,-79.318634,M1W,Scarborough,"Home Delivery",8
43.803368,-79.320076,M1W,Scarborough,"In-Store Pickup",10
43.803368,-79.320076,M1W,Scarborough,"Home Delivery",12
43.803467,-79.321431,M1W,Scarborough,"In-Store Pickup",10
43.803467,-79.321431,M1W,Scarborough,"Home Delivery",18
43.803723,-79.321705,M1W,Scarborough,"In-Store Pickup",14
43.803723,-79.321705,M1W,Scarborough,"Home Delivery",12
43.803895,-79.316124,M1W,Scarborough,"In-Store Pickup",17
43.803895,-79.316124,M1W,Scarborough,"Home Delivery",10
43.804039,-79.318120,M1W,Scarborough,"In-Store Pickup",7
43.804039,-79.318120,M1W,Scarborough,"Home Delivery",9
43.804081,-79.321474,M1W,Scarborough,"In-Store Pickup",4
43.804081,-79.321474,M1W,Scarborough,"Home Delivery",15
43.804183,-79.319884,M1W,Scarborough,"In-Store Pickup",6
43.804183,-79.319884,M1W,Scarborough,"Home Delivery",7
43.804191,-79.317230,M1W,Scarborough,"In-Store Pickup",17
43.804191,-79.317230,M1W,Scarborough,"Home Delivery",10
43.804261,-79.316812,M1W,Scarborough,"In-Store Pickup",16
43.804261,-79.316812,M1W,Scarborough,"Home Delivery",9
43.804444,-79.317659,M1W,Scarborough,"In-Store Pickup",11
43.804444,-79.317659,M1W,Scarborough,"Home Delivery",10
43.804725,-79.323134,M1W,Scarborough,"In-Store Pickup",7
43.804725,-79.323134,M1W,Scarborough,"Home Delivery",10
43.804978,-79.319541,M1W,Scarborough,"In-Store Pickup",15
43.804978,-79.319541,M1W,Scarborough,"Home Delivery",8
43.805180,-79.320060,M1W,Scarborough,"In-Store Pickup",16
43.805180,-79.320060,M1W,Scarborough,"Home Delivery",13
43.805257,-79.320400,M1W,Scarborough,"In-Store Pickup",13
43.805257,-79.320400,M1W,Scarborough,"Home Delivery",9
43.805392,-79.319072,M1W,Scarborough,"In-Store Pickup",7
43.805392,-79.319072,M1W,Scarborough,"Home Delivery",10
43.805406,-79.323588,M1W,Scarborough,"In-Store Pickup",11
43.805406,-79.323588,M1W,Scarborough,"Home Delivery",15
43.805700,-79.319190,M1W,Scarborough,"In-Store Pickup",8
43.805700,-79.319190,M1W,Scarborough,"Home Delivery",14
43.805774,-79.320636,M1W,Scarborough,"In-Store Pickup",14
43.805774,-79.320636,M1W,Scarborough,"Home Delivery",8
43.805821,-79.322829,M1W,Scarborough,"In-Store Pickup",13
43.805821,-79.322829,M1W,Scarborough,"Home Delivery",13
