year-month,ing_id,ing_name,avg_stock,stock_volatility,volatility_index,risk_tier
2023-02,ing001,"Flatbread Dough (8-pack)",18.62,7.81,0.42,"Yellow Warning (Moderately Shifting)"
2023-02,ing002,"Roasted Red Peppers",22.00,0,0,"Green Healthy (Rock-Solid Stability)"
2023-02,ing003,"Goat Cheese",11.17,1.67,0.15,"Green Healthy (Rock-Solid Stability)"
2023-02,ing004,"Black Olives",26.17,1.07,0.04,"Green Healthy (Rock-Solid Stability)"
2023-02,ing005,"Sun-Dried Tomatoes",18.00,0,0,"Green Healthy (Rock-Solid Stability)"
2023-02,ing006,"Spicy Chicken",9.00,1.36,0.15,"Green Healthy (Rock-Solid Stability)"
2023-02,ing007,Jalapenos,17.69,3.27,0.18,"Green Healthy (Rock-Solid Stability)"
2023-02,ing008,"Smoked Gouda",10.38,2.02,0.19,"Green Healthy (Rock-Solid Stability)"
2023-02,ing009,"Chipotle Sauce",18.08,1.33,0.07,"Green Healthy (Rock-Solid Stability)"
2023-02,ing010,"Wild Mushrooms",9.38,4.5,0.48,"Yellow Warning (Moderately Shifting)"
2023-02,ing011,"Truffle Oil",4.54,1.45,0.32,"Yellow Warning (Moderately Shifting)"
2023-02,ing012,Mozzarella,17.85,2.93,0.16,"Green Healthy (Rock-Solid Stability)"
2023-02,ing013,"Fresh Spinach",13.46,2.44,0.18,"Green Healthy (Rock-Solid Stability)"
2023-02,ing014,"Italian Sausage",8.85,1.83,0.21,"Yellow Warning (Moderately Shifting)"
2023-02,ing015,"Roasted Garlic",16.77,1.37,0.08,"Green Healthy (Rock-Solid Stability)"
2023-02,ing016,"Red Onion",19.00,3.66,0.19,"Green Healthy (Rock-Solid Stability)"
2023-02,ing017,"Fresh Basil",8.69,0.72,0.08,"Green Healthy (Rock-Solid Stability)"
2023-02,ing018,"Smoked Salmon",-3.33,6.11,-1.83,"Red Alert (Wildly Volatile)"
2023-02,ing019,"Dill Cream Cheese",8.75,2.05,0.23,"Yellow Warning (Moderately Shifting)"
2023-02,ing020,Capers,9.67,0.47,0.05,"Green Healthy (Rock-Solid Stability)"
2023-02,ing021,Arugula,15.67,0.47,0.03,"Green Healthy (Rock-Solid Stability)"
2023-02,ing022,"BBQ Brisket",7.67,1.55,0.2,"Yellow Warning (Moderately Shifting)"
2023-02,ing023,"Cheddar Cheese",12.23,1.97,0.16,"Green Healthy (Rock-Solid Stability)"
2023-02,ing024,"BBQ Sauce",16.92,0.76,0.04,"Green Healthy (Rock-Solid Stability)"
2023-02,ing025,"Tandoori Chicken",9.62,1.82,0.19,"Green Healthy (Rock-Solid Stability)"
2023-02,ing026,"Mint Yogurt",12.38,0.74,0.06,"Green Healthy (Rock-Solid Stability)"
2023-02,ing027,"Green Chilli",9.00,0,0,"Green Healthy (Rock-Solid Stability)"
2023-02,ing028,"Grilled Pineapple",9.00,1.36,0.15,"Green Healthy (Rock-Solid Stability)"
2023-02,ing029,"Pulled Pork",4.85,1.66,0.34,"Yellow Warning (Moderately Shifting)"
2023-02,ing030,"Truffle Fries",20.91,3.03,0.14,"Green Healthy (Rock-Solid Stability)"
2023-02,ing031,Parmesan,10.00,0,0,"Green Healthy (Rock-Solid Stability)"
2023-02,ing032,"Cauliflower Florets",16.27,2.83,0.17,"Green Healthy (Rock-Solid Stability)"
2023-02,ing033,"Buffalo Sauce",14.45,0.5,0.03,"Green Healthy (Rock-Solid Stability)"
2023-02,ing034,Ranch,14.00,0,0,"Green Healthy (Rock-Solid Stability)"
2023-02,ing035,"Garlic Knots",29.45,3.39,0.12,"Green Healthy (Rock-Solid Stability)"
2023-02,ing036,Kale,20.00,0,0,"Green Healthy (Rock-Solid Stability)"
2023-02,ing037,Spinach,14.92,1.85,0.12,"Green Healthy (Rock-Solid Stability)"
2023-02,ing038,Avocado,15.00,0,0,"Green Healthy (Rock-Solid Stability)"
2023-02,ing039,"Mixed Seeds",17.00,0,0,"Green Healthy (Rock-Solid Stability)"
2023-02,ing040,"Caramel Filling",11.67,1.75,0.15,"Green Healthy (Rock-Solid Stability)"
2023-02,ing041,"Chocolate Syrup",18.00,0,0,"Green Healthy (Rock-Solid Stability)"
2023-02,ing042,"Espresso Panna Base",10.09,1.31,0.13,"Green Healthy (Rock-Solid Stability)"
2023-02,ing043,"Vanilla Syrup",10.00,0,0,"Green Healthy (Rock-Solid Stability)"
2023-02,ing044,"Berry Mix",20.64,0.77,0.04,"Green Healthy (Rock-Solid Stability)"
2023-02,ing045,"Oat Crumble",17.18,0.39,0.02,"Green Healthy (Rock-Solid Stability)"
2023-02,ing046,"Mango Sticky Rice Mix",16.10,2.88,0.18,"Green Healthy (Rock-Solid Stability)"
2023-02,ing047,"Cold Brew Coffee",49.30,13.26,0.27,"Yellow Warning (Moderately Shifting)"
2023-02,ing048,"Cold Brew Coffee 1.5L",32.64,9.03,0.28,"Yellow Warning (Moderately Shifting)"
2023-02,ing050,"Ginger Fizz 1.5L",30.92,10.21,0.33,"Yellow Warning (Moderately Shifting)"
2023-02,ing051,"Lime Mint Sparkle 33cl",59.69,12.47,0.21,"Yellow Warning (Moderately Shifting)"
2023-02,ing052,"Lime Mint Sparkle 1.5L",27.62,10.17,0.37,"Yellow Warning (Moderately Shifting)"
2023-02,ing053,"Berry Kombucha 33cl",54.64,12.46,0.23,"Yellow Warning (Moderately Shifting)"
2023-02,ing049,"Ginger Fizz 33cl",62.00,12.65,0.2,"Yellow Warning (Moderately Shifting)"
2023-02,ing054,"Berry Kombucha 1.5L",32.80,9.97,0.3,"Yellow Warning (Moderately Shifting)"
2023-03,ing001,"Flatbread Dough (8-pack)",8.06,10.5,1.3,"Red Alert (Wildly Volatile)"
2023-03,ing002,"Roasted Red Peppers",18.57,2.01,0.11,"Green Healthy (Rock-Solid Stability)"
2023-03,ing003,"Goat Cheese",10.73,1.48,0.14,"Green Healthy (Rock-Solid Stability)"
2023-03,ing004,"Black Olives",20.57,3.42,0.17,"Green Healthy (Rock-Solid Stability)"
2023-03,ing005,"Sun-Dried Tomatoes",14.60,1.96,0.13,"Green Healthy (Rock-Solid Stability)"
2023-03,ing006,"Spicy Chicken",8.19,1.38,0.17,"Green Healthy (Rock-Solid Stability)"
2023-03,ing007,Jalapenos,15.84,3.11,0.2,"Yellow Warning (Moderately Shifting)"
2023-03,ing008,"Smoked Gouda",9.13,1.74,0.19,"Green Healthy (Rock-Solid Stability)"
2023-03,ing009,"Chipotle Sauce",15.84,2.3,0.15,"Green Healthy (Rock-Solid Stability)"
2023-03,ing011,"Truffle Oil",4.87,1.18,0.24,"Yellow Warning (Moderately Shifting)"
2023-03,ing012,Mozzarella,17.61,3.07,0.17,"Green Healthy (Rock-Solid Stability)"
2023-03,ing014,"Italian Sausage",8.74,1.83,0.21,"Yellow Warning (Moderately Shifting)"
2023-03,ing015,"Roasted Garlic",13.90,2.41,0.17,"Green Healthy (Rock-Solid Stability)"
2023-03,ing016,"Red Onion",16.71,3.36,0.2,"Yellow Warning (Moderately Shifting)"
2023-03,ing017,"Fresh Basil",7.87,1.1,0.14,"Green Healthy (Rock-Solid Stability)"
2023-03,ing018,"Smoked Salmon",-5.48,4.96,-0.9,"Red Alert (Wildly Volatile)"
2023-03,ing019,"Dill Cream Cheese",8.71,1.8,0.21,"Yellow Warning (Moderately Shifting)"
2023-03,ing020,Capers,8.45,1.04,0.12,"Green Healthy (Rock-Solid Stability)"
2023-03,ing021,Arugula,12.71,1.71,0.13,"Green Healthy (Rock-Solid Stability)"
2023-03,ing022,"BBQ Brisket",6.93,1.44,0.21,"Yellow Warning (Moderately Shifting)"
2023-03,ing023,"Cheddar Cheese",10.90,1.78,0.16,"Green Healthy (Rock-Solid Stability)"
2023-03,ing024,"BBQ Sauce",13.53,2.12,0.16,"Green Healthy (Rock-Solid Stability)"
2023-03,ing025,"Tandoori Chicken",8.59,1.45,0.17,"Green Healthy (Rock-Solid Stability)"
2023-03,ing026,"Mint Yogurt",10.66,0.88,0.08,"Green Healthy (Rock-Solid Stability)"
2023-03,ing027,"Green Chilli",8.55,0.62,0.07,"Green Healthy (Rock-Solid Stability)"
2023-03,ing028,"Grilled Pineapple",9.27,1.57,0.17,"Green Healthy (Rock-Solid Stability)"
2023-03,ing029,"Pulled Pork",5.53,1.63,0.29,"Yellow Warning (Moderately Shifting)"
2023-03,ing030,"Truffle Fries",18.57,3.33,0.18,"Green Healthy (Rock-Solid Stability)"
2023-03,ing031,Parmesan,10.00,0,0,"Green Healthy (Rock-Solid Stability)"
2023-03,ing032,"Cauliflower Florets",16.21,2.94,0.18,"Green Healthy (Rock-Solid Stability)"
2023-03,ing033,"Buffalo Sauce",13.29,0.45,0.03,"Green Healthy (Rock-Solid Stability)"
2023-03,ing034,Ranch,14.00,0,0,"Green Healthy (Rock-Solid Stability)"
2023-03,ing035,"Garlic Knots",25.97,4.37,0.17,"Green Healthy (Rock-Solid Stability)"
2023-03,ing036,Kale,16.86,1.68,0.1,"Green Healthy (Rock-Solid Stability)"
2023-03,ing037,Spinach,13.82,2.48,0.18,"Green Healthy (Rock-Solid Stability)"
2023-03,ing038,Avocado,13.68,0.6,0.04,"Green Healthy (Rock-Solid Stability)"
2023-03,ing039,"Mixed Seeds",16.07,0.26,0.02,"Green Healthy (Rock-Solid Stability)"
2023-03,ing040,"Caramel Filling",11.47,1.69,0.15,"Green Healthy (Rock-Solid Stability)"
2023-03,ing041,"Chocolate Syrup",18.00,0,0,"Green Healthy (Rock-Solid Stability)"
2023-03,ing042,"Espresso Panna Base",8.78,1.4,0.16,"Green Healthy (Rock-Solid Stability)"
2023-03,ing043,"Vanilla Syrup",10.00,0,0,"Green Healthy (Rock-Solid Stability)"
2023-03,ing044,"Berry Mix",17.08,2.25,0.13,"Green Healthy (Rock-Solid Stability)"
2023-03,ing045,"Oat Crumble",13.77,1.28,0.09,"Green Healthy (Rock-Solid Stability)"
2023-03,ing047,"Cold Brew Coffee",43.14,10.49,0.24,"Yellow Warning (Moderately Shifting)"
2023-03,ing048,"Cold Brew Coffee 1.5L",29.80,6.25,0.21,"Yellow Warning (Moderately Shifting)"
2023-03,ing049,"Ginger Fizz 33cl",51.28,11.2,0.22,"Yellow Warning (Moderately Shifting)"
2023-03,ing052,"Lime Mint Sparkle 1.5L",33.69,6.9,0.2,"Yellow Warning (Moderately Shifting)"
2023-03,ing053,"Berry Kombucha 33cl",48.93,11.88,0.24,"Yellow Warning (Moderately Shifting)"
2023-03,ing054,"Berry Kombucha 1.5L",27.71,8.05,0.29,"Yellow Warning (Moderately Shifting)"
2023-03,ing010,"Wild Mushrooms",9.30,3.27,0.35,"Yellow Warning (Moderately Shifting)"
2023-03,ing013,"Fresh Spinach",13.13,2.25,0.17,"Green Healthy (Rock-Solid Stability)"
2023-03,ing046,"Mango Sticky Rice Mix",15.41,2.6,0.17,"Green Healthy (Rock-Solid Stability)"
2023-03,ing051,"Lime Mint Sparkle 33cl",56.23,12.58,0.22,"Yellow Warning (Moderately Shifting)"
2023-03,ing050,"Ginger Fizz 1.5L",33.35,11.37,0.34,"Yellow Warning (Moderately Shifting)"
2023-04,ing001,"Flatbread Dough (8-pack)",7.00,12.06,1.72,"Red Alert (Wildly Volatile)"
2023-04,ing002,"Roasted Red Peppers",16.40,2.8,0.17,"Green Healthy (Rock-Solid Stability)"
2023-04,ing003,"Goat Cheese",10.60,1.93,0.18,"Green Healthy (Rock-Solid Stability)"
2023-04,ing004,"Black Olives",22.57,3.54,0.16,"Green Healthy (Rock-Solid Stability)"
2023-04,ing005,"Sun-Dried Tomatoes",13.57,2.06,0.15,"Green Healthy (Rock-Solid Stability)"
2023-04,ing007,Jalapenos,16.77,2.74,0.16,"Green Healthy (Rock-Solid Stability)"
2023-04,ing010,"Wild Mushrooms",8.27,2.62,0.32,"Yellow Warning (Moderately Shifting)"
2023-04,ing011,"Truffle Oil",4.60,1.23,0.27,"Yellow Warning (Moderately Shifting)"
2023-04,ing012,Mozzarella,17.70,2.87,0.16,"Green Healthy (Rock-Solid Stability)"
2023-04,ing013,"Fresh Spinach",12.50,2.26,0.18,"Green Healthy (Rock-Solid Stability)"
2023-04,ing014,"Italian Sausage",8.89,1.76,0.2,"Yellow Warning (Moderately Shifting)"
2023-04,ing015,"Roasted Garlic",14.46,2.85,0.2,"Yellow Warning (Moderately Shifting)"
2023-04,ing016,"Red Onion",16.80,3.05,0.18,"Green Healthy (Rock-Solid Stability)"
2023-04,ing017,"Fresh Basil",8.89,1.14,0.13,"Green Healthy (Rock-Solid Stability)"
2023-04,ing018,"Smoked Salmon",-4.17,4.3,-1.03,"Red Alert (Wildly Volatile)"
2023-04,ing019,"Dill Cream Cheese",9.28,1.6,0.17,"Green Healthy (Rock-Solid Stability)"
2023-04,ing020,Capers,8.72,0.45,0.05,"Green Healthy (Rock-Solid Stability)"
2023-04,ing021,Arugula,16.72,0.45,0.03,"Green Healthy (Rock-Solid Stability)"
2023-04,ing022,"BBQ Brisket",7.20,1.33,0.18,"Green Healthy (Rock-Solid Stability)"
2023-04,ing023,"Cheddar Cheese",11.00,2.08,0.19,"Green Healthy (Rock-Solid Stability)"
2023-04,ing024,"BBQ Sauce",13.20,2.3,0.17,"Green Healthy (Rock-Solid Stability)"
2023-04,ing025,"Tandoori Chicken",7.83,1.51,0.19,"Green Healthy (Rock-Solid Stability)"
2023-04,ing026,"Mint Yogurt",10.10,1.92,0.19,"Green Healthy (Rock-Solid Stability)"
2023-04,ing027,"Green Chilli",5.97,1.47,0.25,"Yellow Warning (Moderately Shifting)"
2023-04,ing028,"Grilled Pineapple",9.62,1.63,0.17,"Green Healthy (Rock-Solid Stability)"
2023-04,ing029,"Pulled Pork",5.83,1.68,0.29,"Yellow Warning (Moderately Shifting)"
2023-04,ing030,"Truffle Fries",20.59,3.55,0.17,"Green Healthy (Rock-Solid Stability)"
2023-04,ing031,Parmesan,10.00,0,0,"Green Healthy (Rock-Solid Stability)"
2023-04,ing032,"Cauliflower Florets",16.00,2.55,0.16,"Green Healthy (Rock-Solid Stability)"
2023-04,ing033,"Buffalo Sauce",11.80,1.06,0.09,"Green Healthy (Rock-Solid Stability)"
2023-04,ing034,Ranch,14.00,0,0,"Green Healthy (Rock-Solid Stability)"
2023-04,ing035,"Garlic Knots",23.88,3.1,0.13,"Green Healthy (Rock-Solid Stability)"
2023-04,ing036,Kale,13.63,0.55,0.04,"Green Healthy (Rock-Solid Stability)"
2023-04,ing037,Spinach,14.44,2.56,0.18,"Green Healthy (Rock-Solid Stability)"
2023-04,ing038,Avocado,13.00,0,0,"Green Healthy (Rock-Solid Stability)"
2023-04,ing039,"Mixed Seeds",16.00,0,0,"Green Healthy (Rock-Solid Stability)"
2023-04,ing040,"Caramel Filling",11.81,1.94,0.16,"Green Healthy (Rock-Solid Stability)"
2023-04,ing041,"Chocolate Syrup",18.00,0,0,"Green Healthy (Rock-Solid Stability)"
2023-04,ing044,"Berry Mix",15.96,1.34,0.08,"Green Healthy (Rock-Solid Stability)"
2023-04,ing045,"Oat Crumble",15.79,2.36,0.15,"Green Healthy (Rock-Solid Stability)"
2023-04,ing047,"Cold Brew Coffee",44.17,9.94,0.23,"Yellow Warning (Moderately Shifting)"
2023-04,ing048,"Cold Brew Coffee 1.5L",29.30,9.5,0.32,"Yellow Warning (Moderately Shifting)"
2023-04,ing049,"Ginger Fizz 33cl",54.76,11.87,0.22,"Yellow Warning (Moderately Shifting)"
2023-04,ing050,"Ginger Fizz 1.5L",29.30,10.63,0.36,"Yellow Warning (Moderately Shifting)"
2023-04,ing051,"Lime Mint Sparkle 33cl",56.32,10.44,0.19,"Green Healthy (Rock-Solid Stability)"
2023-04,ing052,"Lime Mint Sparkle 1.5L",31.17,9.15,0.29,"Yellow Warning (Moderately Shifting)"
2023-04,ing053,"Berry Kombucha 33cl",48.42,9.58,0.2,"Yellow Warning (Moderately Shifting)"
2023-04,ing054,"Berry Kombucha 1.5L",28.57,9.48,0.33,"Yellow Warning (Moderately Shifting)"
2023-04,ing006,"Spicy Chicken",8.72,1.78,0.2,"Yellow Warning (Moderately Shifting)"
2023-04,ing008,"Smoked Gouda",9.76,1.85,0.19,"Green Healthy (Rock-Solid Stability)"
2023-04,ing009,"Chipotle Sauce",15.10,1.99,0.13,"Green Healthy (Rock-Solid Stability)"
2023-04,ing042,"Espresso Panna Base",9.68,1.39,0.14,"Green Healthy (Rock-Solid Stability)"
2023-04,ing043,"Vanilla Syrup",10.00,0,0,"Green Healthy (Rock-Solid Stability)"
2023-04,ing046,"Mango Sticky Rice Mix",14.54,2.55,0.18,"Green Healthy (Rock-Solid Stability)"
2023-05,ing001,"Flatbread Dough (8-pack)",13.42,8.66,0.65,"Red Alert (Wildly Volatile)"
2023-05,ing002,"Roasted Red Peppers",17.97,1.03,0.06,"Green Healthy (Rock-Solid Stability)"
2023-05,ing003,"Goat Cheese",10.77,1.72,0.16,"Green Healthy (Rock-Solid Stability)"
2023-05,ing004,"Black Olives",22.65,1.71,0.08,"Green Healthy (Rock-Solid Stability)"
2023-05,ing005,"Sun-Dried Tomatoes",13.97,1.03,0.07,"Green Healthy (Rock-Solid Stability)"
2023-05,ing006,"Spicy Chicken",9.03,1.83,0.2,"Yellow Warning (Moderately Shifting)"
2023-05,ing007,Jalapenos,17.06,3.44,0.2,"Yellow Warning (Moderately Shifting)"
2023-05,ing008,"Smoked Gouda",9.14,2.19,0.24,"Yellow Warning (Moderately Shifting)"
2023-05,ing009,"Chipotle Sauce",15.03,1.85,0.12,"Green Healthy (Rock-Solid Stability)"
2023-05,ing010,"Wild Mushrooms",9.77,2.28,0.23,"Yellow Warning (Moderately Shifting)"
2023-05,ing011,"Truffle Oil",4.87,1.04,0.21,"Yellow Warning (Moderately Shifting)"
2023-05,ing012,Mozzarella,17.84,2.98,0.17,"Green Healthy (Rock-Solid Stability)"
2023-05,ing013,"Fresh Spinach",13.32,2.23,0.17,"Green Healthy (Rock-Solid Stability)"
2023-05,ing014,"Italian Sausage",8.83,1.55,0.18,"Green Healthy (Rock-Solid Stability)"
2023-05,ing015,"Roasted Garlic",14.87,1.75,0.12,"Green Healthy (Rock-Solid Stability)"
2023-05,ing016,"Red Onion",17.65,2.88,0.16,"Green Healthy (Rock-Solid Stability)"
2023-05,ing017,"Fresh Basil",8.00,0,0,"Green Healthy (Rock-Solid Stability)"
2023-05,ing018,"Smoked Salmon",-4.16,4.13,-0.99,"Red Alert (Wildly Volatile)"
2023-05,ing019,"Dill Cream Cheese",8.35,2.02,0.24,"Yellow Warning (Moderately Shifting)"
2023-05,ing020,Capers,8.48,0.95,0.11,"Green Healthy (Rock-Solid Stability)"
2023-05,ing021,Arugula,13.16,1.61,0.12,"Green Healthy (Rock-Solid Stability)"
2023-05,ing022,"BBQ Brisket",7.60,1.4,0.18,"Green Healthy (Rock-Solid Stability)"
2023-05,ing023,"Cheddar Cheese",11.19,1.8,0.16,"Green Healthy (Rock-Solid Stability)"
2023-05,ing024,"BBQ Sauce",14.30,1.93,0.14,"Green Healthy (Rock-Solid Stability)"
2023-05,ing028,"Grilled Pineapple",9.17,1.6,0.17,"Green Healthy (Rock-Solid Stability)"
2023-05,ing029,"Pulled Pork",5.45,1.57,0.29,"Yellow Warning (Moderately Shifting)"
2023-05,ing030,"Truffle Fries",18.89,2.45,0.13,"Green Healthy (Rock-Solid Stability)"
2023-05,ing031,Parmesan,10.00,0,0,"Green Healthy (Rock-Solid Stability)"
2023-05,ing032,"Cauliflower Florets",15.57,2.76,0.18,"Green Healthy (Rock-Solid Stability)"
2023-05,ing033,"Buffalo Sauce",12.65,1.83,0.14,"Green Healthy (Rock-Solid Stability)"
2023-05,ing034,Ranch,14.00,0,0,"Green Healthy (Rock-Solid Stability)"
2023-05,ing035,"Garlic Knots",26.00,4.24,0.16,"Green Healthy (Rock-Solid Stability)"
2023-05,ing036,Kale,18.36,2.11,0.12,"Green Healthy (Rock-Solid Stability)"
2023-05,ing037,Spinach,13.28,2.24,0.17,"Green Healthy (Rock-Solid Stability)"
2023-05,ing038,Avocado,13.00,0,0,"Green Healthy (Rock-Solid Stability)"
2023-05,ing039,"Mixed Seeds",16.00,0,0,"Green Healthy (Rock-Solid Stability)"
2023-05,ing040,"Caramel Filling",11.30,2.12,0.19,"Green Healthy (Rock-Solid Stability)"
2023-05,ing041,"Chocolate Syrup",18.00,0,0,"Green Healthy (Rock-Solid Stability)"
2023-05,ing042,"Espresso Panna Base",9.44,1.42,0.15,"Green Healthy (Rock-Solid Stability)"
2023-05,ing043,"Vanilla Syrup",10.00,0,0,"Green Healthy (Rock-Solid Stability)"
2023-05,ing046,"Mango Sticky Rice Mix",13.14,2.18,0.17,"Green Healthy (Rock-Solid Stability)"
2023-05,ing047,"Cold Brew Coffee",50.76,10.37,0.2,"Yellow Warning (Moderately Shifting)"
2023-05,ing048,"Cold Brew Coffee 1.5L",30.11,8.65,0.29,"Yellow Warning (Moderately Shifting)"
2023-05,ing049,"Ginger Fizz 33cl",52.67,11.61,0.22,"Yellow Warning (Moderately Shifting)"
2023-05,ing050,"Ginger Fizz 1.5L",31.31,9.89,0.32,"Yellow Warning (Moderately Shifting)"
2023-05,ing051,"Lime Mint Sparkle 33cl",57.11,11.45,0.2,"Yellow Warning (Moderately Shifting)"
2023-05,ing052,"Lime Mint Sparkle 1.5L",31.25,10.54,0.34,"Yellow Warning (Moderately Shifting)"
2023-05,ing053,"Berry Kombucha 33cl",48.59,12.29,0.25,"Yellow Warning (Moderately Shifting)"
2023-05,ing054,"Berry Kombucha 1.5L",28.82,8.24,0.29,"Yellow Warning (Moderately Shifting)"
2023-05,ing025,"Tandoori Chicken",8.23,1.65,0.2,"Yellow Warning (Moderately Shifting)"
2023-05,ing026,"Mint Yogurt",10.17,1.67,0.16,"Green Healthy (Rock-Solid Stability)"
2023-05,ing027,"Green Chilli",6.33,1.22,0.19,"Green Healthy (Rock-Solid Stability)"
2023-05,ing044,"Berry Mix",17.72,2.2,0.12,"Green Healthy (Rock-Solid Stability)"
2023-05,ing045,"Oat Crumble",12.56,0.5,0.04,"Green Healthy (Rock-Solid Stability)"
2023-06,ing001,"Flatbread Dough (8-pack)",11.63,8.47,0.73,"Red Alert (Wildly Volatile)"
2023-06,ing002,"Roasted Red Peppers",15.73,2.53,0.16,"Green Healthy (Rock-Solid Stability)"
2023-06,ing003,"Goat Cheese",10.90,1.89,0.17,"Green Healthy (Rock-Solid Stability)"
2023-06,ing004,"Black Olives",20.03,2.9,0.14,"Green Healthy (Rock-Solid Stability)"
2023-06,ing005,"Sun-Dried Tomatoes",15.80,2.37,0.15,"Green Healthy (Rock-Solid Stability)"
2023-06,ing006,"Spicy Chicken",8.25,1.5,0.18,"Green Healthy (Rock-Solid Stability)"
2023-06,ing007,Jalapenos,16.97,3.17,0.19,"Green Healthy (Rock-Solid Stability)"
2023-06,ing008,"Smoked Gouda",8.96,1.95,0.22,"Yellow Warning (Moderately Shifting)"
2023-06,ing009,"Chipotle Sauce",16.39,2.5,0.15,"Green Healthy (Rock-Solid Stability)"
2023-06,ing010,"Wild Mushrooms",8.96,2.91,0.32,"Yellow Warning (Moderately Shifting)"
2023-06,ing011,"Truffle Oil",4.80,1.35,0.28,"Yellow Warning (Moderately Shifting)"
2023-06,ing012,Mozzarella,17.10,3.39,0.2,"Yellow Warning (Moderately Shifting)"
2023-06,ing013,"Fresh Spinach",13.11,1.9,0.14,"Green Healthy (Rock-Solid Stability)"
2023-06,ing014,"Italian Sausage",8.70,1.75,0.2,"Yellow Warning (Moderately Shifting)"
2023-06,ing015,"Roasted Garlic",13.73,2.49,0.18,"Green Healthy (Rock-Solid Stability)"
2023-06,ing016,"Red Onion",17.03,2.87,0.17,"Green Healthy (Rock-Solid Stability)"
2023-06,ing017,"Fresh Basil",8.50,1.18,0.14,"Green Healthy (Rock-Solid Stability)"
2023-06,ing018,"Smoked Salmon",-4.13,3.73,-0.9,"Red Alert (Wildly Volatile)"
2023-06,ing019,"Dill Cream Cheese",9.07,1.86,0.21,"Yellow Warning (Moderately Shifting)"
2023-06,ing020,Capers,9.73,1.29,0.13,"Green Healthy (Rock-Solid Stability)"
2023-06,ing021,Arugula,15.00,2.49,0.17,"Green Healthy (Rock-Solid Stability)"
2023-06,ing022,"BBQ Brisket",7.17,1.42,0.2,"Yellow Warning (Moderately Shifting)"
2023-06,ing023,"Cheddar Cheese",10.90,1.74,0.16,"Green Healthy (Rock-Solid Stability)"
2023-06,ing024,"BBQ Sauce",13.17,2.05,0.16,"Green Healthy (Rock-Solid Stability)"
2023-06,ing025,"Tandoori Chicken",8.27,1.71,0.21,"Yellow Warning (Moderately Shifting)"
2023-06,ing026,"Mint Yogurt",10.47,1.96,0.19,"Green Healthy (Rock-Solid Stability)"
2023-06,ing027,"Green Chilli",7.00,1.29,0.18,"Green Healthy (Rock-Solid Stability)"
2023-06,ing028,"Grilled Pineapple",9.03,1.47,0.16,"Green Healthy (Rock-Solid Stability)"
2023-06,ing029,"Pulled Pork",5.45,1.45,0.27,"Yellow Warning (Moderately Shifting)"
2023-06,ing030,"Truffle Fries",18.30,3.17,0.17,"Green Healthy (Rock-Solid Stability)"
2023-06,ing031,Parmesan,10.00,0,0,"Green Healthy (Rock-Solid Stability)"
2023-06,ing032,"Cauliflower Florets",15.19,2.34,0.15,"Green Healthy (Rock-Solid Stability)"
2023-06,ing033,"Buffalo Sauce",11.46,1.18,0.1,"Green Healthy (Rock-Solid Stability)"
2023-06,ing034,Ranch,13.19,0.39,0.03,"Green Healthy (Rock-Solid Stability)"
2023-06,ing035,"Garlic Knots",24.61,4.52,0.18,"Green Healthy (Rock-Solid Stability)"
2023-06,ing036,Kale,16.71,0.45,0.03,"Green Healthy (Rock-Solid Stability)"
2023-06,ing037,Spinach,13.17,2.21,0.17,"Green Healthy (Rock-Solid Stability)"
2023-06,ing038,Avocado,12.71,0.45,0.04,"Green Healthy (Rock-Solid Stability)"
2023-06,ing039,"Mixed Seeds",16.00,0,0,"Green Healthy (Rock-Solid Stability)"
2023-06,ing040,"Caramel Filling",12.13,2.03,0.17,"Green Healthy (Rock-Solid Stability)"
2023-06,ing041,"Chocolate Syrup",18.00,0,0,"Green Healthy (Rock-Solid Stability)"
2023-06,ing042,"Espresso Panna Base",10.19,1.82,0.18,"Green Healthy (Rock-Solid Stability)"
2023-06,ing043,"Vanilla Syrup",10.00,0,0,"Green Healthy (Rock-Solid Stability)"
2023-06,ing044,"Berry Mix",16.09,3.01,0.19,"Green Healthy (Rock-Solid Stability)"
2023-06,ing045,"Oat Crumble",17.04,1.46,0.09,"Green Healthy (Rock-Solid Stability)"
2023-06,ing046,"Mango Sticky Rice Mix",14.92,2.08,0.14,"Green Healthy (Rock-Solid Stability)"
2023-06,ing047,"Cold Brew Coffee",52.04,11.51,0.22,"Yellow Warning (Moderately Shifting)"
2023-06,ing048,"Cold Brew Coffee 1.5L",26.85,8.23,0.31,"Yellow Warning (Moderately Shifting)"
2023-06,ing049,"Ginger Fizz 33cl",54.08,11.19,0.21,"Yellow Warning (Moderately Shifting)"
2023-06,ing050,"Ginger Fizz 1.5L",31.67,10.9,0.34,"Yellow Warning (Moderately Shifting)"
2023-06,ing051,"Lime Mint Sparkle 33cl",59.09,11.55,0.2,"Yellow Warning (Moderately Shifting)"
2023-06,ing052,"Lime Mint Sparkle 1.5L",32.76,7.74,0.24,"Yellow Warning (Moderately Shifting)"
2023-06,ing053,"Berry Kombucha 33cl",54.13,11.23,0.21,"Yellow Warning (Moderately Shifting)"
2023-06,ing054,"Berry Kombucha 1.5L",34.61,9.76,0.28,"Yellow Warning (Moderately Shifting)"
2023-07,ing001,"Flatbread Dough (8-pack)",8.23,8.75,1.06,"Red Alert (Wildly Volatile)"
2023-07,ing002,"Roasted Red Peppers",15.39,2.94,0.19,"Green Healthy (Rock-Solid Stability)"
2023-07,ing003,"Goat Cheese",10.52,1.92,0.18,"Green Healthy (Rock-Solid Stability)"
2023-07,ing004,"Black Olives",20.10,3.58,0.18,"Green Healthy (Rock-Solid Stability)"
2023-07,ing005,"Sun-Dried Tomatoes",12.84,1.9,0.15,"Green Healthy (Rock-Solid Stability)"
2023-07,ing006,"Spicy Chicken",8.53,1.43,0.17,"Green Healthy (Rock-Solid Stability)"
2023-07,ing007,Jalapenos,16.48,2.96,0.18,"Green Healthy (Rock-Solid Stability)"
2023-07,ing008,"Smoked Gouda",9.03,1.8,0.2,"Yellow Warning (Moderately Shifting)"
2023-07,ing009,"Chipotle Sauce",16.63,2.43,0.15,"Green Healthy (Rock-Solid Stability)"
2023-07,ing010,"Wild Mushrooms",9.07,2.18,0.24,"Yellow Warning (Moderately Shifting)"
2023-07,ing011,"Truffle Oil",4.68,0.96,0.21,"Yellow Warning (Moderately Shifting)"
2023-07,ing012,Mozzarella,16.58,2.7,0.16,"Green Healthy (Rock-Solid Stability)"
2023-07,ing013,"Fresh Spinach",13.48,2.3,0.17,"Green Healthy (Rock-Solid Stability)"
2023-07,ing014,"Italian Sausage",9.24,1.63,0.18,"Green Healthy (Rock-Solid Stability)"
2023-07,ing015,"Roasted Garlic",14.21,1.9,0.13,"Green Healthy (Rock-Solid Stability)"
2023-07,ing016,"Red Onion",16.29,3.13,0.19,"Green Healthy (Rock-Solid Stability)"
2023-07,ing017,"Fresh Basil",8.55,1,0.12,"Green Healthy (Rock-Solid Stability)"
2023-07,ing018,"Smoked Salmon",-5.73,4.8,-0.84,"Red Alert (Wildly Volatile)"
2023-07,ing019,"Dill Cream Cheese",8.07,1.93,0.24,"Yellow Warning (Moderately Shifting)"
2023-07,ing020,Capers,8.10,0.79,0.1,"Green Healthy (Rock-Solid Stability)"
2023-07,ing021,Arugula,12.70,2.33,0.18,"Green Healthy (Rock-Solid Stability)"
2023-07,ing022,"BBQ Brisket",7.79,1.92,0.25,"Yellow Warning (Moderately Shifting)"
2023-07,ing023,"Cheddar Cheese",10.94,1.92,0.18,"Green Healthy (Rock-Solid Stability)"
2023-07,ing024,"BBQ Sauce",14.21,1.92,0.14,"Green Healthy (Rock-Solid Stability)"
2023-07,ing025,"Tandoori Chicken",7.93,1.73,0.22,"Yellow Warning (Moderately Shifting)"
2023-07,ing026,"Mint Yogurt",9.60,1.45,0.15,"Green Healthy (Rock-Solid Stability)"
2023-07,ing027,"Green Chilli",6.33,1.81,0.29,"Yellow Warning (Moderately Shifting)"
2023-07,ing028,"Grilled Pineapple",8.52,1.7,0.2,"Yellow Warning (Moderately Shifting)"
2023-07,ing029,"Pulled Pork",4.55,2,0.44,"Yellow Warning (Moderately Shifting)"
2023-07,ing030,"Truffle Fries",17.54,2.85,0.16,"Green Healthy (Rock-Solid Stability)"
2023-07,ing031,Parmesan,9.04,0.87,0.1,"Green Healthy (Rock-Solid Stability)"
2023-07,ing044,"Berry Mix",15.00,1.39,0.09,"Green Healthy (Rock-Solid Stability)"
2023-07,ing045,"Oat Crumble",13.27,1.63,0.12,"Green Healthy (Rock-Solid Stability)"
2023-07,ing047,"Cold Brew Coffee",47.60,10.72,0.23,"Yellow Warning (Moderately Shifting)"
2023-07,ing048,"Cold Brew Coffee 1.5L",23.93,9.61,0.4,"Yellow Warning (Moderately Shifting)"
2023-07,ing050,"Ginger Fizz 1.5L",30.68,8.54,0.28,"Yellow Warning (Moderately Shifting)"
2023-07,ing051,"Lime Mint Sparkle 33cl",58.09,9.76,0.17,"Green Healthy (Rock-Solid Stability)"
2023-07,ing052,"Lime Mint Sparkle 1.5L",28.48,6.91,0.24,"Yellow Warning (Moderately Shifting)"
2023-07,ing053,"Berry Kombucha 33cl",55.72,10.97,0.2,"Yellow Warning (Moderately Shifting)"
2023-07,ing054,"Berry Kombucha 1.5L",31.23,9.9,0.32,"Yellow Warning (Moderately Shifting)"
2023-07,ing032,"Cauliflower Florets",17.48,3.01,0.17,"Green Healthy (Rock-Solid Stability)"
2023-07,ing033,"Buffalo Sauce",14.28,1.28,0.09,"Green Healthy (Rock-Solid Stability)"
2023-07,ing034,Ranch,12.64,0.48,0.04,"Green Healthy (Rock-Solid Stability)"
2023-07,ing035,"Garlic Knots",24.92,3.72,0.15,"Green Healthy (Rock-Solid Stability)"
2023-07,ing036,Kale,14.18,0.85,0.06,"Green Healthy (Rock-Solid Stability)"
2023-07,ing037,Spinach,14.82,2.56,0.17,"Green Healthy (Rock-Solid Stability)"
2023-07,ing038,Avocado,12.00,0,0,"Green Healthy (Rock-Solid Stability)"
2023-07,ing039,"Mixed Seeds",16.00,0,0,"Green Healthy (Rock-Solid Stability)"
2023-07,ing040,"Caramel Filling",11.62,2.39,0.21,"Yellow Warning (Moderately Shifting)"
2023-07,ing041,"Chocolate Syrup",18.00,0,0,"Green Healthy (Rock-Solid Stability)"
2023-07,ing042,"Espresso Panna Base",10.04,1.34,0.13,"Green Healthy (Rock-Solid Stability)"
2023-07,ing043,"Vanilla Syrup",10.00,0,0,"Green Healthy (Rock-Solid Stability)"
2023-07,ing046,"Mango Sticky Rice Mix",14.59,2.37,0.16,"Green Healthy (Rock-Solid Stability)"
2023-07,ing049,"Ginger Fizz 33cl",53.08,10.92,0.21,"Yellow Warning (Moderately Shifting)"
2023-08,ing001,"Flatbread Dough (8-pack)",13.23,8.86,0.67,"Red Alert (Wildly Volatile)"
2023-08,ing002,"Roasted Red Peppers",17.39,2.9,0.17,"Green Healthy (Rock-Solid Stability)"
2023-08,ing003,"Goat Cheese",11.06,2.03,0.18,"Green Healthy (Rock-Solid Stability)"
2023-08,ing004,"Black Olives",20.26,3.41,0.17,"Green Healthy (Rock-Solid Stability)"
2023-08,ing005,"Sun-Dried Tomatoes",14.58,1.48,0.1,"Green Healthy (Rock-Solid Stability)"
2023-08,ing006,"Spicy Chicken",8.57,1.63,0.19,"Green Healthy (Rock-Solid Stability)"
2023-08,ing007,Jalapenos,15.68,2.97,0.19,"Green Healthy (Rock-Solid Stability)"
2023-08,ing008,"Smoked Gouda",9.53,1.82,0.19,"Green Healthy (Rock-Solid Stability)"
2023-08,ing009,"Chipotle Sauce",14.57,2.11,0.14,"Green Healthy (Rock-Solid Stability)"
2023-08,ing010,"Wild Mushrooms",10.81,2.76,0.26,"Yellow Warning (Moderately Shifting)"
2023-08,ing011,"Truffle Oil",5.00,1.19,0.24,"Yellow Warning (Moderately Shifting)"
2023-08,ing012,Mozzarella,17.87,3.1,0.17,"Green Healthy (Rock-Solid Stability)"
2023-08,ing013,"Fresh Spinach",12.35,1.71,0.14,"Green Healthy (Rock-Solid Stability)"
2023-08,ing014,"Italian Sausage",8.61,1.66,0.19,"Green Healthy (Rock-Solid Stability)"
2023-08,ing015,"Roasted Garlic",14.13,2.18,0.15,"Green Healthy (Rock-Solid Stability)"
2023-08,ing016,"Red Onion",17.58,3.07,0.17,"Green Healthy (Rock-Solid Stability)"
2023-08,ing017,"Fresh Basil",7.84,1.3,0.17,"Green Healthy (Rock-Solid Stability)"
2023-08,ing018,"Smoked Salmon",-3.00,4.73,-1.58,"Red Alert (Wildly Volatile)"
2023-08,ing019,"Dill Cream Cheese",8.90,1.87,0.21,"Yellow Warning (Moderately Shifting)"
2023-08,ing020,Capers,9.37,1.25,0.13,"Green Healthy (Rock-Solid Stability)"
2023-08,ing021,Arugula,12.17,1.07,0.09,"Green Healthy (Rock-Solid Stability)"
2023-08,ing022,"BBQ Brisket",7.52,1.5,0.2,"Yellow Warning (Moderately Shifting)"
2023-08,ing023,"Cheddar Cheese",11.45,2.01,0.18,"Green Healthy (Rock-Solid Stability)"
2023-08,ing024,"BBQ Sauce",12.93,2.14,0.17,"Green Healthy (Rock-Solid Stability)"
2023-08,ing025,"Tandoori Chicken",8.23,1.52,0.18,"Green Healthy (Rock-Solid Stability)"
2023-08,ing026,"Mint Yogurt",10.17,1.69,0.17,"Green Healthy (Rock-Solid Stability)"
2023-08,ing027,"Green Chilli",6.80,0.95,0.14,"Green Healthy (Rock-Solid Stability)"
2023-08,ing028,"Grilled Pineapple",8.28,1.78,0.21,"Yellow Warning (Moderately Shifting)"
2023-08,ing029,"Pulled Pork",5.24,2.33,0.44,"Yellow Warning (Moderately Shifting)"
2023-08,ing030,"Truffle Fries",19.00,3.3,0.17,"Green Healthy (Rock-Solid Stability)"
2023-08,ing031,Parmesan,7.74,0.53,0.07,"Green Healthy (Rock-Solid Stability)"
2023-08,ing032,"Cauliflower Florets",16.88,3.24,0.19,"Green Healthy (Rock-Solid Stability)"
2023-08,ing033,"Buffalo Sauce",12.12,2.07,0.17,"Green Healthy (Rock-Solid Stability)"
2023-08,ing034,Ranch,11.28,0.45,0.04,"Green Healthy (Rock-Solid Stability)"
2023-08,ing035,"Garlic Knots",24.56,3.61,0.15,"Green Healthy (Rock-Solid Stability)"
2023-08,ing036,Kale,14.63,2.63,0.18,"Green Healthy (Rock-Solid Stability)"
2023-08,ing037,Spinach,14.07,2.49,0.18,"Green Healthy (Rock-Solid Stability)"
2023-08,ing038,Avocado,12.00,0,0,"Green Healthy (Rock-Solid Stability)"
2023-08,ing039,"Mixed Seeds",16.00,0,0,"Green Healthy (Rock-Solid Stability)"
2023-08,ing040,"Caramel Filling",11.75,1.84,0.16,"Green Healthy (Rock-Solid Stability)"
2023-08,ing041,"Chocolate Syrup",18.00,0,0,"Green Healthy (Rock-Solid Stability)"
2023-08,ing042,"Espresso Panna Base",11.08,1.8,0.16,"Green Healthy (Rock-Solid Stability)"
2023-08,ing043,"Vanilla Syrup",10.00,0,0,"Green Healthy (Rock-Solid Stability)"
2023-08,ing047,"Cold Brew Coffee",46.24,11.79,0.25,"Yellow Warning (Moderately Shifting)"
2023-08,ing048,"Cold Brew Coffee 1.5L",28.63,8.29,0.29,"Yellow Warning (Moderately Shifting)"
2023-08,ing049,"Ginger Fizz 33cl",46.79,11.92,0.25,"Yellow Warning (Moderately Shifting)"
2023-08,ing050,"Ginger Fizz 1.5L",28.35,8.79,0.31,"Yellow Warning (Moderately Shifting)"
2023-08,ing051,"Lime Mint Sparkle 33cl",54.56,10.07,0.18,"Green Healthy (Rock-Solid Stability)"
2023-08,ing052,"Lime Mint Sparkle 1.5L",35.83,9.02,0.25,"Yellow Warning (Moderately Shifting)"
2023-08,ing053,"Berry Kombucha 33cl",53.78,11.55,0.21,"Yellow Warning (Moderately Shifting)"
2023-08,ing054,"Berry Kombucha 1.5L",30.35,9.24,0.3,"Yellow Warning (Moderately Shifting)"
2023-08,ing044,"Berry Mix",19.89,1.4,0.07,"Green Healthy (Rock-Solid Stability)"
2023-08,ing045,"Oat Crumble",16.68,1.1,0.07,"Green Healthy (Rock-Solid Stability)"
2023-08,ing046,"Mango Sticky Rice Mix",15.18,1.8,0.12,"Green Healthy (Rock-Solid Stability)"
2023-09,ing001,"Flatbread Dough (8-pack)",14.13,11.63,0.82,"Red Alert (Wildly Volatile)"
2023-09,ing002,"Roasted Red Peppers",17.87,1.75,0.1,"Green Healthy (Rock-Solid Stability)"
2023-09,ing003,"Goat Cheese",10.80,1.9,0.18,"Green Healthy (Rock-Solid Stability)"
2023-09,ing004,"Black Olives",20.47,2.17,0.11,"Green Healthy (Rock-Solid Stability)"
2023-09,ing005,"Sun-Dried Tomatoes",14.53,2.42,0.17,"Green Healthy (Rock-Solid Stability)"
2023-09,ing006,"Spicy Chicken",8.97,1.76,0.2,"Yellow Warning (Moderately Shifting)"
2023-09,ing007,Jalapenos,16.40,3.05,0.19,"Green Healthy (Rock-Solid Stability)"
2023-09,ing008,"Smoked Gouda",9.27,1.91,0.21,"Yellow Warning (Moderately Shifting)"
2023-09,ing009,"Chipotle Sauce",16.87,2.68,0.16,"Green Healthy (Rock-Solid Stability)"
2023-09,ing010,"Wild Mushrooms",9.10,3.08,0.34,"Yellow Warning (Moderately Shifting)"
2023-09,ing011,"Truffle Oil",4.69,1.05,0.22,"Yellow Warning (Moderately Shifting)"
2023-09,ing012,Mozzarella,16.63,2.71,0.16,"Green Healthy (Rock-Solid Stability)"
2023-09,ing013,"Fresh Spinach",13.07,2.02,0.15,"Green Healthy (Rock-Solid Stability)"
2023-09,ing014,"Italian Sausage",8.93,1.61,0.18,"Green Healthy (Rock-Solid Stability)"
2023-09,ing015,"Roasted Garlic",12.83,1.71,0.13,"Green Healthy (Rock-Solid Stability)"
2023-09,ing016,"Red Onion",17.67,2.81,0.16,"Green Healthy (Rock-Solid Stability)"
2023-09,ing017,"Fresh Basil",8.73,0.68,0.08,"Green Healthy (Rock-Solid Stability)"
2023-09,ing018,"Smoked Salmon",-3.28,3.32,-1.01,"Red Alert (Wildly Volatile)"
2023-09,ing019,"Dill Cream Cheese",8.90,1.65,0.19,"Green Healthy (Rock-Solid Stability)"
2023-09,ing020,Capers,10.24,1.01,0.1,"Green Healthy (Rock-Solid Stability)"
2023-09,ing021,Arugula,15.03,1.71,0.11,"Green Healthy (Rock-Solid Stability)"
2023-09,ing022,"BBQ Brisket",7.22,1.45,0.2,"Yellow Warning (Moderately Shifting)"
2023-09,ing023,"Cheddar Cheese",10.79,1.82,0.17,"Green Healthy (Rock-Solid Stability)"
2023-09,ing024,"BBQ Sauce",13.74,1.8,0.13,"Green Healthy (Rock-Solid Stability)"
2023-09,ing025,"Tandoori Chicken",8.21,1.73,0.21,"Yellow Warning (Moderately Shifting)"
2023-09,ing026,"Mint Yogurt",11.17,1.58,0.14,"Green Healthy (Rock-Solid Stability)"
2023-09,ing027,"Green Chilli",7.00,1.17,0.17,"Green Healthy (Rock-Solid Stability)"
2023-09,ing028,"Grilled Pineapple",8.63,1.7,0.2,"Yellow Warning (Moderately Shifting)"
2023-09,ing029,"Pulled Pork",5.17,1.77,0.34,"Yellow Warning (Moderately Shifting)"
2023-09,ing030,"Truffle Fries",18.96,3.44,0.18,"Green Healthy (Rock-Solid Stability)"
2023-09,ing031,Parmesan,9.67,1.05,0.11,"Green Healthy (Rock-Solid Stability)"
2023-09,ing032,"Cauliflower Florets",16.57,2.5,0.15,"Green Healthy (Rock-Solid Stability)"
2023-09,ing033,"Buffalo Sauce",13.83,0.38,0.03,"Green Healthy (Rock-Solid Stability)"
2023-09,ing034,Ranch,10.00,0,0,"Green Healthy (Rock-Solid Stability)"
2023-09,ing036,Kale,14.19,1.39,0.1,"Green Healthy (Rock-Solid Stability)"
2023-09,ing037,Spinach,13.92,2.23,0.16,"Green Healthy (Rock-Solid Stability)"
2023-09,ing038,Avocado,12.00,0,0,"Green Healthy (Rock-Solid Stability)"
2023-09,ing039,"Mixed Seeds",16.00,0,0,"Green Healthy (Rock-Solid Stability)"
2023-09,ing040,"Caramel Filling",11.61,1.95,0.17,"Green Healthy (Rock-Solid Stability)"
2023-09,ing041,"Chocolate Syrup",18.00,0,0,"Green Healthy (Rock-Solid Stability)"
2023-09,ing042,"Espresso Panna Base",9.50,1.68,0.18,"Green Healthy (Rock-Solid Stability)"
2023-09,ing043,"Vanilla Syrup",10.00,0,0,"Green Healthy (Rock-Solid Stability)"
2023-09,ing044,"Berry Mix",15.67,2.3,0.15,"Green Healthy (Rock-Solid Stability)"
2023-09,ing045,"Oat Crumble",13.50,1.68,0.12,"Green Healthy (Rock-Solid Stability)"
2023-09,ing046,"Mango Sticky Rice Mix",14.27,2.38,0.17,"Green Healthy (Rock-Solid Stability)"
2023-09,ing048,"Cold Brew Coffee 1.5L",21.26,10.65,0.5,"Yellow Warning (Moderately Shifting)"
2023-09,ing049,"Ginger Fizz 33cl",52.46,12.86,0.25,"Yellow Warning (Moderately Shifting)"
2023-09,ing050,"Ginger Fizz 1.5L",31.67,7.46,0.24,"Yellow Warning (Moderately Shifting)"
2023-09,ing051,"Lime Mint Sparkle 33cl",58.27,10.33,0.18,"Green Healthy (Rock-Solid Stability)"
2023-09,ing054,"Berry Kombucha 1.5L",27.48,8.8,0.32,"Yellow Warning (Moderately Shifting)"
2023-09,ing035,"Garlic Knots",24.43,3.17,0.13,"Green Healthy (Rock-Solid Stability)"
2023-09,ing047,"Cold Brew Coffee",50.13,10.19,0.2,"Yellow Warning (Moderately Shifting)"
2023-09,ing052,"Lime Mint Sparkle 1.5L",34.00,8.68,0.26,"Yellow Warning (Moderately Shifting)"
2023-09,ing053,"Berry Kombucha 33cl",49.57,10.54,0.21,"Yellow Warning (Moderately Shifting)"
2023-10,ing001,"Flatbread Dough (8-pack)",18.61,7.13,0.38,"Yellow Warning (Moderately Shifting)"
2023-10,ing002,"Roasted Red Peppers",17.70,3.09,0.17,"Green Healthy (Rock-Solid Stability)"
2023-10,ing003,"Goat Cheese",10.87,1.93,0.18,"Green Healthy (Rock-Solid Stability)"
2023-10,ing004,"Black Olives",21.57,3.63,0.17,"Green Healthy (Rock-Solid Stability)"
2023-10,ing005,"Sun-Dried Tomatoes",14.53,2.19,0.15,"Green Healthy (Rock-Solid Stability)"
2023-10,ing006,"Spicy Chicken",8.81,1.38,0.16,"Green Healthy (Rock-Solid Stability)"
2023-10,ing007,Jalapenos,16.77,3.09,0.18,"Green Healthy (Rock-Solid Stability)"
2023-10,ing008,"Smoked Gouda",10.00,1.88,0.19,"Green Healthy (Rock-Solid Stability)"
2023-10,ing009,"Chipotle Sauce",16.19,2.35,0.14,"Green Healthy (Rock-Solid Stability)"
2023-10,ing010,"Wild Mushrooms",9.47,2.8,0.3,"Yellow Warning (Moderately Shifting)"
2023-10,ing011,"Truffle Oil",5.19,1.2,0.23,"Yellow Warning (Moderately Shifting)"
2023-10,ing012,Mozzarella,17.68,2.9,0.16,"Green Healthy (Rock-Solid Stability)"
2023-10,ing013,"Fresh Spinach",12.73,2.35,0.18,"Green Healthy (Rock-Solid Stability)"
2023-10,ing016,"Red Onion",16.77,2.95,0.18,"Green Healthy (Rock-Solid Stability)"
2023-10,ing018,"Smoked Salmon",-2.40,4.21,-1.75,"Red Alert (Wildly Volatile)"
2023-10,ing019,"Dill Cream Cheese",9.20,1.68,0.18,"Green Healthy (Rock-Solid Stability)"
2023-10,ing020,Capers,8.47,0.62,0.07,"Green Healthy (Rock-Solid Stability)"
2023-10,ing021,Arugula,13.47,0.62,0.05,"Green Healthy (Rock-Solid Stability)"
2023-10,ing022,"BBQ Brisket",7.23,1.64,0.23,"Yellow Warning (Moderately Shifting)"
2023-10,ing023,"Cheddar Cheese",11.32,2.01,0.18,"Green Healthy (Rock-Solid Stability)"
2023-10,ing024,"BBQ Sauce",15.10,2.41,0.16,"Green Healthy (Rock-Solid Stability)"
2023-10,ing025,"Tandoori Chicken",7.70,1.79,0.23,"Yellow Warning (Moderately Shifting)"
2023-10,ing026,"Mint Yogurt",10.40,2.01,0.19,"Green Healthy (Rock-Solid Stability)"
2023-10,ing027,"Green Chilli",6.30,1.46,0.23,"Yellow Warning (Moderately Shifting)"
2023-10,ing028,"Grilled Pineapple",9.13,1.71,0.19,"Green Healthy (Rock-Solid Stability)"
2023-10,ing029,"Pulled Pork",5.47,1.56,0.29,"Yellow Warning (Moderately Shifting)"
2023-10,ing032,"Cauliflower Florets",16.00,2.99,0.19,"Green Healthy (Rock-Solid Stability)"
2023-10,ing033,"Buffalo Sauce",12.48,0.81,0.07,"Green Healthy (Rock-Solid Stability)"
2023-10,ing034,Ranch,10.00,0,0,"Green Healthy (Rock-Solid Stability)"
2023-10,ing036,Kale,16.64,2.08,0.12,"Green Healthy (Rock-Solid Stability)"
2023-10,ing037,Spinach,13.84,2.51,0.18,"Green Healthy (Rock-Solid Stability)"
2023-10,ing038,Avocado,11.28,0.87,0.08,"Green Healthy (Rock-Solid Stability)"
2023-10,ing039,"Mixed Seeds",15.72,0.45,0.03,"Green Healthy (Rock-Solid Stability)"
2023-10,ing040,"Caramel Filling",12.55,1.44,0.11,"Green Healthy (Rock-Solid Stability)"
2023-10,ing041,"Chocolate Syrup",18.00,0,0,"Green Healthy (Rock-Solid Stability)"
2023-10,ing042,"Espresso Panna Base",9.44,1.66,0.18,"Green Healthy (Rock-Solid Stability)"
2023-10,ing043,"Vanilla Syrup",10.00,0,0,"Green Healthy (Rock-Solid Stability)"
2023-10,ing044,"Berry Mix",16.33,2.48,0.15,"Green Healthy (Rock-Solid Stability)"
2023-10,ing045,"Oat Crumble",13.89,1.89,0.14,"Green Healthy (Rock-Solid Stability)"
2023-10,ing046,"Mango Sticky Rice Mix",14.33,3.19,0.22,"Yellow Warning (Moderately Shifting)"
2023-10,ing047,"Cold Brew Coffee",44.36,11.7,0.26,"Yellow Warning (Moderately Shifting)"
2023-10,ing048,"Cold Brew Coffee 1.5L",27.12,10.32,0.38,"Yellow Warning (Moderately Shifting)"
2023-10,ing049,"Ginger Fizz 33cl",52.11,11.02,0.21,"Yellow Warning (Moderately Shifting)"
2023-10,ing050,"Ginger Fizz 1.5L",28.28,7.89,0.28,"Yellow Warning (Moderately Shifting)"
2023-10,ing051,"Lime Mint Sparkle 33cl",54.84,9.57,0.17,"Green Healthy (Rock-Solid Stability)"
2023-10,ing052,"Lime Mint Sparkle 1.5L",30.27,10.07,0.33,"Yellow Warning (Moderately Shifting)"
2023-10,ing053,"Berry Kombucha 33cl",48.52,10.69,0.22,"Yellow Warning (Moderately Shifting)"
2023-10,ing054,"Berry Kombucha 1.5L",27.73,8.47,0.31,"Yellow Warning (Moderately Shifting)"
2023-10,ing014,"Italian Sausage",8.97,1.6,0.18,"Green Healthy (Rock-Solid Stability)"
2023-10,ing015,"Roasted Garlic",14.97,2.66,0.18,"Green Healthy (Rock-Solid Stability)"
2023-10,ing017,"Fresh Basil",7.60,0.92,0.12,"Green Healthy (Rock-Solid Stability)"
2023-10,ing030,"Truffle Fries",18.42,2.91,0.16,"Green Healthy (Rock-Solid Stability)"
2023-10,ing031,Parmesan,9.00,0,0,"Green Healthy (Rock-Solid Stability)"
2023-10,ing035,"Garlic Knots",24.30,4.35,0.18,"Green Healthy (Rock-Solid Stability)"
2023-11,ing001,"Flatbread Dough (8-pack)",20.03,5.96,0.3,"Yellow Warning (Moderately Shifting)"
2023-11,ing002,"Roasted Red Peppers",19.97,1.59,0.08,"Green Healthy (Rock-Solid Stability)"
2023-11,ing003,"Goat Cheese",10.62,1.71,0.16,"Green Healthy (Rock-Solid Stability)"
2023-11,ing004,"Black Olives",22.48,3.48,0.15,"Green Healthy (Rock-Solid Stability)"
2023-11,ing005,"Sun-Dried Tomatoes",12.72,0.74,0.06,"Green Healthy (Rock-Solid Stability)"
2023-11,ing006,"Spicy Chicken",9.28,1.84,0.2,"Yellow Warning (Moderately Shifting)"
2023-11,ing007,Jalapenos,16.30,3.27,0.2,"Yellow Warning (Moderately Shifting)"
2023-11,ing008,"Smoked Gouda",10.17,1.7,0.17,"Green Healthy (Rock-Solid Stability)"
2023-11,ing009,"Chipotle Sauce",16.10,2.34,0.15,"Green Healthy (Rock-Solid Stability)"
2023-11,ing010,"Wild Mushrooms",11.20,2.12,0.19,"Green Healthy (Rock-Solid Stability)"
2023-11,ing011,"Truffle Oil",4.97,0.95,0.19,"Green Healthy (Rock-Solid Stability)"
2023-11,ing012,Mozzarella,16.97,2.92,0.17,"Green Healthy (Rock-Solid Stability)"
2023-11,ing013,"Fresh Spinach",13.67,2.09,0.15,"Green Healthy (Rock-Solid Stability)"
2023-11,ing014,"Italian Sausage",8.68,1.51,0.17,"Green Healthy (Rock-Solid Stability)"
2023-11,ing015,"Roasted Garlic",14.11,1.61,0.11,"Green Healthy (Rock-Solid Stability)"
2023-11,ing016,"Red Onion",17.00,3.15,0.19,"Green Healthy (Rock-Solid Stability)"
2023-11,ing017,"Fresh Basil",9.61,0.49,0.05,"Green Healthy (Rock-Solid Stability)"
2023-11,ing018,"Smoked Salmon",-2.82,3.25,-1.15,"Red Alert (Wildly Volatile)"
2023-11,ing019,"Dill Cream Cheese",9.57,1.78,0.19,"Green Healthy (Rock-Solid Stability)"
2023-11,ing020,Capers,10.86,0.74,0.07,"Green Healthy (Rock-Solid Stability)"
2023-11,ing021,Arugula,11.29,0.45,0.04,"Green Healthy (Rock-Solid Stability)"
2023-11,ing022,"BBQ Brisket",6.72,1.55,0.23,"Yellow Warning (Moderately Shifting)"
2023-11,ing023,"Cheddar Cheese",10.79,1.81,0.17,"Green Healthy (Rock-Solid Stability)"
2023-11,ing024,"BBQ Sauce",13.59,1.97,0.15,"Green Healthy (Rock-Solid Stability)"
2023-11,ing025,"Tandoori Chicken",8.83,1.6,0.18,"Green Healthy (Rock-Solid Stability)"
2023-11,ing026,"Mint Yogurt",11.00,1.97,0.18,"Green Healthy (Rock-Solid Stability)"
2023-11,ing027,"Green Chilli",6.10,0.71,0.12,"Green Healthy (Rock-Solid Stability)"
2023-11,ing028,"Grilled Pineapple",8.70,1.64,0.19,"Green Healthy (Rock-Solid Stability)"
2023-11,ing029,"Pulled Pork",5.10,1.47,0.29,"Yellow Warning (Moderately Shifting)"
2023-11,ing030,"Truffle Fries",17.48,2.53,0.14,"Green Healthy (Rock-Solid Stability)"
2023-11,ing031,Parmesan,8.19,0.39,0.05,"Green Healthy (Rock-Solid Stability)"
2023-11,ing032,"Cauliflower Florets",15.48,3.2,0.21,"Yellow Warning (Moderately Shifting)"
2023-11,ing033,"Buffalo Sauce",12.24,2.25,0.18,"Green Healthy (Rock-Solid Stability)"
2023-11,ing034,Ranch,9.32,0.47,0.05,"Green Healthy (Rock-Solid Stability)"
2023-11,ing035,"Garlic Knots",24.16,2.92,0.12,"Green Healthy (Rock-Solid Stability)"
2023-11,ing036,Kale,17.39,3.32,0.19,"Green Healthy (Rock-Solid Stability)"
2023-11,ing037,Spinach,14.00,2.45,0.17,"Green Healthy (Rock-Solid Stability)"
2023-11,ing038,Avocado,10.00,0,0,"Green Healthy (Rock-Solid Stability)"
2023-11,ing039,"Mixed Seeds",15.00,0,0,"Green Healthy (Rock-Solid Stability)"
2023-11,ing040,"Caramel Filling",11.00,2.11,0.19,"Green Healthy (Rock-Solid Stability)"
2023-11,ing041,"Chocolate Syrup",17.89,0.31,0.02,"Green Healthy (Rock-Solid Stability)"
2023-11,ing042,"Espresso Panna Base",9.76,1.86,0.19,"Green Healthy (Rock-Solid Stability)"
2023-11,ing043,"Vanilla Syrup",10.00,0,0,"Green Healthy (Rock-Solid Stability)"
2023-11,ing044,"Berry Mix",16.91,1.95,0.12,"Green Healthy (Rock-Solid Stability)"
2023-11,ing045,"Oat Crumble",13.91,1.02,0.07,"Green Healthy (Rock-Solid Stability)"
2023-11,ing046,"Mango Sticky Rice Mix",14.41,2.06,0.14,"Green Healthy (Rock-Solid Stability)"
2023-11,ing048,"Cold Brew Coffee 1.5L",27.96,8.08,0.29,"Yellow Warning (Moderately Shifting)"
2023-11,ing049,"Ginger Fizz 33cl",52.15,12.5,0.24,"Yellow Warning (Moderately Shifting)"
2023-11,ing050,"Ginger Fizz 1.5L",31.22,8.63,0.28,"Yellow Warning (Moderately Shifting)"
2023-11,ing052,"Lime Mint Sparkle 1.5L",33.50,7.44,0.22,"Yellow Warning (Moderately Shifting)"
2023-11,ing053,"Berry Kombucha 33cl",47.79,12.31,0.26,"Yellow Warning (Moderately Shifting)"
2023-11,ing047,"Cold Brew Coffee",47.84,11.36,0.24,"Yellow Warning (Moderately Shifting)"
2023-11,ing051,"Lime Mint Sparkle 33cl",53.42,11.1,0.21,"Yellow Warning (Moderately Shifting)"
2023-11,ing054,"Berry Kombucha 1.5L",29.50,8.22,0.28,"Yellow Warning (Moderately Shifting)"
2023-12,ing001,"Flatbread Dough (8-pack)",8.23,9.66,1.17,"Red Alert (Wildly Volatile)"
2023-12,ing002,"Roasted Red Peppers",17.35,2.77,0.16,"Green Healthy (Rock-Solid Stability)"
2023-12,ing003,"Goat Cheese",10.23,1.72,0.17,"Green Healthy (Rock-Solid Stability)"
2023-12,ing004,"Black Olives",20.81,3.51,0.17,"Green Healthy (Rock-Solid Stability)"
2023-12,ing005,"Sun-Dried Tomatoes",13.90,2.19,0.16,"Green Healthy (Rock-Solid Stability)"
2023-12,ing006,"Spicy Chicken",8.42,1.7,0.2,"Yellow Warning (Moderately Shifting)"
2023-12,ing007,Jalapenos,15.81,2.96,0.19,"Green Healthy (Rock-Solid Stability)"
2023-12,ing008,"Smoked Gouda",8.94,1.83,0.2,"Yellow Warning (Moderately Shifting)"
2023-12,ing009,"Chipotle Sauce",15.29,2.84,0.19,"Green Healthy (Rock-Solid Stability)"
2023-12,ing010,"Wild Mushrooms",10.06,2.66,0.26,"Yellow Warning (Moderately Shifting)"
2023-12,ing011,"Truffle Oil",4.74,1.39,0.29,"Yellow Warning (Moderately Shifting)"
2023-12,ing012,Mozzarella,17.00,2.7,0.16,"Green Healthy (Rock-Solid Stability)"
2023-12,ing013,"Fresh Spinach",14.06,2.06,0.15,"Green Healthy (Rock-Solid Stability)"
2023-12,ing014,"Italian Sausage",8.48,1.76,0.21,"Yellow Warning (Moderately Shifting)"
2023-12,ing015,"Roasted Garlic",14.06,2.55,0.18,"Green Healthy (Rock-Solid Stability)"
2023-12,ing016,"Red Onion",16.77,2.88,0.17,"Green Healthy (Rock-Solid Stability)"
2023-12,ing017,"Fresh Basil",8.90,1.3,0.15,"Green Healthy (Rock-Solid Stability)"
2023-12,ing018,"Smoked Salmon",-2.19,3.05,-1.39,"Red Alert (Wildly Volatile)"
2023-12,ing019,"Dill Cream Cheese",9.00,2.02,0.22,"Yellow Warning (Moderately Shifting)"
2023-12,ing020,Capers,9.48,0.76,0.08,"Green Healthy (Rock-Solid Stability)"
2023-12,ing021,Arugula,14.23,2.59,0.18,"Green Healthy (Rock-Solid Stability)"
2023-12,ing022,"BBQ Brisket",7.55,1.29,0.17,"Green Healthy (Rock-Solid Stability)"
2023-12,ing023,"Cheddar Cheese",10.71,1.95,0.18,"Green Healthy (Rock-Solid Stability)"
2023-12,ing024,"BBQ Sauce",15.10,1.86,0.12,"Green Healthy (Rock-Solid Stability)"
2023-12,ing025,"Tandoori Chicken",7.94,1.61,0.2,"Yellow Warning (Moderately Shifting)"
2023-12,ing026,"Mint Yogurt",10.00,1.72,0.17,"Green Healthy (Rock-Solid Stability)"
2023-12,ing027,"Green Chilli",6.45,1.13,0.18,"Green Healthy (Rock-Solid Stability)"
2023-12,ing028,"Grilled Pineapple",9.03,1.66,0.18,"Green Healthy (Rock-Solid Stability)"
2023-12,ing029,"Pulled Pork",5.39,1.58,0.29,"Yellow Warning (Moderately Shifting)"
2023-12,ing030,"Truffle Fries",18.00,3.34,0.19,"Green Healthy (Rock-Solid Stability)"
2023-12,ing031,Parmesan,7.27,0.44,0.06,"Green Healthy (Rock-Solid Stability)"
2023-12,ing032,"Cauliflower Florets",16.59,2.68,0.16,"Green Healthy (Rock-Solid Stability)"
2023-12,ing033,"Buffalo Sauce",11.33,0.61,0.05,"Green Healthy (Rock-Solid Stability)"
2023-12,ing034,Ranch,9.00,0,0,"Green Healthy (Rock-Solid Stability)"
2023-12,ing035,"Garlic Knots",24.73,3.78,0.15,"Green Healthy (Rock-Solid Stability)"
2023-12,ing036,Kale,19.19,0.39,0.02,"Green Healthy (Rock-Solid Stability)"
2023-12,ing037,Spinach,13.89,2.51,0.18,"Green Healthy (Rock-Solid Stability)"
2023-12,ing038,Avocado,10.00,0,0,"Green Healthy (Rock-Solid Stability)"
2023-12,ing039,"Mixed Seeds",15.00,0,0,"Green Healthy (Rock-Solid Stability)"
2023-12,ing044,"Berry Mix",20.18,1.87,0.09,"Green Healthy (Rock-Solid Stability)"
2023-12,ing045,"Oat Crumble",12.14,1.16,0.1,"Green Healthy (Rock-Solid Stability)"
2023-12,ing046,"Mango Sticky Rice Mix",15.00,2.75,0.18,"Green Healthy (Rock-Solid Stability)"
2023-12,ing048,"Cold Brew Coffee 1.5L",28.67,6.84,0.24,"Yellow Warning (Moderately Shifting)"
2023-12,ing049,"Ginger Fizz 33cl",53.04,9.84,0.19,"Green Healthy (Rock-Solid Stability)"
2023-12,ing050,"Ginger Fizz 1.5L",27.75,8.97,0.32,"Yellow Warning (Moderately Shifting)"
2023-12,ing051,"Lime Mint Sparkle 33cl",55.36,8.93,0.16,"Green Healthy (Rock-Solid Stability)"
2023-12,ing052,"Lime Mint Sparkle 1.5L",32.96,8.64,0.26,"Yellow Warning (Moderately Shifting)"
2023-12,ing054,"Berry Kombucha 1.5L",30.77,8.62,0.28,"Yellow Warning (Moderately Shifting)"
2023-12,ing040,"Caramel Filling",12.40,1.92,0.15,"Green Healthy (Rock-Solid Stability)"
2023-12,ing041,"Chocolate Syrup",17.00,0,0,"Green Healthy (Rock-Solid Stability)"
2023-12,ing042,"Espresso Panna Base",10.96,1.54,0.14,"Green Healthy (Rock-Solid Stability)"
2023-12,ing043,"Vanilla Syrup",10.00,0,0,"Green Healthy (Rock-Solid Stability)"
2023-12,ing053,"Berry Kombucha 33cl",48.44,13.27,0.27,"Yellow Warning (Moderately Shifting)"
2023-12,ing047,"Cold Brew Coffee",46.52,12.21,0.26,"Yellow Warning (Moderately Shifting)"
2024-01,ing001,"Flatbread Dough (8-pack)",10.61,12.46,1.17,"Red Alert (Wildly Volatile)"
2024-01,ing002,"Roasted Red Peppers",16.03,2.24,0.14,"Green Healthy (Rock-Solid Stability)"
2024-01,ing003,"Goat Cheese",10.68,2.04,0.19,"Green Healthy (Rock-Solid Stability)"
2024-01,ing004,"Black Olives",21.39,3.03,0.14,"Green Healthy (Rock-Solid Stability)"
2024-01,ing005,"Sun-Dried Tomatoes",14.87,2.3,0.15,"Green Healthy (Rock-Solid Stability)"
2024-01,ing006,"Spicy Chicken",7.94,1.56,0.2,"Yellow Warning (Moderately Shifting)"
2024-01,ing007,Jalapenos,15.06,3.18,0.21,"Yellow Warning (Moderately Shifting)"
2024-01,ing008,"Smoked Gouda",8.65,1.86,0.21,"Yellow Warning (Moderately Shifting)"
2024-01,ing009,"Chipotle Sauce",14.87,2.3,0.15,"Green Healthy (Rock-Solid Stability)"
2024-01,ing010,"Wild Mushrooms",9.65,3.81,0.39,"Yellow Warning (Moderately Shifting)"
2024-01,ing011,"Truffle Oil",4.90,1.03,0.21,"Yellow Warning (Moderately Shifting)"
2024-01,ing012,Mozzarella,17.52,3.18,0.18,"Green Healthy (Rock-Solid Stability)"
2024-01,ing013,"Fresh Spinach",12.29,2,0.16,"Green Healthy (Rock-Solid Stability)"
2024-01,ing014,"Italian Sausage",9.10,1.87,0.21,"Yellow Warning (Moderately Shifting)"
2024-01,ing015,"Roasted Garlic",15.74,2.34,0.15,"Green Healthy (Rock-Solid Stability)"
2024-01,ing016,"Red Onion",16.61,3.07,0.18,"Green Healthy (Rock-Solid Stability)"
2024-01,ing017,"Fresh Basil",8.39,1.26,0.15,"Green Healthy (Rock-Solid Stability)"
2024-01,ing018,"Smoked Salmon",-1.65,3.17,-1.93,"Red Alert (Wildly Volatile)"
2024-01,ing019,"Dill Cream Cheese",8.97,1.87,0.21,"Yellow Warning (Moderately Shifting)"
2024-01,ing020,Capers,9.45,1.52,0.16,"Green Healthy (Rock-Solid Stability)"
2024-01,ing021,Arugula,14.65,0.82,0.06,"Green Healthy (Rock-Solid Stability)"
2024-01,ing022,"BBQ Brisket",7.23,1.5,0.21,"Yellow Warning (Moderately Shifting)"
2024-01,ing023,"Cheddar Cheese",11.13,1.84,0.17,"Green Healthy (Rock-Solid Stability)"
2024-01,ing024,"BBQ Sauce",13.71,2.13,0.16,"Green Healthy (Rock-Solid Stability)"
2024-01,ing025,"Tandoori Chicken",8.38,1.63,0.19,"Green Healthy (Rock-Solid Stability)"
2024-01,ing026,"Mint Yogurt",10.59,1.75,0.17,"Green Healthy (Rock-Solid Stability)"
2024-01,ing027,"Green Chilli",6.52,1.55,0.24,"Yellow Warning (Moderately Shifting)"
2024-01,ing028,"Grilled Pineapple",8.86,1.57,0.18,"Green Healthy (Rock-Solid Stability)"
2024-01,ing029,"Pulled Pork",4.68,1.85,0.4,"Yellow Warning (Moderately Shifting)"
2024-01,ing032,"Cauliflower Florets",15.44,2.58,0.17,"Green Healthy (Rock-Solid Stability)"
2024-01,ing033,"Buffalo Sauce",10.24,0.43,0.04,"Green Healthy (Rock-Solid Stability)"
2024-01,ing034,Ranch,9.00,0,0,"Green Healthy (Rock-Solid Stability)"
2024-01,ing035,"Garlic Knots",25.04,4.08,0.16,"Green Healthy (Rock-Solid Stability)"
2024-01,ing036,Kale,18.13,0.61,0.03,"Green Healthy (Rock-Solid Stability)"
2024-01,ing037,Spinach,13.39,2.3,0.17,"Green Healthy (Rock-Solid Stability)"
2024-01,ing038,Avocado,13.32,2.44,0.18,"Green Healthy (Rock-Solid Stability)"
2024-01,ing039,"Mixed Seeds",15.00,0,0,"Green Healthy (Rock-Solid Stability)"
2024-01,ing040,"Caramel Filling",12.52,2.06,0.16,"Green Healthy (Rock-Solid Stability)"
2024-01,ing041,"Chocolate Syrup",17.00,0,0,"Green Healthy (Rock-Solid Stability)"
2024-01,ing042,"Espresso Panna Base",9.90,1.33,0.13,"Green Healthy (Rock-Solid Stability)"
2024-01,ing043,"Vanilla Syrup",10.00,0,0,"Green Healthy (Rock-Solid Stability)"
2024-01,ing044,"Berry Mix",16.16,1.01,0.06,"Green Healthy (Rock-Solid Stability)"
2024-01,ing045,"Oat Crumble",16.16,1.01,0.06,"Green Healthy (Rock-Solid Stability)"
2024-01,ing046,"Mango Sticky Rice Mix",13.96,1.97,0.14,"Green Healthy (Rock-Solid Stability)"
2024-01,ing047,"Cold Brew Coffee",47.48,10.09,0.21,"Yellow Warning (Moderately Shifting)"
2024-01,ing048,"Cold Brew Coffee 1.5L",27.45,7.35,0.27,"Yellow Warning (Moderately Shifting)"
2024-01,ing049,"Ginger Fizz 33cl",55.07,11.99,0.22,"Yellow Warning (Moderately Shifting)"
2024-01,ing051,"Lime Mint Sparkle 33cl",54.96,11.11,0.2,"Yellow Warning (Moderately Shifting)"
2024-01,ing053,"Berry Kombucha 33cl",53.17,9.94,0.19,"Green Healthy (Rock-Solid Stability)"
2024-01,ing054,"Berry Kombucha 1.5L",29.61,8.23,0.28,"Yellow Warning (Moderately Shifting)"
2024-01,ing030,"Truffle Fries",17.69,2.58,0.15,"Green Healthy (Rock-Solid Stability)"
2024-01,ing031,Parmesan,7.42,1.12,0.15,"Green Healthy (Rock-Solid Stability)"
2024-01,ing050,"Ginger Fizz 1.5L",35.81,8.73,0.24,"Yellow Warning (Moderately Shifting)"
2024-01,ing052,"Lime Mint Sparkle 1.5L",31.90,10.22,0.32,"Yellow Warning (Moderately Shifting)"
2024-02,ing001,"Flatbread Dough (8-pack)",8.10,8.79,1.09,"Red Alert (Wildly Volatile)"
2024-02,ing002,"Roasted Red Peppers",16.08,2.4,0.15,"Green Healthy (Rock-Solid Stability)"
2024-02,ing003,"Goat Cheese",10.88,1.85,0.17,"Green Healthy (Rock-Solid Stability)"
2024-02,ing004,"Black Olives",20.12,3.08,0.15,"Green Healthy (Rock-Solid Stability)"
2024-02,ing005,"Sun-Dried Tomatoes",15.69,1.64,0.1,"Green Healthy (Rock-Solid Stability)"
2024-02,ing006,"Spicy Chicken",7.96,1.5,0.19,"Green Healthy (Rock-Solid Stability)"
2024-02,ing007,Jalapenos,16.72,2.93,0.18,"Green Healthy (Rock-Solid Stability)"
2024-02,ing008,"Smoked Gouda",8.96,1.94,0.22,"Yellow Warning (Moderately Shifting)"
2024-02,ing009,"Chipotle Sauce",15.93,2.05,0.13,"Green Healthy (Rock-Solid Stability)"
2024-02,ing010,"Wild Mushrooms",10.52,2.22,0.21,"Yellow Warning (Moderately Shifting)"
2024-02,ing011,"Truffle Oil",4.76,1.43,0.3,"Yellow Warning (Moderately Shifting)"
2024-02,ing012,Mozzarella,16.62,2.54,0.15,"Green Healthy (Rock-Solid Stability)"
2024-02,ing013,"Fresh Spinach",12.97,2.13,0.16,"Green Healthy (Rock-Solid Stability)"
2024-02,ing014,"Italian Sausage",8.81,2.04,0.23,"Yellow Warning (Moderately Shifting)"
2024-02,ing015,"Roasted Garlic",13.44,2.39,0.18,"Green Healthy (Rock-Solid Stability)"
2024-02,ing016,"Red Onion",17.62,3.79,0.22,"Yellow Warning (Moderately Shifting)"
2024-02,ing017,"Fresh Basil",7.78,0.99,0.13,"Green Healthy (Rock-Solid Stability)"
2024-02,ing018,"Smoked Salmon",-1.66,4.44,-2.68,"Red Alert (Wildly Volatile)"
2024-02,ing019,"Dill Cream Cheese",9.66,1.93,0.2,"Yellow Warning (Moderately Shifting)"
2024-02,ing020,Capers,9.86,0.63,0.06,"Green Healthy (Rock-Solid Stability)"
2024-02,ing021,Arugula,12.86,0.63,0.05,"Green Healthy (Rock-Solid Stability)"
2024-02,ing022,"BBQ Brisket",7.31,1.51,0.21,"Yellow Warning (Moderately Shifting)"
2024-02,ing023,"Cheddar Cheese",11.14,1.72,0.15,"Green Healthy (Rock-Solid Stability)"
2024-02,ing024,"BBQ Sauce",12.79,1.63,0.13,"Green Healthy (Rock-Solid Stability)"
2024-02,ing025,"Tandoori Chicken",8.14,1.83,0.22,"Yellow Warning (Moderately Shifting)"
2024-02,ing026,"Mint Yogurt",10.07,1.89,0.19,"Green Healthy (Rock-Solid Stability)"
2024-02,ing027,"Green Chilli",5.96,1.48,0.25,"Yellow Warning (Moderately Shifting)"
2024-02,ing028,"Grilled Pineapple",9.07,1.6,0.18,"Green Healthy (Rock-Solid Stability)"
2024-02,ing029,"Pulled Pork",4.79,1.35,0.28,"Yellow Warning (Moderately Shifting)"
2024-02,ing032,"Cauliflower Florets",16.27,2.62,0.16,"Green Healthy (Rock-Solid Stability)"
2024-02,ing033,"Buffalo Sauce",10.00,0,0,"Green Healthy (Rock-Solid Stability)"
2024-02,ing034,Ranch,9.00,0,0,"Green Healthy (Rock-Solid Stability)"
2024-02,ing035,"Garlic Knots",26.54,3.83,0.14,"Green Healthy (Rock-Solid Stability)"
2024-02,ing036,Kale,16.26,0.94,0.06,"Green Healthy (Rock-Solid Stability)"
2024-02,ing037,Spinach,13.48,2,0.15,"Green Healthy (Rock-Solid Stability)"
2024-02,ing038,Avocado,15.00,0,0,"Green Healthy (Rock-Solid Stability)"
2024-02,ing039,"Mixed Seeds",15.00,0,0,"Green Healthy (Rock-Solid Stability)"
2024-02,ing040,"Caramel Filling",12.08,1.87,0.16,"Green Healthy (Rock-Solid Stability)"
2024-02,ing041,"Chocolate Syrup",17.00,0,0,"Green Healthy (Rock-Solid Stability)"
2024-02,ing042,"Espresso Panna Base",9.79,1.76,0.18,"Green Healthy (Rock-Solid Stability)"
2024-02,ing043,"Vanilla Syrup",10.00,0,0,"Green Healthy (Rock-Solid Stability)"
2024-02,ing044,"Berry Mix",15.88,2.87,0.18,"Green Healthy (Rock-Solid Stability)"
2024-02,ing045,"Oat Crumble",14.19,2.15,0.15,"Green Healthy (Rock-Solid Stability)"
2024-02,ing046,"Mango Sticky Rice Mix",13.96,2.39,0.17,"Green Healthy (Rock-Solid Stability)"
2024-02,ing047,"Cold Brew Coffee",45.27,10.98,0.24,"Yellow Warning (Moderately Shifting)"
2024-02,ing048,"Cold Brew Coffee 1.5L",27.39,8.17,0.3,"Yellow Warning (Moderately Shifting)"
2024-02,ing049,"Ginger Fizz 33cl",52.11,10.24,0.2,"Yellow Warning (Moderately Shifting)"
2024-02,ing052,"Lime Mint Sparkle 1.5L",30.52,7.7,0.25,"Yellow Warning (Moderately Shifting)"
2024-02,ing053,"Berry Kombucha 33cl",52.50,12.24,0.23,"Yellow Warning (Moderately Shifting)"
2024-02,ing030,"Truffle Fries",19.00,4.5,0.24,"Yellow Warning (Moderately Shifting)"
2024-02,ing031,Parmesan,7.68,0.92,0.12,"Green Healthy (Rock-Solid Stability)"
2024-02,ing050,"Ginger Fizz 1.5L",31.63,9.2,0.29,"Yellow Warning (Moderately Shifting)"
2024-02,ing051,"Lime Mint Sparkle 33cl",57.22,9.53,0.17,"Green Healthy (Rock-Solid Stability)"
2024-02,ing054,"Berry Kombucha 1.5L",29.91,8.12,0.27,"Yellow Warning (Moderately Shifting)"
2024-03,ing001,"Flatbread Dough (8-pack)",3.26,13.12,4.03,"Red Alert (Wildly Volatile)"
2024-03,ing002,"Roasted Red Peppers",16.97,1.92,0.11,"Green Healthy (Rock-Solid Stability)"
2024-03,ing003,"Goat Cheese",10.53,2.11,0.2,"Yellow Warning (Moderately Shifting)"
2024-03,ing004,"Black Olives",20.77,3.56,0.17,"Green Healthy (Rock-Solid Stability)"
2024-03,ing005,"Sun-Dried Tomatoes",13.87,2.23,0.16,"Green Healthy (Rock-Solid Stability)"
2024-03,ing006,"Spicy Chicken",8.38,1.75,0.21,"Yellow Warning (Moderately Shifting)"
2024-03,ing007,Jalapenos,16.16,3.17,0.2,"Yellow Warning (Moderately Shifting)"
2024-03,ing008,"Smoked Gouda",9.07,2.07,0.23,"Yellow Warning (Moderately Shifting)"
2024-03,ing009,"Chipotle Sauce",14.90,2.29,0.15,"Green Healthy (Rock-Solid Stability)"
2024-03,ing010,"Wild Mushrooms",9.72,2.45,0.25,"Yellow Warning (Moderately Shifting)"
2024-03,ing011,"Truffle Oil",4.42,1.21,0.27,"Yellow Warning (Moderately Shifting)"
2024-03,ing012,Mozzarella,16.81,3.04,0.18,"Green Healthy (Rock-Solid Stability)"
2024-03,ing013,"Fresh Spinach",12.31,1.72,0.14,"Green Healthy (Rock-Solid Stability)"
2024-03,ing014,"Italian Sausage",8.83,1.83,0.21,"Yellow Warning (Moderately Shifting)"
2024-03,ing015,"Roasted Garlic",14.47,2.57,0.18,"Green Healthy (Rock-Solid Stability)"
2024-03,ing016,"Red Onion",16.26,3.18,0.2,"Yellow Warning (Moderately Shifting)"
2024-03,ing017,"Fresh Basil",8.20,1.49,0.18,"Green Healthy (Rock-Solid Stability)"
2024-03,ing018,"Smoked Salmon",-3.13,3.59,-1.15,"Red Alert (Wildly Volatile)"
2024-03,ing019,"Dill Cream Cheese",8.63,2.01,0.23,"Yellow Warning (Moderately Shifting)"
2024-03,ing020,Capers,8.33,0.91,0.11,"Green Healthy (Rock-Solid Stability)"
2024-03,ing021,Arugula,13.77,2.65,0.19,"Green Healthy (Rock-Solid Stability)"
2024-03,ing022,"BBQ Brisket",6.87,1.67,0.24,"Yellow Warning (Moderately Shifting)"
2024-03,ing023,"Cheddar Cheese",10.67,2.05,0.19,"Green Healthy (Rock-Solid Stability)"
2024-03,ing024,"BBQ Sauce",13.37,2.11,0.16,"Green Healthy (Rock-Solid Stability)"
2024-03,ing025,"Tandoori Chicken",8.29,1.71,0.21,"Yellow Warning (Moderately Shifting)"
2024-03,ing026,"Mint Yogurt",10.52,2.34,0.22,"Yellow Warning (Moderately Shifting)"
2024-03,ing027,"Green Chilli",5.87,1.29,0.22,"Yellow Warning (Moderately Shifting)"
2024-03,ing028,"Grilled Pineapple",9.60,1.72,0.18,"Green Healthy (Rock-Solid Stability)"
2024-03,ing029,"Pulled Pork",5.83,1.95,0.33,"Yellow Warning (Moderately Shifting)"
2024-03,ing030,"Truffle Fries",17.92,3.54,0.2,"Yellow Warning (Moderately Shifting)"
2024-03,ing031,Parmesan,7.00,0,0,"Green Healthy (Rock-Solid Stability)"
2024-03,ing032,"Cauliflower Florets",16.12,3.29,0.2,"Yellow Warning (Moderately Shifting)"
2024-03,ing033,"Buffalo Sauce",12.44,1.96,0.16,"Green Healthy (Rock-Solid Stability)"
2024-03,ing034,Ranch,9.00,0,0,"Green Healthy (Rock-Solid Stability)"
2024-03,ing035,"Garlic Knots",25.00,3.39,0.14,"Green Healthy (Rock-Solid Stability)"
2024-03,ing036,Kale,14.42,1.98,0.14,"Green Healthy (Rock-Solid Stability)"
2024-03,ing037,Spinach,13.79,2.6,0.19,"Green Healthy (Rock-Solid Stability)"
2024-03,ing038,Avocado,14.83,0.37,0.03,"Green Healthy (Rock-Solid Stability)"
2024-03,ing039,"Mixed Seeds",15.00,0,0,"Green Healthy (Rock-Solid Stability)"
2024-03,ing040,"Caramel Filling",12.76,2.05,0.16,"Green Healthy (Rock-Solid Stability)"
2024-03,ing041,"Chocolate Syrup",17.00,0,0,"Green Healthy (Rock-Solid Stability)"
2024-03,ing042,"Espresso Panna Base",10.23,1.41,0.14,"Green Healthy (Rock-Solid Stability)"
2024-03,ing043,"Vanilla Syrup",10.00,0,0,"Green Healthy (Rock-Solid Stability)"
2024-03,ing044,"Berry Mix",16.81,2.82,0.17,"Green Healthy (Rock-Solid Stability)"
2024-03,ing045,"Oat Crumble",14.85,1.98,0.13,"Green Healthy (Rock-Solid Stability)"
2024-03,ing046,"Mango Sticky Rice Mix",16.22,2.5,0.15,"Green Healthy (Rock-Solid Stability)"
2024-03,ing047,"Cold Brew Coffee",43.73,10.89,0.25,"Yellow Warning (Moderately Shifting)"
2024-03,ing048,"Cold Brew Coffee 1.5L",25.83,8.49,0.33,"Yellow Warning (Moderately Shifting)"
2024-03,ing049,"Ginger Fizz 33cl",53.72,12.66,0.24,"Yellow Warning (Moderately Shifting)"
2024-03,ing050,"Ginger Fizz 1.5L",30.81,9.72,0.32,"Yellow Warning (Moderately Shifting)"
2024-03,ing051,"Lime Mint Sparkle 33cl",57.63,10.08,0.17,"Green Healthy (Rock-Solid Stability)"
2024-03,ing054,"Berry Kombucha 1.5L",32.13,8.94,0.28,"Yellow Warning (Moderately Shifting)"
2024-03,ing052,"Lime Mint Sparkle 1.5L",29.59,8.91,0.3,"Yellow Warning (Moderately Shifting)"
2024-03,ing053,"Berry Kombucha 33cl",53.12,9.71,0.18,"Green Healthy (Rock-Solid Stability)"
2024-04,ing001,"Flatbread Dough (8-pack)",12.03,11.63,0.97,"Red Alert (Wildly Volatile)"
2024-04,ing002,"Roasted Red Peppers",18.43,2.78,0.15,"Green Healthy (Rock-Solid Stability)"
2024-04,ing003,"Goat Cheese",10.70,1.85,0.17,"Green Healthy (Rock-Solid Stability)"
2024-04,ing004,"Black Olives",20.77,2.67,0.13,"Green Healthy (Rock-Solid Stability)"
2024-04,ing005,"Sun-Dried Tomatoes",14.97,2.5,0.17,"Green Healthy (Rock-Solid Stability)"
2024-04,ing006,"Spicy Chicken",9.00,1.39,0.15,"Green Healthy (Rock-Solid Stability)"
2024-04,ing007,Jalapenos,16.37,3.11,0.19,"Green Healthy (Rock-Solid Stability)"
2024-04,ing008,"Smoked Gouda",9.74,1.86,0.19,"Green Healthy (Rock-Solid Stability)"
2024-04,ing009,"Chipotle Sauce",15.52,2.23,0.14,"Green Healthy (Rock-Solid Stability)"
2024-04,ing010,"Wild Mushrooms",8.89,4.13,0.46,"Yellow Warning (Moderately Shifting)"
2024-04,ing011,"Truffle Oil",4.70,1.32,0.28,"Yellow Warning (Moderately Shifting)"
2024-04,ing012,Mozzarella,18.13,3.04,0.17,"Green Healthy (Rock-Solid Stability)"
2024-04,ing013,"Fresh Spinach",12.93,2.23,0.17,"Green Healthy (Rock-Solid Stability)"
2024-04,ing014,"Italian Sausage",8.82,1.39,0.16,"Green Healthy (Rock-Solid Stability)"
2024-04,ing015,"Roasted Garlic",14.11,2.45,0.17,"Green Healthy (Rock-Solid Stability)"
2024-04,ing016,"Red Onion",17.53,3.02,0.17,"Green Healthy (Rock-Solid Stability)"
2024-04,ing017,"Fresh Basil",8.25,1.09,0.13,"Green Healthy (Rock-Solid Stability)"
2024-04,ing018,"Smoked Salmon",-4.97,4.15,-0.84,"Red Alert (Wildly Volatile)"
2024-04,ing019,"Dill Cream Cheese",8.40,1.87,0.22,"Yellow Warning (Moderately Shifting)"
2024-04,ing020,Capers,8.40,1.05,0.13,"Green Healthy (Rock-Solid Stability)"
2024-04,ing021,Arugula,13.43,2.12,0.16,"Green Healthy (Rock-Solid Stability)"
2024-04,ing022,"BBQ Brisket",7.86,1.48,0.19,"Green Healthy (Rock-Solid Stability)"
2024-04,ing023,"Cheddar Cheese",11.67,2.17,0.19,"Green Healthy (Rock-Solid Stability)"
2024-04,ing024,"BBQ Sauce",13.45,1.71,0.13,"Green Healthy (Rock-Solid Stability)"
2024-04,ing025,"Tandoori Chicken",8.00,1.64,0.21,"Yellow Warning (Moderately Shifting)"
2024-04,ing026,"Mint Yogurt",10.24,1.59,0.16,"Green Healthy (Rock-Solid Stability)"
2024-04,ing027,"Green Chilli",6.59,1.61,0.24,"Yellow Warning (Moderately Shifting)"
2024-04,ing028,"Grilled Pineapple",9.33,1.72,0.18,"Green Healthy (Rock-Solid Stability)"
2024-04,ing029,"Pulled Pork",5.40,1.56,0.29,"Yellow Warning (Moderately Shifting)"
2024-04,ing030,"Truffle Fries",19.00,3.58,0.19,"Green Healthy (Rock-Solid Stability)"
2024-04,ing031,Parmesan,8.75,1.64,0.19,"Green Healthy (Rock-Solid Stability)"
2024-04,ing032,"Cauliflower Florets",15.17,2.27,0.15,"Green Healthy (Rock-Solid Stability)"
2024-04,ing033,"Buffalo Sauce",12.50,0.58,0.05,"Green Healthy (Rock-Solid Stability)"
2024-04,ing034,Ranch,8.96,0.2,0.02,"Green Healthy (Rock-Solid Stability)"
2024-04,ing035,"Garlic Knots",24.56,3.02,0.12,"Green Healthy (Rock-Solid Stability)"
2024-04,ing036,Kale,15.33,2.52,0.16,"Green Healthy (Rock-Solid Stability)"
2024-04,ing037,Spinach,13.93,2.75,0.2,"Yellow Warning (Moderately Shifting)"
2024-04,ing038,Avocado,11.70,1.54,0.13,"Green Healthy (Rock-Solid Stability)"
2024-04,ing039,"Mixed Seeds",15.00,0,0,"Green Healthy (Rock-Solid Stability)"
2024-04,ing040,"Caramel Filling",11.83,1.95,0.16,"Green Healthy (Rock-Solid Stability)"
2024-04,ing041,"Chocolate Syrup",17.00,0,0,"Green Healthy (Rock-Solid Stability)"
2024-04,ing042,"Espresso Panna Base",9.76,1.82,0.19,"Green Healthy (Rock-Solid Stability)"
2024-04,ing043,"Vanilla Syrup",10.00,0,0,"Green Healthy (Rock-Solid Stability)"
2024-04,ing044,"Berry Mix",16.28,2.31,0.14,"Green Healthy (Rock-Solid Stability)"
2024-04,ing045,"Oat Crumble",14.92,1.76,0.12,"Green Healthy (Rock-Solid Stability)"
2024-04,ing046,"Mango Sticky Rice Mix",15.86,2.92,0.18,"Green Healthy (Rock-Solid Stability)"
2024-04,ing047,"Cold Brew Coffee",45.04,10.42,0.23,"Yellow Warning (Moderately Shifting)"
2024-04,ing048,"Cold Brew Coffee 1.5L",27.88,8.17,0.29,"Yellow Warning (Moderately Shifting)"
2024-04,ing049,"Ginger Fizz 33cl",54.15,11.74,0.22,"Yellow Warning (Moderately Shifting)"
2024-04,ing050,"Ginger Fizz 1.5L",30.28,7.84,0.26,"Yellow Warning (Moderately Shifting)"
2024-04,ing051,"Lime Mint Sparkle 33cl",55.36,9.93,0.18,"Green Healthy (Rock-Solid Stability)"
2024-04,ing052,"Lime Mint Sparkle 1.5L",26.43,9.82,0.37,"Yellow Warning (Moderately Shifting)"
2024-04,ing053,"Berry Kombucha 33cl",51.86,12.5,0.24,"Yellow Warning (Moderately Shifting)"
2024-04,ing054,"Berry Kombucha 1.5L",30.93,8.58,0.28,"Yellow Warning (Moderately Shifting)"
2024-05,ing001,"Flatbread Dough (8-pack)",7.94,10.25,1.29,"Red Alert (Wildly Volatile)"
2024-05,ing002,"Roasted Red Peppers",16.87,2.89,0.17,"Green Healthy (Rock-Solid Stability)"
2024-05,ing003,"Goat Cheese",11.03,2.02,0.18,"Green Healthy (Rock-Solid Stability)"
2024-05,ing004,"Black Olives",20.55,2.98,0.15,"Green Healthy (Rock-Solid Stability)"
2024-05,ing005,"Sun-Dried Tomatoes",13.97,2.4,0.17,"Green Healthy (Rock-Solid Stability)"
2024-05,ing006,"Spicy Chicken",8.29,1.37,0.17,"Green Healthy (Rock-Solid Stability)"
2024-05,ing007,Jalapenos,16.87,3.21,0.19,"Green Healthy (Rock-Solid Stability)"
2024-05,ing008,"Smoked Gouda",9.39,1.86,0.2,"Yellow Warning (Moderately Shifting)"
2024-05,ing009,"Chipotle Sauce",15.39,2.7,0.18,"Green Healthy (Rock-Solid Stability)"
2024-05,ing010,"Wild Mushrooms",7.72,3.15,0.41,"Yellow Warning (Moderately Shifting)"
2024-05,ing011,"Truffle Oil",4.63,0.87,0.19,"Green Healthy (Rock-Solid Stability)"
2024-05,ing012,Mozzarella,17.29,2.89,0.17,"Green Healthy (Rock-Solid Stability)"
2024-05,ing013,"Fresh Spinach",12.45,2.08,0.17,"Green Healthy (Rock-Solid Stability)"
2024-05,ing014,"Italian Sausage",8.97,1.82,0.2,"Yellow Warning (Moderately Shifting)"
2024-05,ing015,"Roasted Garlic",15.48,2.34,0.15,"Green Healthy (Rock-Solid Stability)"
2024-05,ing016,"Red Onion",17.26,3.11,0.18,"Green Healthy (Rock-Solid Stability)"
2024-05,ing017,"Fresh Basil",8.42,0.49,0.06,"Green Healthy (Rock-Solid Stability)"
2024-05,ing018,"Smoked Salmon",-2.13,3.7,-1.74,"Red Alert (Wildly Volatile)"
2024-05,ing019,"Dill Cream Cheese",9.20,1.92,0.21,"Yellow Warning (Moderately Shifting)"
2024-05,ing020,Capers,9.97,1.54,0.15,"Green Healthy (Rock-Solid Stability)"
2024-05,ing021,Arugula,15.17,0.45,0.03,"Green Healthy (Rock-Solid Stability)"
2024-05,ing022,"BBQ Brisket",7.61,1.47,0.19,"Green Healthy (Rock-Solid Stability)"
2024-05,ing023,"Cheddar Cheese",10.97,2.18,0.2,"Yellow Warning (Moderately Shifting)"
2024-05,ing024,"BBQ Sauce",14.26,1.87,0.13,"Green Healthy (Rock-Solid Stability)"
2024-05,ing025,"Tandoori Chicken",8.32,1.94,0.23,"Yellow Warning (Moderately Shifting)"
2024-05,ing026,"Mint Yogurt",10.23,1.86,0.18,"Green Healthy (Rock-Solid Stability)"
2024-05,ing027,"Green Chilli",7.03,1.26,0.18,"Green Healthy (Rock-Solid Stability)"
2024-05,ing028,"Grilled Pineapple",9.31,1.46,0.16,"Green Healthy (Rock-Solid Stability)"
2024-05,ing029,"Pulled Pork",5.31,1.78,0.34,"Yellow Warning (Moderately Shifting)"
2024-05,ing030,"Truffle Fries",17.60,3.69,0.21,"Yellow Warning (Moderately Shifting)"
2024-05,ing031,Parmesan,9.92,0.27,0.03,"Green Healthy (Rock-Solid Stability)"
2024-05,ing032,"Cauliflower Florets",15.78,2.97,0.19,"Green Healthy (Rock-Solid Stability)"
2024-05,ing033,"Buffalo Sauce",10.85,0.36,0.03,"Green Healthy (Rock-Solid Stability)"
2024-05,ing034,Ranch,13.56,1.57,0.12,"Green Healthy (Rock-Solid Stability)"
2024-05,ing036,Kale,15.50,1.35,0.09,"Green Healthy (Rock-Solid Stability)"
2024-05,ing037,Spinach,14.71,2.64,0.18,"Green Healthy (Rock-Solid Stability)"
2024-05,ing038,Avocado,13.46,0.71,0.05,"Green Healthy (Rock-Solid Stability)"
2024-05,ing039,"Mixed Seeds",15.00,0,0,"Green Healthy (Rock-Solid Stability)"
2024-05,ing040,"Caramel Filling",11.88,2.33,0.2,"Yellow Warning (Moderately Shifting)"
2024-05,ing041,"Chocolate Syrup",17.00,0,0,"Green Healthy (Rock-Solid Stability)"
2024-05,ing042,"Espresso Panna Base",9.63,1.68,0.17,"Green Healthy (Rock-Solid Stability)"
2024-05,ing043,"Vanilla Syrup",10.00,0,0,"Green Healthy (Rock-Solid Stability)"
2024-05,ing044,"Berry Mix",17.04,2.63,0.15,"Green Healthy (Rock-Solid Stability)"
2024-05,ing045,"Oat Crumble",16.32,2.02,0.12,"Green Healthy (Rock-Solid Stability)"
2024-05,ing046,"Mango Sticky Rice Mix",14.21,2.55,0.18,"Green Healthy (Rock-Solid Stability)"
2024-05,ing047,"Cold Brew Coffee",43.71,9.02,0.21,"Yellow Warning (Moderately Shifting)"
2024-05,ing049,"Ginger Fizz 33cl",53.46,13.97,0.26,"Yellow Warning (Moderately Shifting)"
2024-05,ing050,"Ginger Fizz 1.5L",30.46,7.25,0.24,"Yellow Warning (Moderately Shifting)"
2024-05,ing051,"Lime Mint Sparkle 33cl",55.79,11.21,0.2,"Yellow Warning (Moderately Shifting)"
2024-05,ing054,"Berry Kombucha 1.5L",31.27,7.24,0.23,"Yellow Warning (Moderately Shifting)"
2024-05,ing035,"Garlic Knots",24.15,4.07,0.17,"Green Healthy (Rock-Solid Stability)"
2024-05,ing048,"Cold Brew Coffee 1.5L",30.64,7.03,0.23,"Yellow Warning (Moderately Shifting)"
2024-05,ing052,"Lime Mint Sparkle 1.5L",29.20,10,0.34,"Yellow Warning (Moderately Shifting)"
2024-05,ing053,"Berry Kombucha 33cl",47.92,10.9,0.23,"Yellow Warning (Moderately Shifting)"
2024-06,ing001,"Flatbread Dough (8-pack)",13.97,8.61,0.62,"Red Alert (Wildly Volatile)"
2024-06,ing002,"Roasted Red Peppers",16.70,2.56,0.15,"Green Healthy (Rock-Solid Stability)"
2024-06,ing003,"Goat Cheese",10.60,1.8,0.17,"Green Healthy (Rock-Solid Stability)"
2024-06,ing004,"Black Olives",21.13,3.19,0.15,"Green Healthy (Rock-Solid Stability)"
2024-06,ing005,"Sun-Dried Tomatoes",14.40,2.4,0.17,"Green Healthy (Rock-Solid Stability)"
2024-06,ing006,"Spicy Chicken",8.62,1.75,0.2,"Yellow Warning (Moderately Shifting)"
2024-06,ing007,Jalapenos,16.33,3.24,0.2,"Yellow Warning (Moderately Shifting)"
2024-06,ing008,"Smoked Gouda",10.00,2.23,0.22,"Yellow Warning (Moderately Shifting)"
2024-06,ing009,"Chipotle Sauce",14.62,2.12,0.15,"Green Healthy (Rock-Solid Stability)"
2024-06,ing010,"Wild Mushrooms",8.34,2.29,0.27,"Yellow Warning (Moderately Shifting)"
2024-06,ing011,"Truffle Oil",5.17,1.27,0.25,"Yellow Warning (Moderately Shifting)"
2024-06,ing012,Mozzarella,17.17,2.78,0.16,"Green Healthy (Rock-Solid Stability)"
2024-06,ing013,"Fresh Spinach",13.76,2.16,0.16,"Green Healthy (Rock-Solid Stability)"
2024-06,ing014,"Italian Sausage",8.66,1.44,0.17,"Green Healthy (Rock-Solid Stability)"
2024-06,ing015,"Roasted Garlic",13.76,1.79,0.13,"Green Healthy (Rock-Solid Stability)"
2024-06,ing016,"Red Onion",16.93,3.35,0.2,"Yellow Warning (Moderately Shifting)"
2024-06,ing017,"Fresh Basil",8.31,1.29,0.16,"Green Healthy (Rock-Solid Stability)"
2024-06,ing018,"Smoked Salmon",-4.07,3.61,-0.89,"Red Alert (Wildly Volatile)"
2024-06,ing019,"Dill Cream Cheese",9.11,1.99,0.22,"Yellow Warning (Moderately Shifting)"
2024-06,ing020,Capers,8.68,0.54,0.06,"Green Healthy (Rock-Solid Stability)"
2024-06,ing021,Arugula,12.18,0.97,0.08,"Green Healthy (Rock-Solid Stability)"
2024-06,ing022,"BBQ Brisket",7.62,1.69,0.22,"Yellow Warning (Moderately Shifting)"
2024-06,ing023,"Cheddar Cheese",11.17,1.8,0.16,"Green Healthy (Rock-Solid Stability)"
2024-06,ing024,"BBQ Sauce",13.83,1.78,0.13,"Green Healthy (Rock-Solid Stability)"
2024-06,ing025,"Tandoori Chicken",8.30,1.7,0.2,"Yellow Warning (Moderately Shifting)"
2024-06,ing026,"Mint Yogurt",10.03,1.78,0.18,"Green Healthy (Rock-Solid Stability)"
2024-06,ing027,"Green Chilli",6.73,1.31,0.2,"Yellow Warning (Moderately Shifting)"
2024-06,ing028,"Grilled Pineapple",9.24,1.48,0.16,"Green Healthy (Rock-Solid Stability)"
2024-06,ing029,"Pulled Pork",5.59,1.65,0.3,"Yellow Warning (Moderately Shifting)"
2024-06,ing030,"Truffle Fries",17.70,3.35,0.19,"Green Healthy (Rock-Solid Stability)"
2024-06,ing031,Parmesan,8.83,0.38,0.04,"Green Healthy (Rock-Solid Stability)"
2024-06,ing035,"Garlic Knots",26.33,3.22,0.12,"Green Healthy (Rock-Solid Stability)"
2024-06,ing036,Kale,13.64,0.48,0.04,"Green Healthy (Rock-Solid Stability)"
2024-06,ing037,Spinach,14.73,2.2,0.15,"Green Healthy (Rock-Solid Stability)"
2024-06,ing038,Avocado,13.00,0,0,"Green Healthy (Rock-Solid Stability)"
2024-06,ing039,"Mixed Seeds",15.00,0,0,"Green Healthy (Rock-Solid Stability)"
2024-06,ing042,"Espresso Panna Base",10.00,1.49,0.15,"Green Healthy (Rock-Solid Stability)"
2024-06,ing043,"Vanilla Syrup",10.00,0,0,"Green Healthy (Rock-Solid Stability)"
2024-06,ing044,"Berry Mix",17.26,0.97,0.06,"Green Healthy (Rock-Solid Stability)"
2024-06,ing045,"Oat Crumble",12.85,0.45,0.03,"Green Healthy (Rock-Solid Stability)"
2024-06,ing046,"Mango Sticky Rice Mix",15.90,2.38,0.15,"Green Healthy (Rock-Solid Stability)"
2024-06,ing049,"Ginger Fizz 33cl",51.07,10.46,0.2,"Yellow Warning (Moderately Shifting)"
2024-06,ing050,"Ginger Fizz 1.5L",28.93,10.78,0.37,"Yellow Warning (Moderately Shifting)"
2024-06,ing051,"Lime Mint Sparkle 33cl",50.12,11.49,0.23,"Yellow Warning (Moderately Shifting)"
2024-06,ing052,"Lime Mint Sparkle 1.5L",30.63,8.39,0.27,"Yellow Warning (Moderately Shifting)"
2024-06,ing053,"Berry Kombucha 33cl",47.31,12.08,0.26,"Yellow Warning (Moderately Shifting)"
2024-06,ing054,"Berry Kombucha 1.5L",27.08,9.75,0.36,"Yellow Warning (Moderately Shifting)"
2024-06,ing032,"Cauliflower Florets",17.61,2.87,0.16,"Green Healthy (Rock-Solid Stability)"
2024-06,ing033,"Buffalo Sauce",11.52,2.39,0.21,"Yellow Warning (Moderately Shifting)"
2024-06,ing034,Ranch,13.52,0.5,0.04,"Green Healthy (Rock-Solid Stability)"
2024-06,ing040,"Caramel Filling",12.32,1.85,0.15,"Green Healthy (Rock-Solid Stability)"
2024-06,ing041,"Chocolate Syrup",17.00,0,0,"Green Healthy (Rock-Solid Stability)"
2024-06,ing047,"Cold Brew Coffee",48.61,9.53,0.2,"Yellow Warning (Moderately Shifting)"
2024-06,ing048,"Cold Brew Coffee 1.5L",31.41,6.89,0.22,"Yellow Warning (Moderately Shifting)"
2024-07,ing001,"Flatbread Dough (8-pack)",8.39,8.8,1.05,"Red Alert (Wildly Volatile)"
2024-07,ing002,"Roasted Red Peppers",17.23,2.7,0.16,"Green Healthy (Rock-Solid Stability)"
2024-07,ing003,"Goat Cheese",10.73,1.9,0.18,"Green Healthy (Rock-Solid Stability)"
2024-07,ing004,"Black Olives",20.17,2.89,0.14,"Green Healthy (Rock-Solid Stability)"
2024-07,ing005,"Sun-Dried Tomatoes",13.80,1.78,0.13,"Green Healthy (Rock-Solid Stability)"
2024-07,ing006,"Spicy Chicken",8.59,1.61,0.19,"Green Healthy (Rock-Solid Stability)"
2024-07,ing007,Jalapenos,16.23,3.24,0.2,"Yellow Warning (Moderately Shifting)"
2024-07,ing008,"Smoked Gouda",9.24,1.98,0.21,"Yellow Warning (Moderately Shifting)"
2024-07,ing009,"Chipotle Sauce",16.00,2.44,0.15,"Green Healthy (Rock-Solid Stability)"
2024-07,ing010,"Wild Mushrooms",11.40,2.35,0.21,"Yellow Warning (Moderately Shifting)"
2024-07,ing011,"Truffle Oil",4.87,1.18,0.24,"Yellow Warning (Moderately Shifting)"
2024-07,ing012,Mozzarella,17.94,2.96,0.17,"Green Healthy (Rock-Solid Stability)"
2024-07,ing013,"Fresh Spinach",12.90,1.7,0.13,"Green Healthy (Rock-Solid Stability)"
2024-07,ing014,"Italian Sausage",9.00,1.78,0.2,"Yellow Warning (Moderately Shifting)"
2024-07,ing015,"Roasted Garlic",14.07,2.6,0.18,"Green Healthy (Rock-Solid Stability)"
2024-07,ing016,"Red Onion",16.55,3.23,0.2,"Yellow Warning (Moderately Shifting)"
2024-07,ing017,"Fresh Basil",7.86,0.94,0.12,"Green Healthy (Rock-Solid Stability)"
2024-07,ing018,"Smoked Salmon",-3.90,4.1,-1.05,"Red Alert (Wildly Volatile)"
2024-07,ing019,"Dill Cream Cheese",9.50,2.17,0.23,"Yellow Warning (Moderately Shifting)"
2024-07,ing020,Capers,9.37,1.17,0.12,"Green Healthy (Rock-Solid Stability)"
2024-07,ing021,Arugula,13.43,2.26,0.17,"Green Healthy (Rock-Solid Stability)"
2024-07,ing022,"BBQ Brisket",7.61,1.59,0.21,"Yellow Warning (Moderately Shifting)"
2024-07,ing023,"Cheddar Cheese",11.55,2.01,0.17,"Green Healthy (Rock-Solid Stability)"
2024-07,ing024,"BBQ Sauce",13.68,2.16,0.16,"Green Healthy (Rock-Solid Stability)"
2024-07,ing025,"Tandoori Chicken",8.07,1.77,0.22,"Yellow Warning (Moderately Shifting)"
2024-07,ing026,"Mint Yogurt",10.93,1.67,0.15,"Green Healthy (Rock-Solid Stability)"
2024-07,ing027,"Green Chilli",6.63,1.43,0.21,"Yellow Warning (Moderately Shifting)"
2024-07,ing028,"Grilled Pineapple",8.77,1.75,0.2,"Yellow Warning (Moderately Shifting)"
2024-07,ing029,"Pulled Pork",5.27,1.48,0.28,"Yellow Warning (Moderately Shifting)"
2024-07,ing030,"Truffle Fries",19.46,2.38,0.12,"Green Healthy (Rock-Solid Stability)"
2024-07,ing031,Parmesan,8.00,0,0,"Green Healthy (Rock-Solid Stability)"
2024-07,ing035,"Garlic Knots",25.58,3.32,0.13,"Green Healthy (Rock-Solid Stability)"
2024-07,ing036,Kale,14.93,2.76,0.19,"Green Healthy (Rock-Solid Stability)"
2024-07,ing037,Spinach,13.39,2.41,0.18,"Green Healthy (Rock-Solid Stability)"
2024-07,ing038,Avocado,11.64,0.67,0.06,"Green Healthy (Rock-Solid Stability)"
2024-07,ing039,"Mixed Seeds",15.00,0,0,"Green Healthy (Rock-Solid Stability)"
2024-07,ing040,"Caramel Filling",12.81,2.3,0.18,"Green Healthy (Rock-Solid Stability)"
2024-07,ing041,"Chocolate Syrup",17.00,0,0,"Green Healthy (Rock-Solid Stability)"
2024-07,ing042,"Espresso Panna Base",10.12,1.42,0.14,"Green Healthy (Rock-Solid Stability)"
2024-07,ing043,"Vanilla Syrup",10.00,0,0,"Green Healthy (Rock-Solid Stability)"
2024-07,ing046,"Mango Sticky Rice Mix",14.32,2.65,0.19,"Green Healthy (Rock-Solid Stability)"
2024-07,ing047,"Cold Brew Coffee",45.78,10.97,0.24,"Yellow Warning (Moderately Shifting)"
2024-07,ing048,"Cold Brew Coffee 1.5L",28.40,8.63,0.3,"Yellow Warning (Moderately Shifting)"
2024-07,ing050,"Ginger Fizz 1.5L",31.43,8.55,0.27,"Yellow Warning (Moderately Shifting)"
2024-07,ing051,"Lime Mint Sparkle 33cl",52.40,10.81,0.21,"Yellow Warning (Moderately Shifting)"
2024-07,ing053,"Berry Kombucha 33cl",51.54,10.73,0.21,"Yellow Warning (Moderately Shifting)"
2024-07,ing032,"Cauliflower Florets",16.90,2.86,0.17,"Green Healthy (Rock-Solid Stability)"
2024-07,ing033,"Buffalo Sauce",14.00,0,0,"Green Healthy (Rock-Solid Stability)"
2024-07,ing034,Ranch,13.00,0,0,"Green Healthy (Rock-Solid Stability)"
2024-07,ing044,"Berry Mix",16.12,2.53,0.16,"Green Healthy (Rock-Solid Stability)"
2024-07,ing045,"Oat Crumble",15.92,2.37,0.15,"Green Healthy (Rock-Solid Stability)"
2024-07,ing049,"Ginger Fizz 33cl",59.50,11.03,0.19,"Green Healthy (Rock-Solid Stability)"
2024-07,ing052,"Lime Mint Sparkle 1.5L",31.62,9.13,0.29,"Yellow Warning (Moderately Shifting)"
2024-07,ing054,"Berry Kombucha 1.5L",28.37,9.22,0.32,"Yellow Warning (Moderately Shifting)"
2024-08,ing001,"Flatbread Dough (8-pack)",10.65,9.87,0.93,"Red Alert (Wildly Volatile)"
2024-08,ing002,"Roasted Red Peppers",15.87,2.68,0.17,"Green Healthy (Rock-Solid Stability)"
2024-08,ing003,"Goat Cheese",10.58,1.6,0.15,"Green Healthy (Rock-Solid Stability)"
2024-08,ing004,"Black Olives",20.42,3.42,0.17,"Green Healthy (Rock-Solid Stability)"
2024-08,ing005,"Sun-Dried Tomatoes",13.39,1.36,0.1,"Green Healthy (Rock-Solid Stability)"
2024-08,ing007,Jalapenos,16.19,3.25,0.2,"Yellow Warning (Moderately Shifting)"
2024-08,ing010,"Wild Mushrooms",8.80,4.04,0.46,"Yellow Warning (Moderately Shifting)"
2024-08,ing011,"Truffle Oil",4.84,1.37,0.28,"Yellow Warning (Moderately Shifting)"
2024-08,ing012,Mozzarella,16.94,2.9,0.17,"Green Healthy (Rock-Solid Stability)"
2024-08,ing013,"Fresh Spinach",13.27,2.06,0.16,"Green Healthy (Rock-Solid Stability)"
2024-08,ing014,"Italian Sausage",8.90,1.77,0.2,"Yellow Warning (Moderately Shifting)"
2024-08,ing015,"Roasted Garlic",13.90,2.29,0.16,"Green Healthy (Rock-Solid Stability)"
2024-08,ing016,"Red Onion",16.52,3.14,0.19,"Green Healthy (Rock-Solid Stability)"
2024-08,ing017,"Fresh Basil",8.29,1.02,0.12,"Green Healthy (Rock-Solid Stability)"
2024-08,ing018,"Smoked Salmon",-2.30,3.53,-1.54,"Red Alert (Wildly Volatile)"
2024-08,ing019,"Dill Cream Cheese",9.53,1.84,0.19,"Green Healthy (Rock-Solid Stability)"
2024-08,ing020,Capers,9.97,0.18,0.02,"Green Healthy (Rock-Solid Stability)"
2024-08,ing021,Arugula,13.97,0.18,0.01,"Green Healthy (Rock-Solid Stability)"
2024-08,ing022,"BBQ Brisket",7.42,1.58,0.21,"Yellow Warning (Moderately Shifting)"
2024-08,ing023,"Cheddar Cheese",11.16,2.02,0.18,"Green Healthy (Rock-Solid Stability)"
2024-08,ing024,"BBQ Sauce",13.39,1.96,0.15,"Green Healthy (Rock-Solid Stability)"
2024-08,ing025,"Tandoori Chicken",8.20,1.49,0.18,"Green Healthy (Rock-Solid Stability)"
2024-08,ing026,"Mint Yogurt",11.07,2.08,0.19,"Green Healthy (Rock-Solid Stability)"
2024-08,ing027,"Green Chilli",6.77,0.88,0.13,"Green Healthy (Rock-Solid Stability)"
2024-08,ing028,"Grilled Pineapple",8.71,1.65,0.19,"Green Healthy (Rock-Solid Stability)"
2024-08,ing029,"Pulled Pork",5.29,1.57,0.3,"Yellow Warning (Moderately Shifting)"
2024-08,ing030,"Truffle Fries",17.64,3.11,0.18,"Green Healthy (Rock-Solid Stability)"
2024-08,ing031,Parmesan,8.08,1.52,0.19,"Green Healthy (Rock-Solid Stability)"
2024-08,ing032,"Cauliflower Florets",17.26,2.9,0.17,"Green Healthy (Rock-Solid Stability)"
2024-08,ing033,"Buffalo Sauce",12.96,0.19,0.01,"Green Healthy (Rock-Solid Stability)"
2024-08,ing034,Ranch,13.00,0,0,"Green Healthy (Rock-Solid Stability)"
2024-08,ing035,"Garlic Knots",23.93,3.94,0.16,"Green Healthy (Rock-Solid Stability)"
2024-08,ing036,Kale,18.84,0.97,0.05,"Green Healthy (Rock-Solid Stability)"
2024-08,ing037,Spinach,13.16,2.2,0.17,"Green Healthy (Rock-Solid Stability)"
2024-08,ing038,Avocado,10.44,0.5,0.05,"Green Healthy (Rock-Solid Stability)"
2024-08,ing039,"Mixed Seeds",15.00,0,0,"Green Healthy (Rock-Solid Stability)"
2024-08,ing040,"Caramel Filling",11.46,2.04,0.18,"Green Healthy (Rock-Solid Stability)"
2024-08,ing041,"Chocolate Syrup",17.00,0,0,"Green Healthy (Rock-Solid Stability)"
2024-08,ing042,"Espresso Panna Base",9.89,1.52,0.15,"Green Healthy (Rock-Solid Stability)"
2024-08,ing043,"Vanilla Syrup",10.00,0,0,"Green Healthy (Rock-Solid Stability)"
2024-08,ing044,"Berry Mix",17.83,2.81,0.16,"Green Healthy (Rock-Solid Stability)"
2024-08,ing045,"Oat Crumble",15.52,2,0.13,"Green Healthy (Rock-Solid Stability)"
2024-08,ing047,"Cold Brew Coffee",50.30,11.48,0.23,"Yellow Warning (Moderately Shifting)"
2024-08,ing048,"Cold Brew Coffee 1.5L",28.19,9.47,0.34,"Yellow Warning (Moderately Shifting)"
2024-08,ing050,"Ginger Fizz 1.5L",31.44,7.93,0.25,"Yellow Warning (Moderately Shifting)"
2024-08,ing051,"Lime Mint Sparkle 33cl",57.00,12.03,0.21,"Yellow Warning (Moderately Shifting)"
2024-08,ing052,"Lime Mint Sparkle 1.5L",30.04,7.47,0.25,"Yellow Warning (Moderately Shifting)"
2024-08,ing053,"Berry Kombucha 33cl",54.12,10.49,0.19,"Green Healthy (Rock-Solid Stability)"
2024-08,ing054,"Berry Kombucha 1.5L",30.31,8.98,0.3,"Yellow Warning (Moderately Shifting)"
2024-08,ing006,"Spicy Chicken",8.83,1.44,0.16,"Green Healthy (Rock-Solid Stability)"
2024-08,ing008,"Smoked Gouda",9.31,1.68,0.18,"Green Healthy (Rock-Solid Stability)"
2024-08,ing009,"Chipotle Sauce",14.38,1.9,0.13,"Green Healthy (Rock-Solid Stability)"
2024-08,ing049,"Ginger Fizz 33cl",47.92,11.78,0.25,"Yellow Warning (Moderately Shifting)"
2024-08,ing046,"Mango Sticky Rice Mix",14.62,2.3,0.16,"Green Healthy (Rock-Solid Stability)"
2024-09,ing001,"Flatbread Dough (8-pack)",14.67,9.02,0.61,"Red Alert (Wildly Volatile)"
2024-09,ing002,"Roasted Red Peppers",16.24,1.04,0.06,"Green Healthy (Rock-Solid Stability)"
2024-09,ing003,"Goat Cheese",10.83,1.93,0.18,"Green Healthy (Rock-Solid Stability)"
2024-09,ing004,"Black Olives",22.55,3.08,0.14,"Green Healthy (Rock-Solid Stability)"
2024-09,ing005,"Sun-Dried Tomatoes",16.69,0.46,0.03,"Green Healthy (Rock-Solid Stability)"
2024-09,ing006,"Spicy Chicken",8.64,1.65,0.19,"Green Healthy (Rock-Solid Stability)"
2024-09,ing007,Jalapenos,16.87,3.69,0.22,"Yellow Warning (Moderately Shifting)"
2024-09,ing008,"Smoked Gouda",9.57,1.88,0.2,"Yellow Warning (Moderately Shifting)"
2024-09,ing009,"Chipotle Sauce",14.39,2.26,0.16,"Green Healthy (Rock-Solid Stability)"
2024-09,ing010,"Wild Mushrooms",9.59,3.25,0.34,"Yellow Warning (Moderately Shifting)"
2024-09,ing011,"Truffle Oil",4.97,1.35,0.27,"Yellow Warning (Moderately Shifting)"
2024-09,ing012,Mozzarella,17.90,3,0.17,"Green Healthy (Rock-Solid Stability)"
2024-09,ing013,"Fresh Spinach",13.00,2.45,0.19,"Green Healthy (Rock-Solid Stability)"
2024-09,ing014,"Italian Sausage",9.43,1.87,0.2,"Yellow Warning (Moderately Shifting)"
2024-09,ing015,"Roasted Garlic",14.37,2.37,0.17,"Green Healthy (Rock-Solid Stability)"
2024-09,ing016,"Red Onion",17.87,3.23,0.18,"Green Healthy (Rock-Solid Stability)"
2024-09,ing017,"Fresh Basil",9.13,0.56,0.06,"Green Healthy (Rock-Solid Stability)"
2024-09,ing018,"Smoked Salmon",-3.93,3.71,-0.94,"Red Alert (Wildly Volatile)"
2024-09,ing019,"Dill Cream Cheese",8.47,1.98,0.23,"Yellow Warning (Moderately Shifting)"
2024-09,ing020,Capers,8.83,0.86,0.1,"Green Healthy (Rock-Solid Stability)"
2024-09,ing021,Arugula,12.60,1.84,0.15,"Green Healthy (Rock-Solid Stability)"
2024-09,ing022,"BBQ Brisket",7.67,1.42,0.19,"Green Healthy (Rock-Solid Stability)"
2024-09,ing023,"Cheddar Cheese",12.03,2.09,0.17,"Green Healthy (Rock-Solid Stability)"
2024-09,ing024,"BBQ Sauce",14.77,1.86,0.13,"Green Healthy (Rock-Solid Stability)"
2024-09,ing025,"Tandoori Chicken",8.45,1.63,0.19,"Green Healthy (Rock-Solid Stability)"
2024-09,ing026,"Mint Yogurt",11.31,1.88,0.17,"Green Healthy (Rock-Solid Stability)"
2024-09,ing027,"Green Chilli",7.00,1.39,0.2,"Yellow Warning (Moderately Shifting)"
2024-09,ing028,"Grilled Pineapple",9.36,1.74,0.19,"Green Healthy (Rock-Solid Stability)"
2024-09,ing029,"Pulled Pork",5.93,1.53,0.26,"Yellow Warning (Moderately Shifting)"
2024-09,ing030,"Truffle Fries",18.71,3.24,0.17,"Green Healthy (Rock-Solid Stability)"
2024-09,ing031,Parmesan,10.00,0,0,"Green Healthy (Rock-Solid Stability)"
2024-09,ing032,"Cauliflower Florets",16.92,2.54,0.15,"Green Healthy (Rock-Solid Stability)"
2024-09,ing033,"Buffalo Sauce",12.00,0,0,"Green Healthy (Rock-Solid Stability)"
2024-09,ing034,Ranch,13.00,0,0,"Green Healthy (Rock-Solid Stability)"
2024-09,ing035,"Garlic Knots",25.17,3.37,0.13,"Green Healthy (Rock-Solid Stability)"
2024-09,ing036,Kale,18.00,0,0,"Green Healthy (Rock-Solid Stability)"
2024-09,ing037,Spinach,14.29,2.4,0.17,"Green Healthy (Rock-Solid Stability)"
2024-09,ing038,Avocado,10.00,0,0,"Green Healthy (Rock-Solid Stability)"
2024-09,ing039,"Mixed Seeds",15.00,0,0,"Green Healthy (Rock-Solid Stability)"
2024-09,ing040,"Caramel Filling",11.78,1.84,0.16,"Green Healthy (Rock-Solid Stability)"
2024-09,ing041,"Chocolate Syrup",17.00,0,0,"Green Healthy (Rock-Solid Stability)"
2024-09,ing042,"Espresso Panna Base",9.40,1.9,0.2,"Yellow Warning (Moderately Shifting)"
2024-09,ing043,"Vanilla Syrup",10.00,0,0,"Green Healthy (Rock-Solid Stability)"
2024-09,ing044,"Berry Mix",16.14,2.07,0.13,"Green Healthy (Rock-Solid Stability)"
2024-09,ing045,"Oat Crumble",15.27,0.96,0.06,"Green Healthy (Rock-Solid Stability)"
2024-09,ing046,"Mango Sticky Rice Mix",14.92,2.68,0.18,"Green Healthy (Rock-Solid Stability)"
2024-09,ing047,"Cold Brew Coffee",49.38,9.27,0.19,"Green Healthy (Rock-Solid Stability)"
2024-09,ing048,"Cold Brew Coffee 1.5L",29.64,9.13,0.31,"Yellow Warning (Moderately Shifting)"
2024-09,ing049,"Ginger Fizz 33cl",52.35,12.15,0.23,"Yellow Warning (Moderately Shifting)"
2024-09,ing050,"Ginger Fizz 1.5L",33.69,8.03,0.24,"Yellow Warning (Moderately Shifting)"
2024-09,ing051,"Lime Mint Sparkle 33cl",58.04,11.69,0.2,"Yellow Warning (Moderately Shifting)"
2024-09,ing052,"Lime Mint Sparkle 1.5L",29.83,7.72,0.26,"Yellow Warning (Moderately Shifting)"
2024-09,ing053,"Berry Kombucha 33cl",49.17,9.44,0.19,"Green Healthy (Rock-Solid Stability)"
2024-09,ing054,"Berry Kombucha 1.5L",29.48,9.25,0.31,"Yellow Warning (Moderately Shifting)"
2024-10,ing001,"Flatbread Dough (8-pack)",10.32,9.47,0.92,"Red Alert (Wildly Volatile)"
2024-10,ing002,"Roasted Red Peppers",14.74,1.83,0.12,"Green Healthy (Rock-Solid Stability)"
2024-10,ing003,"Goat Cheese",11.19,1.79,0.16,"Green Healthy (Rock-Solid Stability)"
2024-10,ing004,"Black Olives",20.71,3.48,0.17,"Green Healthy (Rock-Solid Stability)"
2024-10,ing005,"Sun-Dried Tomatoes",15.71,0.68,0.04,"Green Healthy (Rock-Solid Stability)"
2024-10,ing006,"Spicy Chicken",8.67,1.42,0.16,"Green Healthy (Rock-Solid Stability)"
2024-10,ing007,Jalapenos,15.71,3.22,0.21,"Yellow Warning (Moderately Shifting)"
2024-10,ing008,"Smoked Gouda",9.27,2.02,0.22,"Yellow Warning (Moderately Shifting)"
2024-10,ing009,"Chipotle Sauce",14.93,2.43,0.16,"Green Healthy (Rock-Solid Stability)"
2024-10,ing010,"Wild Mushrooms",10.21,3.3,0.32,"Yellow Warning (Moderately Shifting)"
2024-10,ing011,"Truffle Oil",4.87,1.21,0.25,"Yellow Warning (Moderately Shifting)"
2024-10,ing012,Mozzarella,16.83,2.75,0.16,"Green Healthy (Rock-Solid Stability)"
2024-10,ing013,"Fresh Spinach",13.00,1.73,0.13,"Green Healthy (Rock-Solid Stability)"
2024-10,ing014,"Italian Sausage",8.77,1.7,0.19,"Green Healthy (Rock-Solid Stability)"
2024-10,ing015,"Roasted Garlic",14.74,1.98,0.13,"Green Healthy (Rock-Solid Stability)"
2024-10,ing016,"Red Onion",17.03,2.98,0.17,"Green Healthy (Rock-Solid Stability)"
2024-10,ing017,"Fresh Basil",7.58,0.87,0.11,"Green Healthy (Rock-Solid Stability)"
2024-10,ing018,"Smoked Salmon",-5.42,4.21,-0.78,"Red Alert (Wildly Volatile)"
2024-10,ing019,"Dill Cream Cheese",8.58,1.91,0.22,"Yellow Warning (Moderately Shifting)"
2024-10,ing020,Capers,8.39,0.94,0.11,"Green Healthy (Rock-Solid Stability)"
2024-10,ing021,Arugula,12.97,1.23,0.09,"Green Healthy (Rock-Solid Stability)"
2024-10,ing022,"BBQ Brisket",7.26,1.76,0.24,"Yellow Warning (Moderately Shifting)"
2024-10,ing023,"Cheddar Cheese",11.23,1.96,0.17,"Green Healthy (Rock-Solid Stability)"
2024-10,ing024,"BBQ Sauce",13.77,2.28,0.17,"Green Healthy (Rock-Solid Stability)"
2024-10,ing025,"Tandoori Chicken",8.32,1.65,0.2,"Yellow Warning (Moderately Shifting)"
2024-10,ing026,"Mint Yogurt",10.16,1.63,0.16,"Green Healthy (Rock-Solid Stability)"
2024-10,ing027,"Green Chilli",6.81,1.45,0.21,"Yellow Warning (Moderately Shifting)"
2024-10,ing028,"Grilled Pineapple",9.04,1.66,0.18,"Green Healthy (Rock-Solid Stability)"
2024-10,ing029,"Pulled Pork",5.21,2.02,0.39,"Yellow Warning (Moderately Shifting)"
2024-10,ing030,"Truffle Fries",19.52,2.91,0.15,"Green Healthy (Rock-Solid Stability)"
2024-10,ing031,Parmesan,10.00,0,0,"Green Healthy (Rock-Solid Stability)"
2024-10,ing032,"Cauliflower Florets",16.88,2.47,0.15,"Green Healthy (Rock-Solid Stability)"
2024-10,ing033,"Buffalo Sauce",11.23,0.42,0.04,"Green Healthy (Rock-Solid Stability)"
2024-10,ing034,Ranch,13.00,0,0,"Green Healthy (Rock-Solid Stability)"
2024-10,ing035,"Garlic Knots",25.18,3.5,0.14,"Green Healthy (Rock-Solid Stability)"
2024-10,ing036,Kale,17.92,0.27,0.02,"Green Healthy (Rock-Solid Stability)"
2024-10,ing037,Spinach,13.60,2.24,0.17,"Green Healthy (Rock-Solid Stability)"
2024-10,ing038,Avocado,10.00,0,0,"Green Healthy (Rock-Solid Stability)"
2024-10,ing039,"Mixed Seeds",15.00,0,0,"Green Healthy (Rock-Solid Stability)"
2024-10,ing040,"Caramel Filling",11.64,1.82,0.16,"Green Healthy (Rock-Solid Stability)"
2024-10,ing041,"Chocolate Syrup",17.00,0,0,"Green Healthy (Rock-Solid Stability)"
2024-10,ing044,"Berry Mix",18.33,2.87,0.16,"Green Healthy (Rock-Solid Stability)"
2024-10,ing045,"Oat Crumble",13.48,2.03,0.15,"Green Healthy (Rock-Solid Stability)"
2024-10,ing046,"Mango Sticky Rice Mix",13.92,1.9,0.14,"Green Healthy (Rock-Solid Stability)"
2024-10,ing047,"Cold Brew Coffee",47.89,11.03,0.23,"Yellow Warning (Moderately Shifting)"
2024-10,ing048,"Cold Brew Coffee 1.5L",26.90,7.07,0.26,"Yellow Warning (Moderately Shifting)"
2024-10,ing049,"Ginger Fizz 33cl",54.36,12.03,0.22,"Yellow Warning (Moderately Shifting)"
2024-10,ing050,"Ginger Fizz 1.5L",33.15,8.48,0.26,"Yellow Warning (Moderately Shifting)"
2024-10,ing052,"Lime Mint Sparkle 1.5L",34.88,9.32,0.27,"Yellow Warning (Moderately Shifting)"
2024-10,ing053,"Berry Kombucha 33cl",48.13,12.7,0.26,"Yellow Warning (Moderately Shifting)"
2024-10,ing054,"Berry Kombucha 1.5L",30.19,7.11,0.24,"Yellow Warning (Moderately Shifting)"
2024-10,ing042,"Espresso Panna Base",9.78,1.17,0.12,"Green Healthy (Rock-Solid Stability)"
2024-10,ing043,"Vanilla Syrup",10.00,0,0,"Green Healthy (Rock-Solid Stability)"
2024-10,ing051,"Lime Mint Sparkle 33cl",57.50,11.04,0.19,"Green Healthy (Rock-Solid Stability)"
2024-11,ing001,"Flatbread Dough (8-pack)",13.03,8.96,0.69,"Red Alert (Wildly Volatile)"
2024-11,ing002,"Roasted Red Peppers",19.07,1.18,0.06,"Green Healthy (Rock-Solid Stability)"
2024-11,ing003,"Goat Cheese",11.13,1.77,0.16,"Green Healthy (Rock-Solid Stability)"
2024-11,ing004,"Black Olives",19.20,2.39,0.12,"Green Healthy (Rock-Solid Stability)"
2024-11,ing005,"Sun-Dried Tomatoes",13.33,2.27,0.17,"Green Healthy (Rock-Solid Stability)"
2024-11,ing006,"Spicy Chicken",8.66,1.82,0.21,"Yellow Warning (Moderately Shifting)"
2024-11,ing007,Jalapenos,17.20,2.9,0.17,"Green Healthy (Rock-Solid Stability)"
2024-11,ing008,"Smoked Gouda",9.52,2.03,0.21,"Yellow Warning (Moderately Shifting)"
2024-11,ing009,"Chipotle Sauce",16.34,2.41,0.15,"Green Healthy (Rock-Solid Stability)"
2024-11,ing011,"Truffle Oil",4.93,1.17,0.24,"Yellow Warning (Moderately Shifting)"
2024-11,ing012,Mozzarella,16.40,2.65,0.16,"Green Healthy (Rock-Solid Stability)"
2024-11,ing014,"Italian Sausage",8.86,1.76,0.2,"Yellow Warning (Moderately Shifting)"
2024-11,ing015,"Roasted Garlic",14.31,2.57,0.18,"Green Healthy (Rock-Solid Stability)"
2024-11,ing016,"Red Onion",16.87,3.42,0.2,"Yellow Warning (Moderately Shifting)"
2024-11,ing017,"Fresh Basil",7.69,0.95,0.12,"Green Healthy (Rock-Solid Stability)"
2024-11,ing018,"Smoked Salmon",-0.43,3.13,-7.31,"Red Alert (Wildly Volatile)"
2024-11,ing019,"Dill Cream Cheese",9.32,1.56,0.17,"Green Healthy (Rock-Solid Stability)"
2024-11,ing020,Capers,9.00,0,0,"Green Healthy (Rock-Solid Stability)"
2024-11,ing021,Arugula,11.00,0,0,"Green Healthy (Rock-Solid Stability)"
2024-11,ing022,"BBQ Brisket",7.55,1.5,0.2,"Yellow Warning (Moderately Shifting)"
2024-11,ing023,"Cheddar Cheese",11.14,1.81,0.16,"Green Healthy (Rock-Solid Stability)"
2024-11,ing024,"BBQ Sauce",14.62,1.69,0.12,"Green Healthy (Rock-Solid Stability)"
2024-11,ing025,"Tandoori Chicken",8.45,1.65,0.2,"Yellow Warning (Moderately Shifting)"
2024-11,ing026,"Mint Yogurt",9.38,1.24,0.13,"Green Healthy (Rock-Solid Stability)"
2024-11,ing027,"Green Chilli",6.93,1.14,0.16,"Green Healthy (Rock-Solid Stability)"
2024-11,ing028,"Grilled Pineapple",9.27,1.5,0.16,"Green Healthy (Rock-Solid Stability)"
2024-11,ing029,"Pulled Pork",5.40,1.7,0.32,"Yellow Warning (Moderately Shifting)"
2024-11,ing030,"Truffle Fries",19.15,2.9,0.15,"Green Healthy (Rock-Solid Stability)"
2024-11,ing031,Parmesan,10.00,0,0,"Green Healthy (Rock-Solid Stability)"
2024-11,ing032,"Cauliflower Florets",16.08,2.56,0.16,"Green Healthy (Rock-Solid Stability)"
2024-11,ing033,"Buffalo Sauce",12.88,2.36,0.18,"Green Healthy (Rock-Solid Stability)"
2024-11,ing034,Ranch,12.35,0.48,0.04,"Green Healthy (Rock-Solid Stability)"
2024-11,ing035,"Garlic Knots",25.54,4.25,0.17,"Green Healthy (Rock-Solid Stability)"
2024-11,ing036,Kale,16.00,0,0,"Green Healthy (Rock-Solid Stability)"
2024-11,ing037,Spinach,14.04,2.49,0.18,"Green Healthy (Rock-Solid Stability)"
2024-11,ing038,Avocado,10.00,0,0,"Green Healthy (Rock-Solid Stability)"
2024-11,ing039,"Mixed Seeds",15.00,0,0,"Green Healthy (Rock-Solid Stability)"
2024-11,ing040,"Caramel Filling",11.56,1.81,0.16,"Green Healthy (Rock-Solid Stability)"
2024-11,ing041,"Chocolate Syrup",17.00,0,0,"Green Healthy (Rock-Solid Stability)"
2024-11,ing044,"Berry Mix",17.04,2.7,0.16,"Green Healthy (Rock-Solid Stability)"
2024-11,ing045,"Oat Crumble",15.27,1.61,0.11,"Green Healthy (Rock-Solid Stability)"
2024-11,ing046,"Mango Sticky Rice Mix",14.52,2.62,0.18,"Green Healthy (Rock-Solid Stability)"
2024-11,ing047,"Cold Brew Coffee",46.96,13.54,0.29,"Yellow Warning (Moderately Shifting)"
2024-11,ing048,"Cold Brew Coffee 1.5L",29.42,6.25,0.21,"Yellow Warning (Moderately Shifting)"
2024-11,ing049,"Ginger Fizz 33cl",56.00,11.67,0.21,"Yellow Warning (Moderately Shifting)"
2024-11,ing050,"Ginger Fizz 1.5L",33.00,10.24,0.31,"Yellow Warning (Moderately Shifting)"
2024-11,ing051,"Lime Mint Sparkle 33cl",54.07,10.32,0.19,"Green Healthy (Rock-Solid Stability)"
2024-11,ing054,"Berry Kombucha 1.5L",27.93,8.13,0.29,"Yellow Warning (Moderately Shifting)"
2024-11,ing010,"Wild Mushrooms",11.29,2.66,0.24,"Yellow Warning (Moderately Shifting)"
2024-11,ing013,"Fresh Spinach",14.04,2.28,0.16,"Green Healthy (Rock-Solid Stability)"
2024-11,ing052,"Lime Mint Sparkle 1.5L",29.73,7.5,0.25,"Yellow Warning (Moderately Shifting)"
2024-11,ing053,"Berry Kombucha 33cl",49.28,12.84,0.26,"Yellow Warning (Moderately Shifting)"
2024-11,ing042,"Espresso Panna Base",9.46,1.69,0.18,"Green Healthy (Rock-Solid Stability)"
2024-11,ing043,"Vanilla Syrup",10.00,0,0,"Green Healthy (Rock-Solid Stability)"
2024-12,ing001,"Flatbread Dough (8-pack)",7.87,7.84,1,"Red Alert (Wildly Volatile)"
2024-12,ing002,"Roasted Red Peppers",15.97,2.29,0.14,"Green Healthy (Rock-Solid Stability)"
2024-12,ing003,"Goat Cheese",10.03,1.8,0.18,"Green Healthy (Rock-Solid Stability)"
2024-12,ing004,"Black Olives",20.61,3.14,0.15,"Green Healthy (Rock-Solid Stability)"
2024-12,ing005,"Sun-Dried Tomatoes",14.87,2.73,0.18,"Green Healthy (Rock-Solid Stability)"
2024-12,ing006,"Spicy Chicken",8.97,1.66,0.18,"Green Healthy (Rock-Solid Stability)"
2024-12,ing007,Jalapenos,16.58,3.08,0.19,"Green Healthy (Rock-Solid Stability)"
2024-12,ing008,"Smoked Gouda",9.61,1.88,0.2,"Yellow Warning (Moderately Shifting)"
2024-12,ing009,"Chipotle Sauce",14.45,1.6,0.11,"Green Healthy (Rock-Solid Stability)"
2024-12,ing010,"Wild Mushrooms",11.29,3.77,0.33,"Yellow Warning (Moderately Shifting)"
2024-12,ing011,"Truffle Oil",4.97,0.97,0.19,"Green Healthy (Rock-Solid Stability)"
2024-12,ing012,Mozzarella,17.13,2.95,0.17,"Green Healthy (Rock-Solid Stability)"
2024-12,ing013,"Fresh Spinach",12.26,1.81,0.15,"Green Healthy (Rock-Solid Stability)"
2024-12,ing014,"Italian Sausage",9.10,1.62,0.18,"Green Healthy (Rock-Solid Stability)"
2024-12,ing015,"Roasted Garlic",15.53,2.43,0.16,"Green Healthy (Rock-Solid Stability)"
2024-12,ing016,"Red Onion",16.71,2.94,0.18,"Green Healthy (Rock-Solid Stability)"
2024-12,ing017,"Fresh Basil",7.90,1.04,0.13,"Green Healthy (Rock-Solid Stability)"
2024-12,ing018,"Smoked Salmon",-2.17,3.05,-1.41,"Red Alert (Wildly Volatile)"
2024-12,ing019,"Dill Cream Cheese",9.10,1.89,0.21,"Yellow Warning (Moderately Shifting)"
2024-12,ing020,Capers,8.13,0.34,0.04,"Green Healthy (Rock-Solid Stability)"
2024-12,ing021,Arugula,15.03,3.02,0.2,"Yellow Warning (Moderately Shifting)"
2024-12,ing022,"BBQ Brisket",7.58,1.43,0.19,"Green Healthy (Rock-Solid Stability)"
2024-12,ing023,"Cheddar Cheese",11.45,1.93,0.17,"Green Healthy (Rock-Solid Stability)"
2024-12,ing024,"BBQ Sauce",14.81,2.02,0.14,"Green Healthy (Rock-Solid Stability)"
2024-12,ing025,"Tandoori Chicken",8.63,1.72,0.2,"Yellow Warning (Moderately Shifting)"
2024-12,ing026,"Mint Yogurt",11.30,2.16,0.19,"Green Healthy (Rock-Solid Stability)"
2024-12,ing027,"Green Chilli",7.13,1.36,0.19,"Green Healthy (Rock-Solid Stability)"
2024-12,ing028,"Grilled Pineapple",8.83,1.86,0.21,"Yellow Warning (Moderately Shifting)"
2024-12,ing029,"Pulled Pork",4.97,1.76,0.35,"Yellow Warning (Moderately Shifting)"
2024-12,ing030,"Truffle Fries",16.31,3.12,0.19,"Green Healthy (Rock-Solid Stability)"
2024-12,ing031,Parmesan,9.77,0.42,0.04,"Green Healthy (Rock-Solid Stability)"
2024-12,ing032,"Cauliflower Florets",15.03,2.79,0.19,"Green Healthy (Rock-Solid Stability)"
2024-12,ing033,"Buffalo Sauce",14.00,0,0,"Green Healthy (Rock-Solid Stability)"
2024-12,ing034,Ranch,12.00,0,0,"Green Healthy (Rock-Solid Stability)"
2024-12,ing035,"Garlic Knots",24.67,3.5,0.14,"Green Healthy (Rock-Solid Stability)"
2024-12,ing036,Kale,15.14,0.46,0.03,"Green Healthy (Rock-Solid Stability)"
2024-12,ing037,Spinach,14.59,2.19,0.15,"Green Healthy (Rock-Solid Stability)"
2024-12,ing038,Avocado,13.27,2.54,0.19,"Green Healthy (Rock-Solid Stability)"
2024-12,ing039,"Mixed Seeds",15.00,0,0,"Green Healthy (Rock-Solid Stability)"
2024-12,ing040,"Caramel Filling",12.46,2.1,0.17,"Green Healthy (Rock-Solid Stability)"
2024-12,ing041,"Chocolate Syrup",17.00,0,0,"Green Healthy (Rock-Solid Stability)"
2024-12,ing046,"Mango Sticky Rice Mix",15.55,3.21,0.21,"Yellow Warning (Moderately Shifting)"
2024-12,ing047,"Cold Brew Coffee",49.14,12.59,0.26,"Yellow Warning (Moderately Shifting)"
2024-12,ing048,"Cold Brew Coffee 1.5L",27.78,9.57,0.34,"Yellow Warning (Moderately Shifting)"
2024-12,ing049,"Ginger Fizz 33cl",53.22,9.16,0.17,"Green Healthy (Rock-Solid Stability)"
2024-12,ing050,"Ginger Fizz 1.5L",31.52,8.29,0.26,"Yellow Warning (Moderately Shifting)"
2024-12,ing051,"Lime Mint Sparkle 33cl",57.83,10.2,0.18,"Green Healthy (Rock-Solid Stability)"
2024-12,ing053,"Berry Kombucha 33cl",49.71,9.52,0.19,"Green Healthy (Rock-Solid Stability)"
2024-12,ing054,"Berry Kombucha 1.5L",30.92,8.44,0.27,"Yellow Warning (Moderately Shifting)"
2024-12,ing042,"Espresso Panna Base",9.32,1.38,0.15,"Green Healthy (Rock-Solid Stability)"
2024-12,ing043,"Vanilla Syrup",10.00,0,0,"Green Healthy (Rock-Solid Stability)"
2024-12,ing044,"Berry Mix",17.40,3.39,0.2,"Yellow Warning (Moderately Shifting)"
2024-12,ing045,"Oat Crumble",14.56,1.98,0.14,"Green Healthy (Rock-Solid Stability)"
2024-12,ing052,"Lime Mint Sparkle 1.5L",32.17,9.24,0.29,"Yellow Warning (Moderately Shifting)"
2025-01,ing001,"Flatbread Dough (8-pack)",10.55,8.91,0.85,"Red Alert (Wildly Volatile)"
2025-01,ing002,"Roasted Red Peppers",16.70,2.76,0.17,"Green Healthy (Rock-Solid Stability)"
2025-01,ing003,"Goat Cheese",10.73,1.73,0.16,"Green Healthy (Rock-Solid Stability)"
2025-01,ing004,"Black Olives",20.10,3.24,0.16,"Green Healthy (Rock-Solid Stability)"
2025-01,ing005,"Sun-Dried Tomatoes",13.73,1.91,0.14,"Green Healthy (Rock-Solid Stability)"
2025-01,ing006,"Spicy Chicken",8.55,1.86,0.22,"Yellow Warning (Moderately Shifting)"
2025-01,ing007,Jalapenos,16.19,3.01,0.19,"Green Healthy (Rock-Solid Stability)"
2025-01,ing008,"Smoked Gouda",8.97,1.73,0.19,"Green Healthy (Rock-Solid Stability)"
2025-01,ing009,"Chipotle Sauce",15.16,2.2,0.15,"Green Healthy (Rock-Solid Stability)"
2025-01,ing010,"Wild Mushrooms",9.63,3.21,0.33,"Yellow Warning (Moderately Shifting)"
2025-01,ing011,"Truffle Oil",4.81,1.09,0.23,"Yellow Warning (Moderately Shifting)"
2025-01,ing012,Mozzarella,17.55,2.82,0.16,"Green Healthy (Rock-Solid Stability)"
2025-01,ing013,"Fresh Spinach",12.47,1.48,0.12,"Green Healthy (Rock-Solid Stability)"
2025-01,ing014,"Italian Sausage",9.00,1.93,0.21,"Yellow Warning (Moderately Shifting)"
2025-01,ing015,"Roasted Garlic",14.16,2.03,0.14,"Green Healthy (Rock-Solid Stability)"
2025-01,ing016,"Red Onion",17.32,3.29,0.19,"Green Healthy (Rock-Solid Stability)"
2025-01,ing017,"Fresh Basil",8.16,0.92,0.11,"Green Healthy (Rock-Solid Stability)"
2025-01,ing018,"Smoked Salmon",-1.84,4.14,-2.25,"Red Alert (Wildly Volatile)"
2025-01,ing019,"Dill Cream Cheese",8.94,2.02,0.23,"Yellow Warning (Moderately Shifting)"
2025-01,ing020,Capers,8.90,1.28,0.14,"Green Healthy (Rock-Solid Stability)"
2025-01,ing021,Arugula,15.84,1.17,0.07,"Green Healthy (Rock-Solid Stability)"
2025-01,ing022,"BBQ Brisket",7.16,1.63,0.23,"Yellow Warning (Moderately Shifting)"
2025-01,ing023,"Cheddar Cheese",10.55,1.88,0.18,"Green Healthy (Rock-Solid Stability)"
2025-01,ing024,"BBQ Sauce",13.42,2.15,0.16,"Green Healthy (Rock-Solid Stability)"
2025-01,ing025,"Tandoori Chicken",8.45,1.52,0.18,"Green Healthy (Rock-Solid Stability)"
2025-01,ing026,"Mint Yogurt",11.23,1.58,0.14,"Green Healthy (Rock-Solid Stability)"
2025-01,ing027,"Green Chilli",6.77,1.34,0.2,"Yellow Warning (Moderately Shifting)"
2025-01,ing028,"Grilled Pineapple",9.32,1.91,0.2,"Yellow Warning (Moderately Shifting)"
2025-01,ing029,"Pulled Pork",5.00,1.68,0.34,"Yellow Warning (Moderately Shifting)"
2025-01,ing030,"Truffle Fries",19.22,3.19,0.17,"Green Healthy (Rock-Solid Stability)"
2025-01,ing031,Parmesan,8.57,1.01,0.12,"Green Healthy (Rock-Solid Stability)"
2025-01,ing035,"Garlic Knots",24.81,4.25,0.17,"Green Healthy (Rock-Solid Stability)"
2025-01,ing040,"Caramel Filling",11.56,1.73,0.15,"Green Healthy (Rock-Solid Stability)"
2025-01,ing041,"Chocolate Syrup",17.00,0,0,"Green Healthy (Rock-Solid Stability)"
2025-01,ing042,"Espresso Panna Base",9.70,1.78,0.18,"Green Healthy (Rock-Solid Stability)"
2025-01,ing043,"Vanilla Syrup",10.00,0,0,"Green Healthy (Rock-Solid Stability)"
2025-01,ing044,"Berry Mix",19.00,1.65,0.09,"Green Healthy (Rock-Solid Stability)"
2025-01,ing045,"Oat Crumble",14.12,2.23,0.16,"Green Healthy (Rock-Solid Stability)"
2025-01,ing046,"Mango Sticky Rice Mix",16.00,1.95,0.12,"Green Healthy (Rock-Solid Stability)"
2025-01,ing047,"Cold Brew Coffee",45.69,9.67,0.21,"Yellow Warning (Moderately Shifting)"
2025-01,ing048,"Cold Brew Coffee 1.5L",26.35,7.64,0.29,"Yellow Warning (Moderately Shifting)"
2025-01,ing049,"Ginger Fizz 33cl",50.92,10.33,0.2,"Yellow Warning (Moderately Shifting)"
2025-01,ing050,"Ginger Fizz 1.5L",30.36,8.07,0.27,"Yellow Warning (Moderately Shifting)"
2025-01,ing051,"Lime Mint Sparkle 33cl",55.21,10.38,0.19,"Green Healthy (Rock-Solid Stability)"
2025-01,ing052,"Lime Mint Sparkle 1.5L",29.78,8.62,0.29,"Yellow Warning (Moderately Shifting)"
2025-01,ing053,"Berry Kombucha 33cl",48.44,12.21,0.25,"Yellow Warning (Moderately Shifting)"
2025-01,ing054,"Berry Kombucha 1.5L",29.83,7.1,0.24,"Yellow Warning (Moderately Shifting)"
2025-01,ing032,"Cauliflower Florets",16.86,3.06,0.18,"Green Healthy (Rock-Solid Stability)"
2025-01,ing033,"Buffalo Sauce",11.82,1.64,0.14,"Green Healthy (Rock-Solid Stability)"
2025-01,ing034,Ranch,11.18,0.39,0.03,"Green Healthy (Rock-Solid Stability)"
2025-01,ing036,Kale,16.39,3.55,0.22,"Yellow Warning (Moderately Shifting)"
2025-01,ing037,Spinach,13.96,2.4,0.17,"Green Healthy (Rock-Solid Stability)"
2025-01,ing038,Avocado,15.00,0,0,"Green Healthy (Rock-Solid Stability)"
2025-01,ing039,"Mixed Seeds",15.00,0,0,"Green Healthy (Rock-Solid Stability)"
2025-02,ing001,"Flatbread Dough (8-pack)",9.82,10.23,1.04,"Red Alert (Wildly Volatile)"
2025-02,ing002,"Roasted Red Peppers",15.82,1.14,0.07,"Green Healthy (Rock-Solid Stability)"
2025-02,ing003,"Goat Cheese",10.43,1.97,0.19,"Green Healthy (Rock-Solid Stability)"
2025-02,ing004,"Black Olives",18.82,1.14,0.06,"Green Healthy (Rock-Solid Stability)"
2025-02,ing005,"Sun-Dried Tomatoes",16.46,1.18,0.07,"Green Healthy (Rock-Solid Stability)"
2025-02,ing006,"Spicy Chicken",8.29,1.56,0.19,"Green Healthy (Rock-Solid Stability)"
2025-02,ing007,Jalapenos,16.79,2.64,0.16,"Green Healthy (Rock-Solid Stability)"
2025-02,ing008,"Smoked Gouda",9.61,2.37,0.25,"Yellow Warning (Moderately Shifting)"
2025-02,ing009,"Chipotle Sauce",15.71,2.95,0.19,"Green Healthy (Rock-Solid Stability)"
2025-02,ing010,"Wild Mushrooms",8.86,3.47,0.39,"Yellow Warning (Moderately Shifting)"
2025-02,ing011,"Truffle Oil",4.61,1.35,0.29,"Yellow Warning (Moderately Shifting)"
2025-02,ing012,Mozzarella,17.14,2.91,0.17,"Green Healthy (Rock-Solid Stability)"
2025-02,ing013,"Fresh Spinach",13.11,1.95,0.15,"Green Healthy (Rock-Solid Stability)"
2025-02,ing014,"Italian Sausage",8.56,1.97,0.23,"Yellow Warning (Moderately Shifting)"
2025-02,ing015,"Roasted Garlic",14.67,2.51,0.17,"Green Healthy (Rock-Solid Stability)"
2025-02,ing016,"Red Onion",16.79,3.02,0.18,"Green Healthy (Rock-Solid Stability)"
2025-02,ing017,"Fresh Basil",7.44,1.17,0.16,"Green Healthy (Rock-Solid Stability)"
2025-02,ing018,"Smoked Salmon",-3.93,4.61,-1.17,"Red Alert (Wildly Volatile)"
2025-02,ing019,"Dill Cream Cheese",8.96,1.9,0.21,"Yellow Warning (Moderately Shifting)"
2025-02,ing020,Capers,8.82,0.89,0.1,"Green Healthy (Rock-Solid Stability)"
2025-02,ing021,Arugula,12.89,2.47,0.19,"Green Healthy (Rock-Solid Stability)"
2025-02,ing022,"BBQ Brisket",7.50,1.55,0.21,"Yellow Warning (Moderately Shifting)"
2025-02,ing023,"Cheddar Cheese",11.04,1.86,0.17,"Green Healthy (Rock-Solid Stability)"
2025-02,ing024,"BBQ Sauce",13.57,1.68,0.12,"Green Healthy (Rock-Solid Stability)"
2025-02,ing025,"Tandoori Chicken",8.26,1.51,0.18,"Green Healthy (Rock-Solid Stability)"
2025-02,ing026,"Mint Yogurt",10.07,1.92,0.19,"Green Healthy (Rock-Solid Stability)"
2025-02,ing027,"Green Chilli",6.85,1.27,0.19,"Green Healthy (Rock-Solid Stability)"
2025-02,ing028,"Grilled Pineapple",8.82,1.75,0.2,"Yellow Warning (Moderately Shifting)"
2025-02,ing029,"Pulled Pork",5.11,1.86,0.36,"Yellow Warning (Moderately Shifting)"
2025-02,ing030,"Truffle Fries",17.48,3.06,0.18,"Green Healthy (Rock-Solid Stability)"
2025-02,ing031,Parmesan,10.00,0,0,"Green Healthy (Rock-Solid Stability)"
2025-02,ing032,"Cauliflower Florets",15.65,2.69,0.17,"Green Healthy (Rock-Solid Stability)"
2025-02,ing033,"Buffalo Sauce",14.00,1.22,0.09,"Green Healthy (Rock-Solid Stability)"
2025-02,ing034,Ranch,11.00,0,0,"Green Healthy (Rock-Solid Stability)"
2025-02,ing035,"Garlic Knots",25.79,3.42,0.13,"Green Healthy (Rock-Solid Stability)"
2025-02,ing036,Kale,15.36,1.79,0.12,"Green Healthy (Rock-Solid Stability)"
2025-02,ing037,Spinach,13.40,2.62,0.2,"Yellow Warning (Moderately Shifting)"
2025-02,ing038,Avocado,14.12,0.32,0.02,"Green Healthy (Rock-Solid Stability)"
2025-02,ing039,"Mixed Seeds",15.00,0,0,"Green Healthy (Rock-Solid Stability)"
2025-02,ing040,"Caramel Filling",12.04,1.71,0.14,"Green Healthy (Rock-Solid Stability)"
2025-02,ing041,"Chocolate Syrup",17.00,0,0,"Green Healthy (Rock-Solid Stability)"
2025-02,ing042,"Espresso Panna Base",10.35,1.37,0.13,"Green Healthy (Rock-Solid Stability)"
2025-02,ing043,"Vanilla Syrup",10.00,0,0,"Green Healthy (Rock-Solid Stability)"
2025-02,ing044,"Berry Mix",17.44,2.64,0.15,"Green Healthy (Rock-Solid Stability)"
2025-02,ing045,"Oat Crumble",15.48,2.42,0.16,"Green Healthy (Rock-Solid Stability)"
2025-02,ing046,"Mango Sticky Rice Mix",14.79,2.43,0.16,"Green Healthy (Rock-Solid Stability)"
2025-02,ing047,"Cold Brew Coffee",44.39,10.12,0.23,"Yellow Warning (Moderately Shifting)"
2025-02,ing049,"Ginger Fizz 33cl",54.70,11.51,0.21,"Yellow Warning (Moderately Shifting)"
2025-02,ing050,"Ginger Fizz 1.5L",34.95,9.28,0.27,"Yellow Warning (Moderately Shifting)"
2025-02,ing051,"Lime Mint Sparkle 33cl",58.45,10.74,0.18,"Green Healthy (Rock-Solid Stability)"
2025-02,ing052,"Lime Mint Sparkle 1.5L",28.50,9.64,0.34,"Yellow Warning (Moderately Shifting)"
2025-02,ing053,"Berry Kombucha 33cl",52.89,10.27,0.19,"Green Healthy (Rock-Solid Stability)"
2025-02,ing054,"Berry Kombucha 1.5L",30.95,6.94,0.22,"Yellow Warning (Moderately Shifting)"
2025-02,ing048,"Cold Brew Coffee 1.5L",27.82,8.09,0.29,"Yellow Warning (Moderately Shifting)"
2025-03,ing001,"Flatbread Dough (8-pack)",12.35,9.34,0.76,"Red Alert (Wildly Volatile)"
2025-03,ing002,"Roasted Red Peppers",17.87,2.15,0.12,"Green Healthy (Rock-Solid Stability)"
2025-03,ing003,"Goat Cheese",10.97,1.86,0.17,"Green Healthy (Rock-Solid Stability)"
2025-03,ing004,"Black Olives",19.55,3.19,0.16,"Green Healthy (Rock-Solid Stability)"
2025-03,ing005,"Sun-Dried Tomatoes",13.23,1.07,0.08,"Green Healthy (Rock-Solid Stability)"
2025-03,ing006,"Spicy Chicken",8.48,1.5,0.18,"Green Healthy (Rock-Solid Stability)"
2025-03,ing007,Jalapenos,16.23,3.14,0.19,"Green Healthy (Rock-Solid Stability)"
2025-03,ing008,"Smoked Gouda",9.31,1.76,0.19,"Green Healthy (Rock-Solid Stability)"
2025-03,ing009,"Chipotle Sauce",17.00,2.65,0.16,"Green Healthy (Rock-Solid Stability)"
2025-03,ing010,"Wild Mushrooms",7.73,3.45,0.45,"Yellow Warning (Moderately Shifting)"
2025-03,ing011,"Truffle Oil",4.65,1.33,0.29,"Yellow Warning (Moderately Shifting)"
2025-03,ing012,Mozzarella,16.94,3.05,0.18,"Green Healthy (Rock-Solid Stability)"
2025-03,ing013,"Fresh Spinach",13.13,2.33,0.18,"Green Healthy (Rock-Solid Stability)"
2025-03,ing014,"Italian Sausage",8.32,1.53,0.18,"Green Healthy (Rock-Solid Stability)"
2025-03,ing015,"Roasted Garlic",14.00,2.48,0.18,"Green Healthy (Rock-Solid Stability)"
2025-03,ing016,"Red Onion",16.48,3.39,0.21,"Yellow Warning (Moderately Shifting)"
2025-03,ing017,"Fresh Basil",8.29,1.05,0.13,"Green Healthy (Rock-Solid Stability)"
2025-03,ing018,"Smoked Salmon",-3.03,3.26,-1.07,"Red Alert (Wildly Volatile)"
2025-03,ing019,"Dill Cream Cheese",9.10,1.96,0.22,"Yellow Warning (Moderately Shifting)"
2025-03,ing020,Capers,8.90,1.35,0.15,"Green Healthy (Rock-Solid Stability)"
2025-03,ing021,Arugula,15.35,0.82,0.05,"Green Healthy (Rock-Solid Stability)"
2025-03,ing022,"BBQ Brisket",7.61,1.52,0.2,"Yellow Warning (Moderately Shifting)"
2025-03,ing023,"Cheddar Cheese",11.52,2.11,0.18,"Green Healthy (Rock-Solid Stability)"
2025-03,ing024,"BBQ Sauce",13.13,1.68,0.13,"Green Healthy (Rock-Solid Stability)"
2025-03,ing025,"Tandoori Chicken",7.90,2.01,0.25,"Yellow Warning (Moderately Shifting)"
2025-03,ing026,"Mint Yogurt",10.21,2.2,0.22,"Yellow Warning (Moderately Shifting)"
2025-03,ing027,"Green Chilli",6.52,1.35,0.21,"Yellow Warning (Moderately Shifting)"
2025-03,ing028,"Grilled Pineapple",9.06,1.68,0.19,"Green Healthy (Rock-Solid Stability)"
2025-03,ing029,"Pulled Pork",4.90,1.55,0.32,"Yellow Warning (Moderately Shifting)"
2025-03,ing030,"Truffle Fries",18.33,2.62,0.14,"Green Healthy (Rock-Solid Stability)"
2025-03,ing031,Parmesan,10.00,0,0,"Green Healthy (Rock-Solid Stability)"
2025-03,ing032,"Cauliflower Florets",16.85,2.24,0.13,"Green Healthy (Rock-Solid Stability)"
2025-03,ing033,"Buffalo Sauce",12.74,0.44,0.03,"Green Healthy (Rock-Solid Stability)"
2025-03,ing034,Ranch,11.00,0,0,"Green Healthy (Rock-Solid Stability)"
2025-03,ing035,"Garlic Knots",25.00,4.28,0.17,"Green Healthy (Rock-Solid Stability)"
2025-03,ing036,Kale,15.36,3.16,0.21,"Yellow Warning (Moderately Shifting)"
2025-03,ing037,Spinach,13.55,2.37,0.17,"Green Healthy (Rock-Solid Stability)"
2025-03,ing038,Avocado,14.00,0,0,"Green Healthy (Rock-Solid Stability)"
2025-03,ing039,"Mixed Seeds",15.00,0,0,"Green Healthy (Rock-Solid Stability)"
2025-03,ing040,"Caramel Filling",12.36,1.44,0.12,"Green Healthy (Rock-Solid Stability)"
2025-03,ing041,"Chocolate Syrup",17.00,0,0,"Green Healthy (Rock-Solid Stability)"
2025-03,ing042,"Espresso Panna Base",10.22,1.75,0.17,"Green Healthy (Rock-Solid Stability)"
2025-03,ing043,"Vanilla Syrup",10.00,0,0,"Green Healthy (Rock-Solid Stability)"
2025-03,ing044,"Berry Mix",17.33,2.28,0.13,"Green Healthy (Rock-Solid Stability)"
2025-03,ing045,"Oat Crumble",15.07,2.02,0.13,"Green Healthy (Rock-Solid Stability)"
2025-03,ing046,"Mango Sticky Rice Mix",14.68,2.48,0.17,"Green Healthy (Rock-Solid Stability)"
2025-03,ing047,"Cold Brew Coffee",44.43,10.7,0.24,"Yellow Warning (Moderately Shifting)"
2025-03,ing049,"Ginger Fizz 33cl",53.41,11.43,0.21,"Yellow Warning (Moderately Shifting)"
2025-03,ing050,"Ginger Fizz 1.5L",33.97,9.01,0.27,"Yellow Warning (Moderately Shifting)"
2025-03,ing051,"Lime Mint Sparkle 33cl",53.18,10.43,0.2,"Yellow Warning (Moderately Shifting)"
2025-03,ing052,"Lime Mint Sparkle 1.5L",29.70,8.06,0.27,"Yellow Warning (Moderately Shifting)"
2025-03,ing053,"Berry Kombucha 33cl",52.25,10.46,0.2,"Yellow Warning (Moderately Shifting)"
2025-03,ing054,"Berry Kombucha 1.5L",26.10,8.87,0.34,"Yellow Warning (Moderately Shifting)"
2025-03,ing048,"Cold Brew Coffee 1.5L",29.56,7.24,0.25,"Yellow Warning (Moderately Shifting)"
2025-04,ing001,"Flatbread Dough (8-pack)",4.67,9.51,2.04,"Red Alert (Wildly Volatile)"
2025-04,ing002,"Roasted Red Peppers",16.89,3.05,0.18,"Green Healthy (Rock-Solid Stability)"
2025-04,ing003,"Goat Cheese",10.57,1.74,0.16,"Green Healthy (Rock-Solid Stability)"
2025-04,ing004,"Black Olives",21.89,2.13,0.1,"Green Healthy (Rock-Solid Stability)"
2025-04,ing005,"Sun-Dried Tomatoes",14.43,1.35,0.09,"Green Healthy (Rock-Solid Stability)"
2025-04,ing006,"Spicy Chicken",9.00,1.64,0.18,"Green Healthy (Rock-Solid Stability)"
2025-04,ing007,Jalapenos,16.37,2.77,0.17,"Green Healthy (Rock-Solid Stability)"
2025-04,ing008,"Smoked Gouda",9.72,1.91,0.2,"Yellow Warning (Moderately Shifting)"
2025-04,ing009,"Chipotle Sauce",16.24,2.5,0.15,"Green Healthy (Rock-Solid Stability)"
2025-04,ing010,"Wild Mushrooms",8.21,3.66,0.45,"Yellow Warning (Moderately Shifting)"
2025-04,ing011,"Truffle Oil",4.80,1.3,0.27,"Yellow Warning (Moderately Shifting)"
2025-04,ing012,Mozzarella,17.50,3,0.17,"Green Healthy (Rock-Solid Stability)"
2025-04,ing013,"Fresh Spinach",14.28,2.54,0.18,"Green Healthy (Rock-Solid Stability)"
2025-04,ing014,"Italian Sausage",9.37,2.09,0.22,"Yellow Warning (Moderately Shifting)"
2025-04,ing015,"Roasted Garlic",14.73,2.21,0.15,"Green Healthy (Rock-Solid Stability)"
2025-04,ing016,"Red Onion",17.67,2.95,0.17,"Green Healthy (Rock-Solid Stability)"
2025-04,ing017,"Fresh Basil",8.83,1.19,0.13,"Green Healthy (Rock-Solid Stability)"
2025-04,ing018,"Smoked Salmon",-1.89,3.17,-1.67,"Red Alert (Wildly Volatile)"
2025-04,ing019,"Dill Cream Cheese",9.75,2.01,0.21,"Yellow Warning (Moderately Shifting)"
2025-04,ing020,Capers,9.71,1.39,0.14,"Green Healthy (Rock-Solid Stability)"
2025-04,ing021,Arugula,13.25,2.41,0.18,"Green Healthy (Rock-Solid Stability)"
2025-04,ing022,"BBQ Brisket",7.64,1.54,0.2,"Yellow Warning (Moderately Shifting)"
2025-04,ing023,"Cheddar Cheese",11.03,1.99,0.18,"Green Healthy (Rock-Solid Stability)"
2025-04,ing024,"BBQ Sauce",14.86,2.4,0.16,"Green Healthy (Rock-Solid Stability)"
2025-04,ing025,"Tandoori Chicken",7.96,1.48,0.19,"Green Healthy (Rock-Solid Stability)"
2025-04,ing026,"Mint Yogurt",10.86,1.71,0.16,"Green Healthy (Rock-Solid Stability)"
2025-04,ing027,"Green Chilli",7.07,1.16,0.16,"Green Healthy (Rock-Solid Stability)"
2025-04,ing028,"Grilled Pineapple",8.93,1.63,0.18,"Green Healthy (Rock-Solid Stability)"
2025-04,ing029,"Pulled Pork",5.80,1.56,0.27,"Yellow Warning (Moderately Shifting)"
2025-04,ing030,"Truffle Fries",18.00,3.42,0.19,"Green Healthy (Rock-Solid Stability)"
2025-04,ing031,Parmesan,8.81,0.39,0.04,"Green Healthy (Rock-Solid Stability)"
2025-04,ing032,"Cauliflower Florets",15.95,2.4,0.15,"Green Healthy (Rock-Solid Stability)"
2025-04,ing033,"Buffalo Sauce",11.45,0.5,0.04,"Green Healthy (Rock-Solid Stability)"
2025-04,ing034,Ranch,11.00,0,0,"Green Healthy (Rock-Solid Stability)"
2025-04,ing035,"Garlic Knots",24.08,3.83,0.16,"Green Healthy (Rock-Solid Stability)"
2025-04,ing036,Kale,17.70,0.56,0.03,"Green Healthy (Rock-Solid Stability)"
2025-04,ing037,Spinach,14.35,2.26,0.16,"Green Healthy (Rock-Solid Stability)"
2025-04,ing038,Avocado,14.00,0,0,"Green Healthy (Rock-Solid Stability)"
2025-04,ing039,"Mixed Seeds",15.00,0,0,"Green Healthy (Rock-Solid Stability)"
2025-04,ing040,"Caramel Filling",11.58,1.96,0.17,"Green Healthy (Rock-Solid Stability)"
2025-04,ing041,"Chocolate Syrup",17.00,0,0,"Green Healthy (Rock-Solid Stability)"
2025-04,ing042,"Espresso Panna Base",9.96,1.68,0.17,"Green Healthy (Rock-Solid Stability)"
2025-04,ing043,"Vanilla Syrup",10.00,0,0,"Green Healthy (Rock-Solid Stability)"
2025-04,ing044,"Berry Mix",17.00,2.79,0.16,"Green Healthy (Rock-Solid Stability)"
2025-04,ing045,"Oat Crumble",15.14,1.86,0.12,"Green Healthy (Rock-Solid Stability)"
2025-04,ing046,"Mango Sticky Rice Mix",16.00,2.42,0.15,"Green Healthy (Rock-Solid Stability)"
2025-04,ing047,"Cold Brew Coffee",48.52,10.76,0.22,"Yellow Warning (Moderately Shifting)"
2025-04,ing048,"Cold Brew Coffee 1.5L",29.32,7.31,0.25,"Yellow Warning (Moderately Shifting)"
2025-04,ing050,"Ginger Fizz 1.5L",29.90,8.96,0.3,"Yellow Warning (Moderately Shifting)"
2025-04,ing051,"Lime Mint Sparkle 33cl",56.83,10.22,0.18,"Green Healthy (Rock-Solid Stability)"
2025-04,ing052,"Lime Mint Sparkle 1.5L",27.37,8.26,0.3,"Yellow Warning (Moderately Shifting)"
2025-04,ing053,"Berry Kombucha 33cl",49.26,12.59,0.26,"Yellow Warning (Moderately Shifting)"
2025-04,ing054,"Berry Kombucha 1.5L",30.52,7.82,0.26,"Yellow Warning (Moderately Shifting)"
2025-04,ing049,"Ginger Fizz 33cl",52.78,11.23,0.21,"Yellow Warning (Moderately Shifting)"
2025-05,ing001,"Flatbread Dough (8-pack)",14.90,8.5,0.57,"Red Alert (Wildly Volatile)"
2025-05,ing002,"Roasted Red Peppers",16.47,1.09,0.07,"Green Healthy (Rock-Solid Stability)"
2025-05,ing003,"Goat Cheese",11.33,1.78,0.16,"Green Healthy (Rock-Solid Stability)"
2025-05,ing004,"Black Olives",20.63,2.85,0.14,"Green Healthy (Rock-Solid Stability)"
2025-05,ing005,"Sun-Dried Tomatoes",12.17,0.69,0.06,"Green Healthy (Rock-Solid Stability)"
2025-05,ing006,"Spicy Chicken",8.60,1.45,0.17,"Green Healthy (Rock-Solid Stability)"
2025-05,ing007,Jalapenos,16.10,3.23,0.2,"Yellow Warning (Moderately Shifting)"
2025-05,ing008,"Smoked Gouda",9.40,1.7,0.18,"Green Healthy (Rock-Solid Stability)"
2025-05,ing009,"Chipotle Sauce",15.90,2.21,0.14,"Green Healthy (Rock-Solid Stability)"
2025-05,ing010,"Wild Mushrooms",8.42,3.36,0.4,"Yellow Warning (Moderately Shifting)"
2025-05,ing011,"Truffle Oil",5.00,1.24,0.25,"Yellow Warning (Moderately Shifting)"
2025-05,ing012,Mozzarella,16.84,2.72,0.16,"Green Healthy (Rock-Solid Stability)"
2025-05,ing013,"Fresh Spinach",13.55,1.79,0.13,"Green Healthy (Rock-Solid Stability)"
2025-05,ing014,"Italian Sausage",9.23,2.09,0.23,"Yellow Warning (Moderately Shifting)"
2025-05,ing015,"Roasted Garlic",13.84,1.76,0.13,"Green Healthy (Rock-Solid Stability)"
2025-05,ing016,"Red Onion",17.61,2.88,0.16,"Green Healthy (Rock-Solid Stability)"
2025-05,ing017,"Fresh Basil",8.42,1.13,0.13,"Green Healthy (Rock-Solid Stability)"
2025-05,ing018,"Smoked Salmon",-3.33,3.36,-1.01,"Red Alert (Wildly Volatile)"
2025-05,ing019,"Dill Cream Cheese",9.43,2.09,0.22,"Yellow Warning (Moderately Shifting)"
2025-05,ing020,Capers,10.10,0.3,0.03,"Green Healthy (Rock-Solid Stability)"
2025-05,ing021,Arugula,15.77,0.62,0.04,"Green Healthy (Rock-Solid Stability)"
2025-05,ing022,"BBQ Brisket",7.70,1.62,0.21,"Yellow Warning (Moderately Shifting)"
2025-05,ing023,"Cheddar Cheese",11.61,2.03,0.17,"Green Healthy (Rock-Solid Stability)"
2025-05,ing024,"BBQ Sauce",13.90,1.96,0.14,"Green Healthy (Rock-Solid Stability)"
2025-05,ing025,"Tandoori Chicken",8.30,1.57,0.19,"Green Healthy (Rock-Solid Stability)"
2025-05,ing026,"Mint Yogurt",10.43,1.94,0.19,"Green Healthy (Rock-Solid Stability)"
2025-05,ing027,"Green Chilli",6.23,1.2,0.19,"Green Healthy (Rock-Solid Stability)"
2025-05,ing028,"Grilled Pineapple",8.48,1.5,0.18,"Green Healthy (Rock-Solid Stability)"
2025-05,ing029,"Pulled Pork",4.72,2.02,0.43,"Yellow Warning (Moderately Shifting)"
2025-05,ing030,"Truffle Fries",19.52,3.24,0.17,"Green Healthy (Rock-Solid Stability)"
2025-05,ing031,Parmesan,8.00,0,0,"Green Healthy (Rock-Solid Stability)"
2025-05,ing032,"Cauliflower Florets",16.43,3.4,0.21,"Yellow Warning (Moderately Shifting)"
2025-05,ing033,"Buffalo Sauce",12.65,1.9,0.15,"Green Healthy (Rock-Solid Stability)"
2025-05,ing034,Ranch,10.35,0.48,0.05,"Green Healthy (Rock-Solid Stability)"
2025-05,ing036,Kale,16.73,2.8,0.17,"Green Healthy (Rock-Solid Stability)"
2025-05,ing037,Spinach,14.00,2.18,0.16,"Green Healthy (Rock-Solid Stability)"
2025-05,ing038,Avocado,14.00,0,0,"Green Healthy (Rock-Solid Stability)"
2025-05,ing039,"Mixed Seeds",15.00,0,0,"Green Healthy (Rock-Solid Stability)"
2025-05,ing040,"Caramel Filling",12.76,1.45,0.11,"Green Healthy (Rock-Solid Stability)"
2025-05,ing041,"Chocolate Syrup",17.00,0,0,"Green Healthy (Rock-Solid Stability)"
2025-05,ing042,"Espresso Panna Base",10.50,1.92,0.18,"Green Healthy (Rock-Solid Stability)"
2025-05,ing043,"Vanilla Syrup",10.00,0,0,"Green Healthy (Rock-Solid Stability)"
2025-05,ing044,"Berry Mix",16.88,1.72,0.1,"Green Healthy (Rock-Solid Stability)"
2025-05,ing045,"Oat Crumble",14.12,2.5,0.18,"Green Healthy (Rock-Solid Stability)"
2025-05,ing046,"Mango Sticky Rice Mix",14.59,1.89,0.13,"Green Healthy (Rock-Solid Stability)"
2025-05,ing047,"Cold Brew Coffee",44.81,12.83,0.29,"Yellow Warning (Moderately Shifting)"
2025-05,ing048,"Cold Brew Coffee 1.5L",28.92,7.17,0.25,"Yellow Warning (Moderately Shifting)"
2025-05,ing050,"Ginger Fizz 1.5L",33.00,10.91,0.33,"Yellow Warning (Moderately Shifting)"
2025-05,ing051,"Lime Mint Sparkle 33cl",59.08,11.48,0.19,"Green Healthy (Rock-Solid Stability)"
2025-05,ing052,"Lime Mint Sparkle 1.5L",32.74,8.04,0.25,"Yellow Warning (Moderately Shifting)"
2025-05,ing053,"Berry Kombucha 33cl",51.62,10.51,0.2,"Yellow Warning (Moderately Shifting)"
2025-05,ing054,"Berry Kombucha 1.5L",28.78,8.56,0.3,"Yellow Warning (Moderately Shifting)"
2025-05,ing035,"Garlic Knots",25.25,3.9,0.15,"Green Healthy (Rock-Solid Stability)"
2025-05,ing049,"Ginger Fizz 33cl",55.85,11.42,0.2,"Yellow Warning (Moderately Shifting)"
2025-06,ing001,"Flatbread Dough (8-pack)",10.50,7.74,0.74,"Red Alert (Wildly Volatile)"
2025-06,ing002,"Roasted Red Peppers",17.59,2.44,0.14,"Green Healthy (Rock-Solid Stability)"
2025-06,ing003,"Goat Cheese",11.00,1.98,0.18,"Green Healthy (Rock-Solid Stability)"
2025-06,ing004,"Black Olives",19.21,2.82,0.15,"Green Healthy (Rock-Solid Stability)"
2025-06,ing005,"Sun-Dried Tomatoes",15.24,1.16,0.08,"Green Healthy (Rock-Solid Stability)"
2025-06,ing006,"Spicy Chicken",8.14,1.59,0.2,"Yellow Warning (Moderately Shifting)"
2025-06,ing007,Jalapenos,15.97,3.16,0.2,"Yellow Warning (Moderately Shifting)"
2025-06,ing008,"Smoked Gouda",9.62,2.04,0.21,"Yellow Warning (Moderately Shifting)"
2025-06,ing009,"Chipotle Sauce",14.93,2.13,0.14,"Green Healthy (Rock-Solid Stability)"
2025-06,ing010,"Wild Mushrooms",7.83,3.03,0.39,"Yellow Warning (Moderately Shifting)"
2025-06,ing011,"Truffle Oil",4.90,1.16,0.24,"Yellow Warning (Moderately Shifting)"
2025-06,ing012,Mozzarella,17.03,2.9,0.17,"Green Healthy (Rock-Solid Stability)"
2025-06,ing013,"Fresh Spinach",12.76,2.18,0.17,"Green Healthy (Rock-Solid Stability)"
2025-06,ing014,"Italian Sausage",8.72,1.78,0.2,"Yellow Warning (Moderately Shifting)"
2025-06,ing015,"Roasted Garlic",13.62,2.37,0.17,"Green Healthy (Rock-Solid Stability)"
2025-06,ing016,"Red Onion",16.57,3.3,0.2,"Yellow Warning (Moderately Shifting)"
2025-06,ing017,"Fresh Basil",8.10,1.03,0.13,"Green Healthy (Rock-Solid Stability)"
2025-06,ing018,"Smoked Salmon",-2.46,2.69,-1.09,"Red Alert (Wildly Volatile)"
2025-06,ing019,"Dill Cream Cheese",9.07,2.17,0.24,"Yellow Warning (Moderately Shifting)"
2025-06,ing020,Capers,8.89,0.49,0.05,"Green Healthy (Rock-Solid Stability)"
2025-06,ing021,Arugula,13.89,0.49,0.04,"Green Healthy (Rock-Solid Stability)"
2025-06,ing022,"BBQ Brisket",7.60,1.33,0.18,"Green Healthy (Rock-Solid Stability)"
2025-06,ing023,"Cheddar Cheese",11.23,2.26,0.2,"Yellow Warning (Moderately Shifting)"
2025-06,ing024,"BBQ Sauce",14.93,2.61,0.17,"Green Healthy (Rock-Solid Stability)"
2025-06,ing025,"Tandoori Chicken",8.18,1.71,0.21,"Yellow Warning (Moderately Shifting)"
2025-06,ing026,"Mint Yogurt",10.79,2.43,0.22,"Yellow Warning (Moderately Shifting)"
2025-06,ing027,"Green Chilli",5.79,0.82,0.14,"Green Healthy (Rock-Solid Stability)"
2025-06,ing028,"Grilled Pineapple",9.90,1.88,0.19,"Green Healthy (Rock-Solid Stability)"
2025-06,ing029,"Pulled Pork",5.41,1.33,0.25,"Yellow Warning (Moderately Shifting)"
2025-06,ing030,"Truffle Fries",19.04,3.11,0.16,"Green Healthy (Rock-Solid Stability)"
2025-06,ing031,Parmesan,8.74,1.42,0.16,"Green Healthy (Rock-Solid Stability)"
2025-06,ing032,"Cauliflower Florets",16.63,2.65,0.16,"Green Healthy (Rock-Solid Stability)"
2025-06,ing033,"Buffalo Sauce",13.89,0.31,0.02,"Green Healthy (Rock-Solid Stability)"
2025-06,ing034,Ranch,10.00,0,0,"Green Healthy (Rock-Solid Stability)"
2025-06,ing035,"Garlic Knots",24.04,3.26,0.14,"Green Healthy (Rock-Solid Stability)"
2025-06,ing036,Kale,16.33,1.6,0.1,"Green Healthy (Rock-Solid Stability)"
2025-06,ing037,Spinach,13.75,2.88,0.21,"Yellow Warning (Moderately Shifting)"
2025-06,ing038,Avocado,13.04,0.2,0.02,"Green Healthy (Rock-Solid Stability)"
2025-06,ing039,"Mixed Seeds",15.00,0,0,"Green Healthy (Rock-Solid Stability)"
2025-06,ing040,"Caramel Filling",12.08,1.87,0.16,"Green Healthy (Rock-Solid Stability)"
2025-06,ing041,"Chocolate Syrup",17.00,0,0,"Green Healthy (Rock-Solid Stability)"
2025-06,ing042,"Espresso Panna Base",10.30,1.36,0.13,"Green Healthy (Rock-Solid Stability)"
2025-06,ing043,"Vanilla Syrup",10.00,0,0,"Green Healthy (Rock-Solid Stability)"
2025-06,ing044,"Berry Mix",20.00,2.18,0.11,"Green Healthy (Rock-Solid Stability)"
2025-06,ing045,"Oat Crumble",16.04,0.93,0.06,"Green Healthy (Rock-Solid Stability)"
2025-06,ing046,"Mango Sticky Rice Mix",15.13,2.07,0.14,"Green Healthy (Rock-Solid Stability)"
2025-06,ing047,"Cold Brew Coffee",49.28,11.91,0.24,"Yellow Warning (Moderately Shifting)"
2025-06,ing048,"Cold Brew Coffee 1.5L",26.74,7.74,0.29,"Yellow Warning (Moderately Shifting)"
2025-06,ing049,"Ginger Fizz 33cl",48.85,10.94,0.22,"Yellow Warning (Moderately Shifting)"
2025-06,ing050,"Ginger Fizz 1.5L",33.57,10.22,0.3,"Yellow Warning (Moderately Shifting)"
2025-06,ing051,"Lime Mint Sparkle 33cl",56.00,11.2,0.2,"Yellow Warning (Moderately Shifting)"
2025-06,ing052,"Lime Mint Sparkle 1.5L",33.22,7.74,0.23,"Yellow Warning (Moderately Shifting)"
2025-06,ing053,"Berry Kombucha 33cl",49.58,10,0.2,"Yellow Warning (Moderately Shifting)"
2025-06,ing054,"Berry Kombucha 1.5L",27.83,10.46,0.38,"Yellow Warning (Moderately Shifting)"
2025-07,ing001,"Flatbread Dough (8-pack)",16.23,7.61,0.47,"Yellow Warning (Moderately Shifting)"
2025-07,ing002,"Roasted Red Peppers",16.28,2.97,0.18,"Green Healthy (Rock-Solid Stability)"
2025-07,ing003,"Goat Cheese",10.66,2.15,0.2,"Yellow Warning (Moderately Shifting)"
2025-07,ing004,"Black Olives",23.14,3.17,0.14,"Green Healthy (Rock-Solid Stability)"
2025-07,ing005,"Sun-Dried Tomatoes",14.34,2.81,0.2,"Yellow Warning (Moderately Shifting)"
2025-07,ing006,"Spicy Chicken",8.74,1.65,0.19,"Green Healthy (Rock-Solid Stability)"
2025-07,ing007,Jalapenos,15.84,2.78,0.18,"Green Healthy (Rock-Solid Stability)"
2025-07,ing008,"Smoked Gouda",8.94,1.9,0.21,"Yellow Warning (Moderately Shifting)"
2025-07,ing009,"Chipotle Sauce",15.29,2.13,0.14,"Green Healthy (Rock-Solid Stability)"
2025-07,ing010,"Wild Mushrooms",9.32,3.67,0.39,"Yellow Warning (Moderately Shifting)"
2025-07,ing011,"Truffle Oil",4.58,1.41,0.31,"Yellow Warning (Moderately Shifting)"
2025-07,ing012,Mozzarella,17.32,2.8,0.16,"Green Healthy (Rock-Solid Stability)"
2025-07,ing013,"Fresh Spinach",12.71,2.2,0.17,"Green Healthy (Rock-Solid Stability)"
2025-07,ing014,"Italian Sausage",9.07,1.64,0.18,"Green Healthy (Rock-Solid Stability)"
2025-07,ing015,"Roasted Garlic",14.55,1.92,0.13,"Green Healthy (Rock-Solid Stability)"
2025-07,ing016,"Red Onion",16.97,2.96,0.17,"Green Healthy (Rock-Solid Stability)"
2025-07,ing017,"Fresh Basil",7.97,0.96,0.12,"Green Healthy (Rock-Solid Stability)"
2025-07,ing018,"Smoked Salmon",-3.80,4.89,-1.29,"Red Alert (Wildly Volatile)"
2025-07,ing019,"Dill Cream Cheese",9.03,1.85,0.21,"Yellow Warning (Moderately Shifting)"
2025-07,ing020,Capers,8.37,0.84,0.1,"Green Healthy (Rock-Solid Stability)"
2025-07,ing021,Arugula,12.47,1.75,0.14,"Green Healthy (Rock-Solid Stability)"
2025-07,ing022,"BBQ Brisket",7.53,1.28,0.17,"Green Healthy (Rock-Solid Stability)"
2025-07,ing023,"Cheddar Cheese",11.16,2.17,0.19,"Green Healthy (Rock-Solid Stability)"
2025-07,ing024,"BBQ Sauce",14.70,2.04,0.14,"Green Healthy (Rock-Solid Stability)"
2025-07,ing025,"Tandoori Chicken",8.60,1.8,0.21,"Yellow Warning (Moderately Shifting)"
2025-07,ing026,"Mint Yogurt",10.97,1.76,0.16,"Green Healthy (Rock-Solid Stability)"
2025-07,ing027,"Green Chilli",5.93,1.24,0.21,"Yellow Warning (Moderately Shifting)"
2025-07,ing028,"Grilled Pineapple",8.71,1.73,0.2,"Yellow Warning (Moderately Shifting)"
2025-07,ing029,"Pulled Pork",4.81,1.51,0.31,"Yellow Warning (Moderately Shifting)"
2025-07,ing030,"Truffle Fries",18.44,3.13,0.17,"Green Healthy (Rock-Solid Stability)"
2025-07,ing031,Parmesan,9.00,0,0,"Green Healthy (Rock-Solid Stability)"
2025-07,ing035,"Garlic Knots",25.86,4.05,0.16,"Green Healthy (Rock-Solid Stability)"
2025-07,ing036,Kale,16.10,2.55,0.16,"Green Healthy (Rock-Solid Stability)"
2025-07,ing037,Spinach,14.14,2.27,0.16,"Green Healthy (Rock-Solid Stability)"
2025-07,ing038,Avocado,10.83,0.65,0.06,"Green Healthy (Rock-Solid Stability)"
2025-07,ing039,"Mixed Seeds",15.00,0,0,"Green Healthy (Rock-Solid Stability)"
2025-07,ing040,"Caramel Filling",12.00,2.06,0.17,"Green Healthy (Rock-Solid Stability)"
2025-07,ing041,"Chocolate Syrup",17.00,0,0,"Green Healthy (Rock-Solid Stability)"
2025-07,ing042,"Espresso Panna Base",9.42,1.61,0.17,"Green Healthy (Rock-Solid Stability)"
2025-07,ing043,"Vanilla Syrup",10.00,0,0,"Green Healthy (Rock-Solid Stability)"
2025-07,ing047,"Cold Brew Coffee",48.26,12.66,0.26,"Yellow Warning (Moderately Shifting)"
2025-07,ing048,"Cold Brew Coffee 1.5L",28.43,7.09,0.25,"Yellow Warning (Moderately Shifting)"
2025-07,ing049,"Ginger Fizz 33cl",56.76,10.25,0.18,"Green Healthy (Rock-Solid Stability)"
2025-07,ing050,"Ginger Fizz 1.5L",32.88,7.61,0.23,"Yellow Warning (Moderately Shifting)"
2025-07,ing052,"Lime Mint Sparkle 1.5L",30.57,9.96,0.33,"Yellow Warning (Moderately Shifting)"
2025-07,ing054,"Berry Kombucha 1.5L",28.09,9.59,0.34,"Yellow Warning (Moderately Shifting)"
2025-07,ing032,"Cauliflower Florets",16.33,2.39,0.15,"Green Healthy (Rock-Solid Stability)"
2025-07,ing033,"Buffalo Sauce",11.54,1.04,0.09,"Green Healthy (Rock-Solid Stability)"
2025-07,ing034,Ranch,9.54,0.5,0.05,"Green Healthy (Rock-Solid Stability)"
2025-07,ing044,"Berry Mix",17.73,3.05,0.17,"Green Healthy (Rock-Solid Stability)"
2025-07,ing045,"Oat Crumble",13.46,2.32,0.17,"Green Healthy (Rock-Solid Stability)"
2025-07,ing046,"Mango Sticky Rice Mix",14.79,2.4,0.16,"Green Healthy (Rock-Solid Stability)"
2025-07,ing051,"Lime Mint Sparkle 33cl",60.84,10.15,0.17,"Green Healthy (Rock-Solid Stability)"
2025-07,ing053,"Berry Kombucha 33cl",50.88,12.23,0.24,"Yellow Warning (Moderately Shifting)"
2025-08,ing001,"Flatbread Dough (8-pack)",13.00,8.21,0.63,"Red Alert (Wildly Volatile)"
2025-08,ing002,"Roasted Red Peppers",17.90,2.59,0.14,"Green Healthy (Rock-Solid Stability)"
2025-08,ing003,"Goat Cheese",10.81,2.02,0.19,"Green Healthy (Rock-Solid Stability)"
2025-08,ing004,"Black Olives",19.81,2.89,0.15,"Green Healthy (Rock-Solid Stability)"
2025-08,ing005,"Sun-Dried Tomatoes",14.52,1.76,0.12,"Green Healthy (Rock-Solid Stability)"
2025-08,ing006,"Spicy Chicken",8.77,1.71,0.19,"Green Healthy (Rock-Solid Stability)"
2025-08,ing007,Jalapenos,16.42,3.15,0.19,"Green Healthy (Rock-Solid Stability)"
2025-08,ing008,"Smoked Gouda",9.53,1.94,0.2,"Yellow Warning (Moderately Shifting)"
2025-08,ing009,"Chipotle Sauce",16.00,2.79,0.17,"Green Healthy (Rock-Solid Stability)"
2025-08,ing010,"Wild Mushrooms",11.42,2.38,0.21,"Yellow Warning (Moderately Shifting)"
2025-08,ing011,"Truffle Oil",5.00,1.24,0.25,"Yellow Warning (Moderately Shifting)"
2025-08,ing012,Mozzarella,17.42,2.97,0.17,"Green Healthy (Rock-Solid Stability)"
2025-08,ing013,"Fresh Spinach",12.77,1.91,0.15,"Green Healthy (Rock-Solid Stability)"
2025-08,ing014,"Italian Sausage",8.80,1.66,0.19,"Green Healthy (Rock-Solid Stability)"
2025-08,ing015,"Roasted Garlic",13.07,2.24,0.17,"Green Healthy (Rock-Solid Stability)"
2025-08,ing016,"Red Onion",16.65,2.99,0.18,"Green Healthy (Rock-Solid Stability)"
2025-08,ing017,"Fresh Basil",8.60,1.38,0.16,"Green Healthy (Rock-Solid Stability)"
2025-08,ing018,"Smoked Salmon",-5.30,4.44,-0.84,"Red Alert (Wildly Volatile)"
2025-08,ing019,"Dill Cream Cheese",8.40,1.91,0.23,"Yellow Warning (Moderately Shifting)"
2025-08,ing020,Capers,8.83,0.97,0.11,"Green Healthy (Rock-Solid Stability)"
2025-08,ing021,Arugula,13.70,2.45,0.18,"Green Healthy (Rock-Solid Stability)"
2025-08,ing022,"BBQ Brisket",7.24,1.25,0.17,"Green Healthy (Rock-Solid Stability)"
2025-08,ing023,"Cheddar Cheese",11.16,1.8,0.16,"Green Healthy (Rock-Solid Stability)"
2025-08,ing024,"BBQ Sauce",13.24,1.33,0.1,"Green Healthy (Rock-Solid Stability)"
2025-08,ing025,"Tandoori Chicken",8.27,1.71,0.21,"Yellow Warning (Moderately Shifting)"
2025-08,ing026,"Mint Yogurt",10.17,1.73,0.17,"Green Healthy (Rock-Solid Stability)"
2025-08,ing027,"Green Chilli",6.27,1.12,0.18,"Green Healthy (Rock-Solid Stability)"
2025-08,ing028,"Grilled Pineapple",9.20,1.66,0.18,"Green Healthy (Rock-Solid Stability)"
2025-08,ing029,"Pulled Pork",5.47,1.45,0.27,"Yellow Warning (Moderately Shifting)"
2025-08,ing030,"Truffle Fries",18.81,2.87,0.15,"Green Healthy (Rock-Solid Stability)"
2025-08,ing031,Parmesan,9.00,0,0,"Green Healthy (Rock-Solid Stability)"
2025-08,ing032,"Cauliflower Florets",15.81,3.23,0.2,"Yellow Warning (Moderately Shifting)"
2025-08,ing033,"Buffalo Sauce",12.15,1.65,0.14,"Green Healthy (Rock-Solid Stability)"
2025-08,ing034,Ranch,11.81,2.04,0.17,"Green Healthy (Rock-Solid Stability)"
2025-08,ing035,"Garlic Knots",23.77,3.81,0.16,"Green Healthy (Rock-Solid Stability)"
2025-08,ing036,Kale,15.93,2.59,0.16,"Green Healthy (Rock-Solid Stability)"
2025-08,ing037,Spinach,13.18,2.39,0.18,"Green Healthy (Rock-Solid Stability)"
2025-08,ing038,Avocado,10.00,0,0,"Green Healthy (Rock-Solid Stability)"
2025-08,ing039,"Mixed Seeds",15.00,0,0,"Green Healthy (Rock-Solid Stability)"
2025-08,ing044,"Berry Mix",17.63,2.6,0.15,"Green Healthy (Rock-Solid Stability)"
2025-08,ing045,"Oat Crumble",15.22,2.47,0.16,"Green Healthy (Rock-Solid Stability)"
2025-08,ing046,"Mango Sticky Rice Mix",14.84,2.66,0.18,"Green Healthy (Rock-Solid Stability)"
2025-08,ing047,"Cold Brew Coffee",45.17,13.8,0.31,"Yellow Warning (Moderately Shifting)"
2025-08,ing048,"Cold Brew Coffee 1.5L",28.59,6.88,0.24,"Yellow Warning (Moderately Shifting)"
2025-08,ing050,"Ginger Fizz 1.5L",27.07,8.96,0.33,"Yellow Warning (Moderately Shifting)"
2025-08,ing052,"Lime Mint Sparkle 1.5L",32.48,8.79,0.27,"Yellow Warning (Moderately Shifting)"
2025-08,ing053,"Berry Kombucha 33cl",52.04,10.71,0.21,"Yellow Warning (Moderately Shifting)"
2025-08,ing054,"Berry Kombucha 1.5L",29.63,9,0.3,"Yellow Warning (Moderately Shifting)"
2025-08,ing040,"Caramel Filling",12.69,2.09,0.16,"Green Healthy (Rock-Solid Stability)"
2025-08,ing041,"Chocolate Syrup",17.00,0,0,"Green Healthy (Rock-Solid Stability)"
2025-08,ing049,"Ginger Fizz 33cl",55.95,10.61,0.19,"Green Healthy (Rock-Solid Stability)"
2025-08,ing051,"Lime Mint Sparkle 33cl",57.78,10.63,0.18,"Green Healthy (Rock-Solid Stability)"
2025-08,ing042,"Espresso Panna Base",9.81,1.44,0.15,"Green Healthy (Rock-Solid Stability)"
2025-08,ing043,"Vanilla Syrup",10.00,0,0,"Green Healthy (Rock-Solid Stability)"
2025-09,ing001,"Flatbread Dough (8-pack)",15.80,6.9,0.44,"Yellow Warning (Moderately Shifting)"
2025-09,ing002,"Roasted Red Peppers",17.63,2.48,0.14,"Green Healthy (Rock-Solid Stability)"
2025-09,ing003,"Goat Cheese",11.30,1.99,0.18,"Green Healthy (Rock-Solid Stability)"
2025-09,ing004,"Black Olives",20.60,4.05,0.2,"Yellow Warning (Moderately Shifting)"
2025-09,ing005,"Sun-Dried Tomatoes",14.80,2.4,0.16,"Green Healthy (Rock-Solid Stability)"
2025-09,ing006,"Spicy Chicken",8.48,1.3,0.15,"Green Healthy (Rock-Solid Stability)"
2025-09,ing007,Jalapenos,16.73,2.78,0.17,"Green Healthy (Rock-Solid Stability)"
2025-09,ing008,"Smoked Gouda",9.86,1.91,0.19,"Green Healthy (Rock-Solid Stability)"
2025-09,ing009,"Chipotle Sauce",16.14,2.19,0.14,"Green Healthy (Rock-Solid Stability)"
2025-09,ing010,"Wild Mushrooms",11.00,2.62,0.24,"Yellow Warning (Moderately Shifting)"
2025-09,ing011,"Truffle Oil",4.53,1.18,0.26,"Yellow Warning (Moderately Shifting)"
2025-09,ing012,Mozzarella,16.60,2.97,0.18,"Green Healthy (Rock-Solid Stability)"
2025-09,ing013,"Fresh Spinach",13.27,2.34,0.18,"Green Healthy (Rock-Solid Stability)"
2025-09,ing014,"Italian Sausage",9.13,2.09,0.23,"Yellow Warning (Moderately Shifting)"
2025-09,ing015,"Roasted Garlic",15.80,2.4,0.15,"Green Healthy (Rock-Solid Stability)"
2025-09,ing016,"Red Onion",17.60,2.59,0.15,"Green Healthy (Rock-Solid Stability)"
2025-09,ing017,"Fresh Basil",8.23,1.45,0.18,"Green Healthy (Rock-Solid Stability)"
2025-09,ing018,"Smoked Salmon",-0.54,3.73,-6.96,"Red Alert (Wildly Volatile)"
2025-09,ing019,"Dill Cream Cheese",9.86,2.18,0.22,"Yellow Warning (Moderately Shifting)"
2025-09,ing020,Capers,8.11,0.31,0.04,"Green Healthy (Rock-Solid Stability)"
2025-09,ing021,Arugula,15.11,0.31,0.02,"Green Healthy (Rock-Solid Stability)"
2025-09,ing022,"BBQ Brisket",7.33,1.42,0.19,"Green Healthy (Rock-Solid Stability)"
2025-09,ing023,"Cheddar Cheese",11.23,1.94,0.17,"Green Healthy (Rock-Solid Stability)"
2025-09,ing024,"BBQ Sauce",13.67,2.01,0.15,"Green Healthy (Rock-Solid Stability)"
2025-09,ing025,"Tandoori Chicken",7.90,1.56,0.2,"Yellow Warning (Moderately Shifting)"
2025-09,ing026,"Mint Yogurt",10.66,2.09,0.2,"Yellow Warning (Moderately Shifting)"
2025-09,ing027,"Green Chilli",7.03,1.52,0.22,"Yellow Warning (Moderately Shifting)"
2025-09,ing028,"Grilled Pineapple",9.10,1.75,0.19,"Green Healthy (Rock-Solid Stability)"
2025-09,ing029,"Pulled Pork",5.45,1.79,0.33,"Yellow Warning (Moderately Shifting)"
2025-09,ing030,"Truffle Fries",17.28,3.07,0.18,"Green Healthy (Rock-Solid Stability)"
2025-09,ing031,Parmesan,7.76,0.59,0.08,"Green Healthy (Rock-Solid Stability)"
2025-09,ing032,"Cauliflower Florets",16.67,2.48,0.15,"Green Healthy (Rock-Solid Stability)"
2025-09,ing033,"Buffalo Sauce",11.83,0.62,0.05,"Green Healthy (Rock-Solid Stability)"
2025-09,ing034,Ranch,13.00,0,0,"Green Healthy (Rock-Solid Stability)"
2025-09,ing035,"Garlic Knots",25.26,3.58,0.14,"Green Healthy (Rock-Solid Stability)"
2025-09,ing036,Kale,17.26,1.29,0.07,"Green Healthy (Rock-Solid Stability)"
2025-09,ing037,Spinach,13.93,2.05,0.15,"Green Healthy (Rock-Solid Stability)"
2025-09,ing038,Avocado,10.00,0,0,"Green Healthy (Rock-Solid Stability)"
2025-09,ing039,"Mixed Seeds",15.00,0,0,"Green Healthy (Rock-Solid Stability)"
2025-09,ing040,"Caramel Filling",12.90,1.9,0.15,"Green Healthy (Rock-Solid Stability)"
2025-09,ing041,"Chocolate Syrup",17.00,0,0,"Green Healthy (Rock-Solid Stability)"
2025-09,ing042,"Espresso Panna Base",9.77,1.48,0.15,"Green Healthy (Rock-Solid Stability)"
2025-09,ing043,"Vanilla Syrup",10.00,0,0,"Green Healthy (Rock-Solid Stability)"
2025-09,ing044,"Berry Mix",17.23,2.17,0.13,"Green Healthy (Rock-Solid Stability)"
2025-09,ing045,"Oat Crumble",15.19,1.59,0.1,"Green Healthy (Rock-Solid Stability)"
2025-09,ing046,"Mango Sticky Rice Mix",14.36,1.96,0.14,"Green Healthy (Rock-Solid Stability)"
2025-09,ing047,"Cold Brew Coffee",48.93,11.02,0.23,"Yellow Warning (Moderately Shifting)"
2025-09,ing048,"Cold Brew Coffee 1.5L",31.00,7.48,0.24,"Yellow Warning (Moderately Shifting)"
2025-09,ing049,"Ginger Fizz 33cl",50.78,11.29,0.22,"Yellow Warning (Moderately Shifting)"
2025-09,ing050,"Ginger Fizz 1.5L",36.58,8.04,0.22,"Yellow Warning (Moderately Shifting)"
2025-09,ing051,"Lime Mint Sparkle 33cl",56.69,12.19,0.21,"Yellow Warning (Moderately Shifting)"
2025-09,ing052,"Lime Mint Sparkle 1.5L",32.26,10.73,0.33,"Yellow Warning (Moderately Shifting)"
2025-09,ing053,"Berry Kombucha 33cl",50.04,13,0.26,"Yellow Warning (Moderately Shifting)"
2025-09,ing054,"Berry Kombucha 1.5L",26.41,8.31,0.31,"Yellow Warning (Moderately Shifting)"
2025-10,ing001,"Flatbread Dough (8-pack)",13.80,7.28,0.53,"Red Alert (Wildly Volatile)"
2025-10,ing002,"Roasted Red Peppers",18.92,1.15,0.06,"Green Healthy (Rock-Solid Stability)"
2025-10,ing003,"Goat Cheese",10.83,1.97,0.18,"Green Healthy (Rock-Solid Stability)"
2025-10,ing004,"Black Olives",22.21,2.12,0.1,"Green Healthy (Rock-Solid Stability)"
2025-10,ing005,"Sun-Dried Tomatoes",16.29,2.47,0.15,"Green Healthy (Rock-Solid Stability)"
2025-10,ing006,"Spicy Chicken",8.71,1.57,0.18,"Green Healthy (Rock-Solid Stability)"
2025-10,ing007,Jalapenos,15.32,3.2,0.21,"Yellow Warning (Moderately Shifting)"
2025-10,ing008,"Smoked Gouda",9.96,2.46,0.25,"Yellow Warning (Moderately Shifting)"
2025-10,ing009,"Chipotle Sauce",15.00,2.36,0.16,"Green Healthy (Rock-Solid Stability)"
2025-10,ing010,"Wild Mushrooms",8.56,2.99,0.35,"Yellow Warning (Moderately Shifting)"
2025-10,ing011,"Truffle Oil",4.48,1.06,0.24,"Yellow Warning (Moderately Shifting)"
2025-10,ing012,Mozzarella,17.24,3.23,0.19,"Green Healthy (Rock-Solid Stability)"
2025-10,ing013,"Fresh Spinach",12.20,1.23,0.1,"Green Healthy (Rock-Solid Stability)"
2025-10,ing014,"Italian Sausage",9.40,1.7,0.18,"Green Healthy (Rock-Solid Stability)"
2025-10,ing015,"Roasted Garlic",15.44,2.67,0.17,"Green Healthy (Rock-Solid Stability)"
2025-10,ing016,"Red Onion",17.08,2.99,0.18,"Green Healthy (Rock-Solid Stability)"
2025-10,ing017,"Fresh Basil",9.40,0.49,0.05,"Green Healthy (Rock-Solid Stability)"
2025-10,ing018,"Smoked Salmon",-3.48,3.69,-1.06,"Red Alert (Wildly Volatile)"
2025-10,ing019,"Dill Cream Cheese",9.08,2.17,0.24,"Yellow Warning (Moderately Shifting)"
2025-10,ing020,Capers,9.60,1.67,0.17,"Green Healthy (Rock-Solid Stability)"
2025-10,ing021,Arugula,13.04,1.31,0.1,"Green Healthy (Rock-Solid Stability)"
2025-10,ing022,"BBQ Brisket",7.50,1.35,0.18,"Green Healthy (Rock-Solid Stability)"
2025-10,ing023,"Cheddar Cheese",10.44,1.75,0.17,"Green Healthy (Rock-Solid Stability)"
2025-10,ing024,"BBQ Sauce",13.83,1.84,0.13,"Green Healthy (Rock-Solid Stability)"
2025-10,ing025,"Tandoori Chicken",8.04,1.31,0.16,"Green Healthy (Rock-Solid Stability)"
2025-10,ing026,"Mint Yogurt",11.13,1.94,0.17,"Green Healthy (Rock-Solid Stability)"
2025-10,ing027,"Green Chilli",6.88,1.17,0.17,"Green Healthy (Rock-Solid Stability)"
2025-10,ing028,"Grilled Pineapple",8.71,1.51,0.17,"Green Healthy (Rock-Solid Stability)"
2025-10,ing029,"Pulled Pork",4.83,1.75,0.36,"Yellow Warning (Moderately Shifting)"
2025-10,ing030,"Truffle Fries",18.85,2.67,0.14,"Green Healthy (Rock-Solid Stability)"
2025-10,ing031,Parmesan,7.00,0,0,"Green Healthy (Rock-Solid Stability)"
2025-10,ing032,"Cauliflower Florets",16.82,3.01,0.18,"Green Healthy (Rock-Solid Stability)"
2025-10,ing033,"Buffalo Sauce",10.32,0.47,0.05,"Green Healthy (Rock-Solid Stability)"
2025-10,ing034,Ranch,13.00,0,0,"Green Healthy (Rock-Solid Stability)"
2025-10,ing035,"Garlic Knots",24.45,3.41,0.14,"Green Healthy (Rock-Solid Stability)"
2025-10,ing036,Kale,14.90,0.94,0.06,"Green Healthy (Rock-Solid Stability)"
2025-10,ing037,Spinach,14.90,2.91,0.2,"Yellow Warning (Moderately Shifting)"
2025-10,ing038,Avocado,12.40,2.62,0.21,"Yellow Warning (Moderately Shifting)"
2025-10,ing039,"Mixed Seeds",15.00,0,0,"Green Healthy (Rock-Solid Stability)"
2025-10,ing040,"Caramel Filling",12.85,2.46,0.19,"Green Healthy (Rock-Solid Stability)"
2025-10,ing041,"Chocolate Syrup",16.00,0,0,"Green Healthy (Rock-Solid Stability)"
2025-10,ing042,"Espresso Panna Base",10.05,1.6,0.16,"Green Healthy (Rock-Solid Stability)"
2025-10,ing043,"Vanilla Syrup",10.00,0,0,"Green Healthy (Rock-Solid Stability)"
2025-10,ing044,"Berry Mix",16.57,2.65,0.16,"Green Healthy (Rock-Solid Stability)"
2025-10,ing045,"Oat Crumble",15.05,2.48,0.16,"Green Healthy (Rock-Solid Stability)"
2025-10,ing046,"Mango Sticky Rice Mix",16.05,2.99,0.19,"Green Healthy (Rock-Solid Stability)"
2025-10,ing047,"Cold Brew Coffee",45.75,11.33,0.25,"Yellow Warning (Moderately Shifting)"
2025-10,ing048,"Cold Brew Coffee 1.5L",28.39,7.86,0.28,"Yellow Warning (Moderately Shifting)"
2025-10,ing049,"Ginger Fizz 33cl",54.09,12.86,0.24,"Yellow Warning (Moderately Shifting)"
2025-10,ing050,"Ginger Fizz 1.5L",29.90,10.02,0.34,"Yellow Warning (Moderately Shifting)"
2025-10,ing051,"Lime Mint Sparkle 33cl",57.33,11.13,0.19,"Green Healthy (Rock-Solid Stability)"
2025-10,ing053,"Berry Kombucha 33cl",50.30,9.52,0.19,"Green Healthy (Rock-Solid Stability)"
2025-10,ing054,"Berry Kombucha 1.5L",25.91,13.16,0.51,"Red Alert (Wildly Volatile)"
2025-10,ing052,"Lime Mint Sparkle 1.5L",31.00,8.29,0.27,"Yellow Warning (Moderately Shifting)"
