year_week_id,staff_id,first_name,last_name,weekly_hours,weekly_wages
202307,st0004,Faraz,Peck,16.0000,432.00
202307,st0008,Zachery,Robins,16.0000,368.00
202307,st0010,Desiree,Gardner,32.0000,640.00
202307,st0011,Ivan,English,16.0000,320.00
202307,st0017,Nadia,Khan,24.0000,408.00
202307,st0015,Amiyah,Lambert,24.0000,408.00
202307,st0021,Liam,Turner,24.0000,408.00
202307,st0024,Sophia,Bennett,24.0000,408.00
202307,st0030,Hannah,Ward,24.0000,432.00
202307,st0027,Lucas,Price,24.0000,432.00
202307,st0025,Ryan,Foster,24.0000,432.00
202307,st0032,Chloe,Kelly,8.0000,240.00
202308,st0003,Sana,Black,40.0000,1080.00
202308,st0007,Talha,Portillo,16.0000,368.00
202308,st0012,Jonathan,Bradford,40.0000,800.00
202308,st0010,Desiree,Gardner,40.0000,800.00
202308,st0015,Amiyah,Lambert,24.0000,408.00
202308,st0017,Nadia,Khan,24.0000,408.00
202308,st0024,Sophia,Bennett,24.0000,408.00
202308,st0021,Liam,Turner,24.0000,408.00
202308,st0032,Chloe,Kelly,16.0000,480.00
202309,st0002,Luqman,Cantu,16.0000,432.00
202309,st0005,Arran,Hodgson,24.0000,552.00
202309,st0009,Lily-Rose,Vaughn,40.0000,800.00
202309,st0011,Ivan,English,40.0000,800.00
202309,st0014,Areeb,Vasquez,24.0000,408.00
202309,st0015,Amiyah,Lambert,24.0000,408.00
202309,st0019,Ethan,Cole,24.0000,408.00
202309,st0021,Liam,Turner,24.0000,408.00
202309,st0031,Daniel,Morris,40.0000,1200.00
202310,st0004,Faraz,Peck,32.0000,864.00
202310,st0006,Seren,Lindsey,40.0000,920.00
202310,st0013,Matilda,McCarty,40.0000,800.00
202310,st0011,Ivan,English,40.0000,800.00
202310,st0017,Nadia,Khan,24.0000,408.00
202310,st0018,Omar,Sheikh,24.0000,408.00
202310,st0023,Noah,Hayes,24.0000,408.00
202310,st0020,Olivia,Reed,24.0000,408.00
202310,st0032,Chloe,Kelly,32.0000,960.00
202311,st0004,Faraz,Peck,32.0000,864.00
202311,st0005,Arran,Hodgson,24.0000,552.00
202311,st0012,Jonathan,Bradford,40.0000,800.00
202311,st0013,Matilda,McCarty,40.0000,800.00
202311,st0015,Amiyah,Lambert,24.0000,408.00
202311,st0014,Areeb,Vasquez,24.0000,408.00
202311,st0022,Ava,Brooks,24.0000,408.00
202311,st0020,Olivia,Reed,24.0000,408.00
202311,st0032,Chloe,Kelly,24.0000,720.00
202312,st0001,Mindy,Sloan,24.0000,648.00
202312,st0008,Zachery,Robins,24.0000,552.00
202312,st0012,Jonathan,Bradford,40.0000,800.00
202312,st0011,Ivan,English,40.0000,800.00
202312,st0014,Areeb,Vasquez,24.0000,408.00
202312,st0018,Omar,Sheikh,24.0000,408.00
202312,st0020,Olivia,Reed,24.0000,408.00
202312,st0022,Ava,Brooks,24.0000,408.00
202312,st0032,Chloe,Kelly,24.0000,720.00
202313,st0001,Mindy,Sloan,32.0000,864.00
202313,st0005,Arran,Hodgson,40.0000,920.00
202313,st0012,Jonathan,Bradford,40.0000,800.00
202313,st0010,Desiree,Gardner,40.0000,800.00
202313,st0014,Areeb,Vasquez,24.0000,408.00
202313,st0020,Olivia,Reed,24.0000,408.00
202313,st0022,Ava,Brooks,24.0000,408.00
202313,st0032,Chloe,Kelly,32.0000,960.00
202314,st0001,Mindy,Sloan,40.0000,1080.00
202314,st0006,Seren,Lindsey,40.0000,920.00
202314,st0010,Desiree,Gardner,40.0000,800.00
202314,st0013,Matilda,McCarty,40.0000,800.00
202314,st0018,Omar,Sheikh,24.0000,408.00
202314,st0017,Nadia,Khan,24.0000,408.00
202314,st0023,Noah,Hayes,24.0000,408.00
202314,st0020,Olivia,Reed,24.0000,408.00
202314,st0031,Daniel,Morris,32.0000,960.00
202315,st0004,Faraz,Peck,32.0000,864.00
202315,st0005,Arran,Hodgson,32.0000,736.00
202315,st0013,Matilda,McCarty,40.0000,800.00
202315,st0010,Desiree,Gardner,40.0000,800.00
202315,st0018,Omar,Sheikh,24.0000,408.00
202315,st0014,Areeb,Vasquez,24.0000,408.00
202315,st0024,Sophia,Bennett,24.0000,408.00
202315,st0021,Liam,Turner,24.0000,408.00
202315,st0031,Daniel,Morris,32.0000,960.00
202316,st0004,Faraz,Peck,32.0000,864.00
202316,st0008,Zachery,Robins,24.0000,552.00
202316,st0012,Jonathan,Bradford,40.0000,800.00
202316,st0013,Matilda,McCarty,40.0000,800.00
202316,st0015,Amiyah,Lambert,24.0000,408.00
202316,st0017,Nadia,Khan,24.0000,408.00
202316,st0019,Ethan,Cole,24.0000,408.00
202316,st0022,Ava,Brooks,24.0000,408.00
202316,st0031,Daniel,Morris,32.0000,960.00
202317,st0001,Mindy,Sloan,40.0000,1080.00
202317,st0007,Talha,Portillo,32.0000,736.00
202317,st0012,Jonathan,Bradford,32.0000,640.00
202317,st0011,Ivan,English,40.0000,800.00
202317,st0018,Omar,Sheikh,24.0000,408.00
202317,st0015,Amiyah,Lambert,24.0000,408.00
202317,st0020,Olivia,Reed,24.0000,408.00
202317,st0021,Liam,Turner,24.0000,408.00
202317,st0031,Daniel,Morris,40.0000,1200.00
202318,st0003,Sana,Black,40.0000,1080.00
202318,st0006,Seren,Lindsey,24.0000,552.00
202318,st0009,Lily-Rose,Vaughn,40.0000,800.00
202318,st0012,Jonathan,Bradford,40.0000,800.00
202318,st0018,Omar,Sheikh,24.0000,408.00
202318,st0014,Areeb,Vasquez,24.0000,408.00
202318,st0021,Liam,Turner,24.0000,408.00
202318,st0024,Sophia,Bennett,24.0000,408.00
202318,st0032,Chloe,Kelly,32.0000,960.00
202319,st0001,Mindy,Sloan,40.0000,1080.00
202319,st0005,Arran,Hodgson,32.0000,736.00
202319,st0009,Lily-Rose,Vaughn,40.0000,800.00
202319,st0013,Matilda,McCarty,40.0000,800.00
202319,st0014,Areeb,Vasquez,24.0000,408.00
202319,st0016,Amrit,Greaves,24.0000,408.00
202319,st0020,Olivia,Reed,24.0000,408.00
202319,st0022,Ava,Brooks,24.0000,408.00
202319,st0032,Chloe,Kelly,40.0000,1200.00
202320,st0004,Faraz,Peck,40.0000,1080.00
202320,st0005,Arran,Hodgson,40.0000,920.00
202320,st0009,Lily-Rose,Vaughn,40.0000,800.00
202320,st0013,Matilda,McCarty,40.0000,800.00
202320,st0016,Amrit,Greaves,24.0000,408.00
202320,st0014,Areeb,Vasquez,24.0000,408.00
202320,st0021,Liam,Turner,24.0000,408.00
202320,st0022,Ava,Brooks,24.0000,408.00
202320,st0031,Daniel,Morris,32.0000,960.00
202321,st0002,Luqman,Cantu,40.0000,1080.00
202321,st0008,Zachery,Robins,24.0000,552.00
202321,st0010,Desiree,Gardner,40.0000,800.00
202321,st0009,Lily-Rose,Vaughn,40.0000,800.00
202321,st0015,Amiyah,Lambert,24.0000,408.00
202321,st0017,Nadia,Khan,24.0000,408.00
202321,st0019,Ethan,Cole,24.0000,408.00
202321,st0021,Liam,Turner,24.0000,408.00
202321,st0032,Chloe,Kelly,32.0000,960.00
202322,st0002,Luqman,Cantu,24.0000,648.00
202322,st0007,Talha,Portillo,40.0000,920.00
202322,st0009,Lily-Rose,Vaughn,40.0000,800.00
202322,st0012,Jonathan,Bradford,40.0000,800.00
202322,st0015,Amiyah,Lambert,24.0000,408.00
202322,st0017,Nadia,Khan,24.0000,408.00
202322,st0022,Ava,Brooks,24.0000,408.00
202322,st0021,Liam,Turner,24.0000,408.00
202322,st0031,Daniel,Morris,16.0000,480.00
202323,st0004,Faraz,Peck,16.0000,432.00
202323,st0005,Arran,Hodgson,24.0000,552.00
202323,st0010,Desiree,Gardner,40.0000,800.00
202323,st0013,Matilda,McCarty,40.0000,800.00
202323,st0018,Omar,Sheikh,24.0000,408.00
202323,st0014,Areeb,Vasquez,24.0000,408.00
202323,st0022,Ava,Brooks,24.0000,408.00
202323,st0020,Olivia,Reed,24.0000,408.00
202323,st0031,Daniel,Morris,32.0000,960.00
202324,st0004,Faraz,Peck,32.0000,864.00
202324,st0007,Talha,Portillo,40.0000,920.00
202324,st0010,Desiree,Gardner,40.0000,800.00
202324,st0011,Ivan,English,40.0000,800.00
202324,st0014,Areeb,Vasquez,24.0000,408.00
202324,st0018,Omar,Sheikh,24.0000,408.00
202324,st0021,Liam,Turner,24.0000,408.00
202324,st0024,Sophia,Bennett,24.0000,408.00
202324,st0031,Daniel,Morris,40.0000,1200.00
202325,st0002,Luqman,Cantu,16.0000,432.00
202325,st0008,Zachery,Robins,24.0000,552.00
202325,st0010,Desiree,Gardner,40.0000,800.00
202325,st0012,Jonathan,Bradford,40.0000,800.00
202325,st0014,Areeb,Vasquez,24.0000,408.00
202325,st0016,Amrit,Greaves,24.0000,408.00
202325,st0024,Sophia,Bennett,24.0000,408.00
202325,st0021,Liam,Turner,24.0000,408.00
202325,st0032,Chloe,Kelly,40.0000,1200.00
202326,st0004,Faraz,Peck,32.0000,864.00
202326,st0007,Talha,Portillo,24.0000,552.00
202326,st0012,Jonathan,Bradford,40.0000,800.00
202326,st0013,Matilda,McCarty,40.0000,800.00
202326,st0015,Amiyah,Lambert,24.0000,408.00
202326,st0016,Amrit,Greaves,24.0000,408.00
202326,st0021,Liam,Turner,24.0000,408.00
202326,st0022,Ava,Brooks,24.0000,408.00
202326,st0032,Chloe,Kelly,32.0000,960.00
202327,st0001,Mindy,Sloan,32.0000,864.00
202327,st0007,Talha,Portillo,40.0000,920.00
202327,st0010,Desiree,Gardner,40.0000,800.00
202327,st0011,Ivan,English,40.0000,800.00
202327,st0018,Omar,Sheikh,24.0000,408.00
202327,st0016,Amrit,Greaves,24.0000,408.00
202327,st0022,Ava,Brooks,24.0000,408.00
202327,st0021,Liam,Turner,24.0000,408.00
202327,st0032,Chloe,Kelly,24.0000,720.00
202328,st0002,Luqman,Cantu,40.0000,1080.00
202328,st0007,Talha,Portillo,16.0000,368.00
202328,st0013,Matilda,McCarty,40.0000,800.00
202328,st0012,Jonathan,Bradford,40.0000,800.00
202328,st0014,Areeb,Vasquez,24.0000,408.00
202328,st0015,Amiyah,Lambert,24.0000,408.00
202328,st0023,Noah,Hayes,24.0000,408.00
202328,st0019,Ethan,Cole,24.0000,408.00
202328,st0031,Daniel,Morris,32.0000,960.00
202329,st0004,Faraz,Peck,24.0000,648.00
202329,st0007,Talha,Portillo,40.0000,920.00
202329,st0009,Lily-Rose,Vaughn,40.0000,800.00
202329,st0011,Ivan,English,40.0000,800.00
202329,st0015,Amiyah,Lambert,24.0000,408.00
202329,st0018,Omar,Sheikh,24.0000,408.00
202329,st0019,Ethan,Cole,24.0000,408.00
202329,st0023,Noah,Hayes,24.0000,408.00
202329,st0031,Daniel,Morris,32.0000,960.00
202330,st0003,Sana,Black,40.0000,1080.00
202330,st0005,Arran,Hodgson,32.0000,736.00
202330,st0009,Lily-Rose,Vaughn,40.0000,800.00
202330,st0013,Matilda,McCarty,40.0000,800.00
202330,st0017,Nadia,Khan,24.0000,408.00
202330,st0015,Amiyah,Lambert,24.0000,408.00
202330,st0020,Olivia,Reed,24.0000,408.00
202330,st0019,Ethan,Cole,24.0000,408.00
202330,st0031,Daniel,Morris,24.0000,720.00
202331,st0003,Sana,Black,32.0000,864.00
202331,st0008,Zachery,Robins,32.0000,736.00
202331,st0011,Ivan,English,40.0000,800.00
202331,st0012,Jonathan,Bradford,40.0000,800.00
202331,st0014,Areeb,Vasquez,24.0000,408.00
202331,st0015,Amiyah,Lambert,24.0000,408.00
202331,st0024,Sophia,Bennett,24.0000,408.00
202331,st0021,Liam,Turner,24.0000,408.00
202331,st0031,Daniel,Morris,24.0000,720.00
202332,st0001,Mindy,Sloan,40.0000,1080.00
202332,st0008,Zachery,Robins,40.0000,920.00
202332,st0010,Desiree,Gardner,40.0000,800.00
202332,st0009,Lily-Rose,Vaughn,40.0000,800.00
202332,st0017,Nadia,Khan,24.0000,408.00
202332,st0016,Amrit,Greaves,24.0000,408.00
202332,st0024,Sophia,Bennett,24.0000,408.00
202332,st0022,Ava,Brooks,24.0000,408.00
202332,st0032,Chloe,Kelly,32.0000,960.00
202333,st0002,Luqman,Cantu,32.0000,864.00
202333,st0005,Arran,Hodgson,32.0000,736.00
202333,st0013,Matilda,McCarty,40.0000,800.00
202333,st0011,Ivan,English,40.0000,800.00
202333,st0014,Areeb,Vasquez,24.0000,408.00
202333,st0018,Omar,Sheikh,24.0000,408.00
202333,st0022,Ava,Brooks,24.0000,408.00
202333,st0020,Olivia,Reed,24.0000,408.00
202333,st0031,Daniel,Morris,24.0000,720.00
202334,st0004,Faraz,Peck,24.0000,648.00
202334,st0005,Arran,Hodgson,40.0000,920.00
202334,st0011,Ivan,English,40.0000,800.00
202334,st0013,Matilda,McCarty,32.0000,640.00
202334,st0017,Nadia,Khan,24.0000,408.00
202334,st0018,Omar,Sheikh,24.0000,408.00
202334,st0022,Ava,Brooks,24.0000,408.00
202334,st0024,Sophia,Bennett,24.0000,408.00
202334,st0032,Chloe,Kelly,32.0000,960.00
202335,st0004,Faraz,Peck,40.0000,1080.00
202335,st0007,Talha,Portillo,24.0000,552.00
202335,st0013,Matilda,McCarty,40.0000,800.00
202335,st0009,Lily-Rose,Vaughn,40.0000,800.00
202335,st0014,Areeb,Vasquez,24.0000,408.00
202335,st0015,Amiyah,Lambert,24.0000,408.00
202335,st0020,Olivia,Reed,24.0000,408.00
202335,st0022,Ava,Brooks,24.0000,408.00
202335,st0031,Daniel,Morris,24.0000,720.00
202336,st0003,Sana,Black,24.0000,648.00
202336,st0006,Seren,Lindsey,32.0000,736.00
202336,st0013,Matilda,McCarty,40.0000,800.00
202336,st0010,Desiree,Gardner,40.0000,800.00
202336,st0016,Amrit,Greaves,24.0000,408.00
202336,st0014,Areeb,Vasquez,24.0000,408.00
202336,st0024,Sophia,Bennett,24.0000,408.00
202336,st0023,Noah,Hayes,24.0000,408.00
202336,st0031,Daniel,Morris,32.0000,960.00
202337,st0002,Luqman,Cantu,16.0000,432.00
202337,st0007,Talha,Portillo,32.0000,736.00
202337,st0010,Desiree,Gardner,40.0000,800.00
202337,st0009,Lily-Rose,Vaughn,32.0000,640.00
202337,st0014,Areeb,Vasquez,24.0000,408.00
202337,st0018,Omar,Sheikh,24.0000,408.00
202337,st0021,Liam,Turner,24.0000,408.00
202337,st0024,Sophia,Bennett,24.0000,408.00
202337,st0032,Chloe,Kelly,16.0000,480.00
202338,st0003,Sana,Black,32.0000,864.00
202338,st0008,Zachery,Robins,40.0000,920.00
202338,st0009,Lily-Rose,Vaughn,40.0000,800.00
202338,st0011,Ivan,English,40.0000,800.00
202338,st0014,Areeb,Vasquez,24.0000,408.00
202338,st0024,Sophia,Bennett,24.0000,408.00
202338,st0021,Liam,Turner,24.0000,408.00
202338,st0032,Chloe,Kelly,40.0000,1200.00
202339,st0001,Mindy,Sloan,24.0000,648.00
202339,st0008,Zachery,Robins,40.0000,920.00
202339,st0010,Desiree,Gardner,40.0000,800.00
202339,st0011,Ivan,English,40.0000,800.00
202339,st0016,Amrit,Greaves,24.0000,408.00
202339,st0019,Ethan,Cole,24.0000,408.00
202339,st0020,Olivia,Reed,24.0000,408.00
202339,st0031,Daniel,Morris,24.0000,720.00
202340,st0002,Luqman,Cantu,24.0000,648.00
202340,st0008,Zachery,Robins,40.0000,920.00
202340,st0013,Matilda,McCarty,40.0000,800.00
202340,st0012,Jonathan,Bradford,40.0000,800.00
202340,st0018,Omar,Sheikh,24.0000,408.00
202340,st0014,Areeb,Vasquez,24.0000,408.00
202340,st0019,Ethan,Cole,24.0000,408.00
202340,st0020,Olivia,Reed,24.0000,408.00
202340,st0031,Daniel,Morris,24.0000,720.00
202341,st0002,Luqman,Cantu,32.0000,864.00
202341,st0006,Seren,Lindsey,16.0000,368.00
202341,st0011,Ivan,English,40.0000,800.00
202341,st0010,Desiree,Gardner,40.0000,800.00
202341,st0016,Amrit,Greaves,24.0000,408.00
202341,st0020,Olivia,Reed,24.0000,408.00
202341,st0019,Ethan,Cole,24.0000,408.00
202341,st0031,Daniel,Morris,24.0000,720.00
202342,st0003,Sana,Black,32.0000,864.00
202342,st0006,Seren,Lindsey,24.0000,552.00
202342,st0011,Ivan,English,40.0000,800.00
202342,st0013,Matilda,McCarty,40.0000,800.00
202342,st0015,Amiyah,Lambert,24.0000,408.00
202342,st0016,Amrit,Greaves,24.0000,408.00
202342,st0024,Sophia,Bennett,24.0000,408.00
202342,st0019,Ethan,Cole,24.0000,408.00
202342,st0031,Daniel,Morris,40.0000,1200.00
202343,st0002,Luqman,Cantu,24.0000,648.00
202343,st0008,Zachery,Robins,24.0000,552.00
202343,st0012,Jonathan,Bradford,40.0000,800.00
202343,st0013,Matilda,McCarty,40.0000,800.00
202343,st0015,Amiyah,Lambert,24.0000,408.00
202343,st0017,Nadia,Khan,24.0000,408.00
202343,st0021,Liam,Turner,24.0000,408.00
202343,st0019,Ethan,Cole,24.0000,408.00
202343,st0032,Chloe,Kelly,32.0000,960.00
202344,st0002,Luqman,Cantu,32.0000,864.00
202344,st0005,Arran,Hodgson,24.0000,552.00
202344,st0013,Matilda,McCarty,40.0000,800.00
202344,st0009,Lily-Rose,Vaughn,40.0000,800.00
202344,st0017,Nadia,Khan,24.0000,408.00
202344,st0014,Areeb,Vasquez,24.0000,408.00
202344,st0020,Olivia,Reed,24.0000,408.00
202344,st0024,Sophia,Bennett,24.0000,408.00
202344,st0032,Chloe,Kelly,24.0000,720.00
202345,st0003,Sana,Black,32.0000,864.00
202345,st0005,Arran,Hodgson,24.0000,552.00
202345,st0011,Ivan,English,40.0000,800.00
202345,st0009,Lily-Rose,Vaughn,40.0000,800.00
202345,st0017,Nadia,Khan,24.0000,408.00
202345,st0016,Amrit,Greaves,24.0000,408.00
202345,st0022,Ava,Brooks,24.0000,408.00
202345,st0021,Liam,Turner,24.0000,408.00
202345,st0032,Chloe,Kelly,40.0000,1200.00
202346,st0002,Luqman,Cantu,24.0000,648.00
202346,st0007,Talha,Portillo,32.0000,736.00
202346,st0009,Lily-Rose,Vaughn,40.0000,800.00
202346,st0011,Ivan,English,40.0000,800.00
202346,st0014,Areeb,Vasquez,24.0000,408.00
202346,st0016,Amrit,Greaves,24.0000,408.00
202346,st0020,Olivia,Reed,24.0000,408.00
202346,st0021,Liam,Turner,24.0000,408.00
202346,st0032,Chloe,Kelly,24.0000,720.00
202347,st0001,Mindy,Sloan,40.0000,1080.00
202347,st0007,Talha,Portillo,24.0000,552.00
202347,st0010,Desiree,Gardner,40.0000,800.00
202347,st0009,Lily-Rose,Vaughn,40.0000,800.00
202347,st0016,Amrit,Greaves,24.0000,408.00
202347,st0018,Omar,Sheikh,24.0000,408.00
202347,st0021,Liam,Turner,24.0000,408.00
202347,st0020,Olivia,Reed,24.0000,408.00
202347,st0031,Daniel,Morris,24.0000,720.00
202348,st0003,Sana,Black,32.0000,864.00
202348,st0008,Zachery,Robins,16.0000,368.00
202348,st0010,Desiree,Gardner,40.0000,800.00
202348,st0009,Lily-Rose,Vaughn,40.0000,800.00
202348,st0015,Amiyah,Lambert,24.0000,408.00
202348,st0016,Amrit,Greaves,24.0000,408.00
202348,st0024,Sophia,Bennett,24.0000,408.00
202348,st0023,Noah,Hayes,24.0000,408.00
202348,st0032,Chloe,Kelly,40.0000,1200.00
202349,st0004,Faraz,Peck,40.0000,1080.00
202349,st0008,Zachery,Robins,32.0000,736.00
202349,st0010,Desiree,Gardner,40.0000,800.00
202349,st0013,Matilda,McCarty,40.0000,800.00
202349,st0018,Omar,Sheikh,24.0000,408.00
202349,st0014,Areeb,Vasquez,24.0000,408.00
202349,st0023,Noah,Hayes,24.0000,408.00
202349,st0019,Ethan,Cole,24.0000,408.00
202349,st0032,Chloe,Kelly,32.0000,960.00
202350,st0001,Mindy,Sloan,24.0000,648.00
202350,st0007,Talha,Portillo,24.0000,552.00
202350,st0013,Matilda,McCarty,40.0000,800.00
202350,st0011,Ivan,English,40.0000,800.00
202350,st0017,Nadia,Khan,24.0000,408.00
202350,st0016,Amrit,Greaves,24.0000,408.00
202350,st0022,Ava,Brooks,24.0000,408.00
202350,st0024,Sophia,Bennett,24.0000,408.00
202350,st0031,Daniel,Morris,40.0000,1200.00
202351,st0004,Faraz,Peck,24.0000,648.00
202351,st0005,Arran,Hodgson,32.0000,736.00
202351,st0010,Desiree,Gardner,40.0000,800.00
202351,st0013,Matilda,McCarty,40.0000,800.00
202351,st0016,Amrit,Greaves,24.0000,408.00
202351,st0018,Omar,Sheikh,24.0000,408.00
202351,st0022,Ava,Brooks,24.0000,408.00
202351,st0024,Sophia,Bennett,24.0000,408.00
202351,st0031,Daniel,Morris,16.0000,480.00
202352,st0002,Luqman,Cantu,32.0000,864.00
202352,st0008,Zachery,Robins,32.0000,736.00
202352,st0011,Ivan,English,40.0000,800.00
202352,st0013,Matilda,McCarty,40.0000,800.00
202352,st0015,Amiyah,Lambert,24.0000,408.00
202352,st0014,Areeb,Vasquez,24.0000,408.00
202352,st0022,Ava,Brooks,24.0000,408.00
202352,st0024,Sophia,Bennett,24.0000,408.00
202352,st0032,Chloe,Kelly,24.0000,720.00
202401,st0003,Sana,Black,24.0000,648.00
202401,st0005,Arran,Hodgson,32.0000,736.00
202401,st0009,Lily-Rose,Vaughn,40.0000,800.00
202401,st0011,Ivan,English,40.0000,800.00
202401,st0014,Areeb,Vasquez,24.0000,408.00
202401,st0015,Amiyah,Lambert,24.0000,408.00
202401,st0022,Ava,Brooks,24.0000,408.00
202401,st0023,Noah,Hayes,24.0000,408.00
202401,st0032,Chloe,Kelly,32.0000,960.00
202402,st0003,Sana,Black,40.0000,1080.00
202402,st0007,Talha,Portillo,24.0000,552.00
202402,st0012,Jonathan,Bradford,40.0000,800.00
202402,st0010,Desiree,Gardner,40.0000,800.00
202402,st0014,Areeb,Vasquez,24.0000,408.00
202402,st0017,Nadia,Khan,24.0000,408.00
202402,st0022,Ava,Brooks,24.0000,408.00
202402,st0019,Ethan,Cole,24.0000,408.00
202402,st0032,Chloe,Kelly,32.0000,960.00
202403,st0001,Mindy,Sloan,40.0000,1080.00
202403,st0008,Zachery,Robins,24.0000,552.00
202403,st0010,Desiree,Gardner,40.0000,800.00
202403,st0013,Matilda,McCarty,40.0000,800.00
202403,st0014,Areeb,Vasquez,24.0000,408.00
202403,st0016,Amrit,Greaves,24.0000,408.00
202403,st0022,Ava,Brooks,24.0000,408.00
202403,st0024,Sophia,Bennett,24.0000,408.00
202403,st0032,Chloe,Kelly,16.0000,480.00
202404,st0001,Mindy,Sloan,32.0000,864.00
202404,st0008,Zachery,Robins,40.0000,920.00
202404,st0010,Desiree,Gardner,40.0000,800.00
202404,st0012,Jonathan,Bradford,40.0000,800.00
202404,st0015,Amiyah,Lambert,24.0000,408.00
202404,st0020,Olivia,Reed,24.0000,408.00
202404,st0022,Ava,Brooks,24.0000,408.00
202404,st0031,Daniel,Morris,40.0000,1200.00
202405,st0002,Luqman,Cantu,24.0000,648.00
202405,st0006,Seren,Lindsey,40.0000,920.00
202405,st0011,Ivan,English,40.0000,800.00
202405,st0013,Matilda,McCarty,40.0000,800.00
202405,st0018,Omar,Sheikh,24.0000,408.00
202405,st0014,Areeb,Vasquez,24.0000,408.00
202405,st0023,Noah,Hayes,24.0000,408.00
202405,st0020,Olivia,Reed,24.0000,408.00
202405,st0031,Daniel,Morris,24.0000,720.00
202406,st0002,Luqman,Cantu,40.0000,1080.00
202406,st0007,Talha,Portillo,16.0000,368.00
202406,st0009,Lily-Rose,Vaughn,40.0000,800.00
202406,st0013,Matilda,McCarty,40.0000,800.00
202406,st0018,Omar,Sheikh,24.0000,408.00
202406,st0017,Nadia,Khan,24.0000,408.00
202406,st0021,Liam,Turner,24.0000,408.00
202406,st0020,Olivia,Reed,24.0000,408.00
202406,st0032,Chloe,Kelly,40.0000,1200.00
202407,st0002,Luqman,Cantu,16.0000,432.00
202407,st0005,Arran,Hodgson,40.0000,920.00
202407,st0009,Lily-Rose,Vaughn,40.0000,800.00
202407,st0012,Jonathan,Bradford,40.0000,800.00
202407,st0018,Omar,Sheikh,24.0000,408.00
202407,st0016,Amrit,Greaves,24.0000,408.00
202407,st0022,Ava,Brooks,24.0000,408.00
202407,st0020,Olivia,Reed,24.0000,408.00
202407,st0032,Chloe,Kelly,24.0000,720.00
202408,st0001,Mindy,Sloan,32.0000,864.00
202408,st0008,Zachery,Robins,40.0000,920.00
202408,st0009,Lily-Rose,Vaughn,40.0000,800.00
202408,st0011,Ivan,English,32.0000,640.00
202408,st0015,Amiyah,Lambert,24.0000,408.00
202408,st0017,Nadia,Khan,24.0000,408.00
202408,st0024,Sophia,Bennett,24.0000,408.00
202408,st0020,Olivia,Reed,24.0000,408.00
202408,st0032,Chloe,Kelly,16.0000,480.00
202409,st0001,Mindy,Sloan,40.0000,1080.00
202409,st0006,Seren,Lindsey,40.0000,920.00
202409,st0012,Jonathan,Bradford,40.0000,800.00
202409,st0013,Matilda,McCarty,40.0000,800.00
202409,st0016,Amrit,Greaves,24.0000,408.00
202409,st0017,Nadia,Khan,24.0000,408.00
202409,st0020,Olivia,Reed,24.0000,408.00
202409,st0024,Sophia,Bennett,24.0000,408.00
202409,st0031,Daniel,Morris,40.0000,1200.00
202410,st0001,Mindy,Sloan,40.0000,1080.00
202410,st0006,Seren,Lindsey,16.0000,368.00
202410,st0010,Desiree,Gardner,40.0000,800.00
202410,st0012,Jonathan,Bradford,40.0000,800.00
202410,st0016,Amrit,Greaves,24.0000,408.00
202410,st0017,Nadia,Khan,24.0000,408.00
202410,st0024,Sophia,Bennett,24.0000,408.00
202410,st0021,Liam,Turner,24.0000,408.00
202410,st0032,Chloe,Kelly,24.0000,720.00
202411,st0004,Faraz,Peck,32.0000,864.00
202411,st0008,Zachery,Robins,32.0000,736.00
202411,st0011,Ivan,English,40.0000,800.00
202411,st0012,Jonathan,Bradford,40.0000,800.00
202411,st0016,Amrit,Greaves,24.0000,408.00
202411,st0015,Amiyah,Lambert,24.0000,408.00
202411,st0021,Liam,Turner,24.0000,408.00
202411,st0022,Ava,Brooks,24.0000,408.00
202411,st0032,Chloe,Kelly,24.0000,720.00
202412,st0001,Mindy,Sloan,32.0000,864.00
202412,st0005,Arran,Hodgson,24.0000,552.00
202412,st0009,Lily-Rose,Vaughn,40.0000,800.00
202412,st0013,Matilda,McCarty,40.0000,800.00
202412,st0018,Omar,Sheikh,24.0000,408.00
202412,st0016,Amrit,Greaves,24.0000,408.00
202412,st0021,Liam,Turner,24.0000,408.00
202412,st0022,Ava,Brooks,24.0000,408.00
202412,st0031,Daniel,Morris,32.0000,960.00
202413,st0003,Sana,Black,32.0000,864.00
202413,st0007,Talha,Portillo,32.0000,736.00
202413,st0010,Desiree,Gardner,40.0000,800.00
202413,st0011,Ivan,English,40.0000,800.00
202413,st0017,Nadia,Khan,24.0000,408.00
202413,st0015,Amiyah,Lambert,24.0000,408.00
202413,st0020,Olivia,Reed,24.0000,408.00
202413,st0019,Ethan,Cole,24.0000,408.00
202413,st0031,Daniel,Morris,24.0000,720.00
202414,st0003,Sana,Black,40.0000,1080.00
202414,st0007,Talha,Portillo,24.0000,552.00
202414,st0010,Desiree,Gardner,40.0000,800.00
202414,st0009,Lily-Rose,Vaughn,40.0000,800.00
202414,st0014,Areeb,Vasquez,24.0000,408.00
202414,st0019,Ethan,Cole,24.0000,408.00
202414,st0021,Liam,Turner,24.0000,408.00
202414,st0031,Daniel,Morris,40.0000,1200.00
202415,st0003,Sana,Black,32.0000,864.00
202415,st0006,Seren,Lindsey,40.0000,920.00
202415,st0009,Lily-Rose,Vaughn,40.0000,800.00
202415,st0010,Desiree,Gardner,40.0000,800.00
202415,st0015,Amiyah,Lambert,24.0000,408.00
202415,st0017,Nadia,Khan,24.0000,408.00
202415,st0021,Liam,Turner,24.0000,408.00
202415,st0020,Olivia,Reed,24.0000,408.00
202415,st0031,Daniel,Morris,32.0000,960.00
202416,st0004,Faraz,Peck,16.0000,432.00
202416,st0007,Talha,Portillo,24.0000,552.00
202416,st0009,Lily-Rose,Vaughn,40.0000,800.00
202416,st0010,Desiree,Gardner,40.0000,800.00
202416,st0015,Amiyah,Lambert,24.0000,408.00
202416,st0017,Nadia,Khan,24.0000,408.00
202416,st0020,Olivia,Reed,24.0000,408.00
202416,st0019,Ethan,Cole,24.0000,408.00
202416,st0032,Chloe,Kelly,32.0000,960.00
202417,st0001,Mindy,Sloan,24.0000,648.00
202417,st0006,Seren,Lindsey,40.0000,920.00
202417,st0010,Desiree,Gardner,40.0000,800.00
202417,st0009,Lily-Rose,Vaughn,40.0000,800.00
202417,st0016,Amrit,Greaves,24.0000,408.00
202417,st0015,Amiyah,Lambert,24.0000,408.00
202417,st0022,Ava,Brooks,24.0000,408.00
202417,st0021,Liam,Turner,24.0000,408.00
202417,st0032,Chloe,Kelly,24.0000,720.00
202418,st0004,Faraz,Peck,32.0000,864.00
202418,st0007,Talha,Portillo,16.0000,368.00
202418,st0013,Matilda,McCarty,40.0000,800.00
202418,st0009,Lily-Rose,Vaughn,40.0000,800.00
202418,st0018,Omar,Sheikh,24.0000,408.00
202418,st0017,Nadia,Khan,24.0000,408.00
202418,st0023,Noah,Hayes,24.0000,408.00
202418,st0024,Sophia,Bennett,24.0000,408.00
202418,st0031,Daniel,Morris,40.0000,1200.00
202419,st0001,Mindy,Sloan,40.0000,1080.00
202419,st0006,Seren,Lindsey,32.0000,736.00
202419,st0013,Matilda,McCarty,40.0000,800.00
202419,st0011,Ivan,English,40.0000,800.00
202419,st0017,Nadia,Khan,24.0000,408.00
202419,st0014,Areeb,Vasquez,24.0000,408.00
202419,st0021,Liam,Turner,24.0000,408.00
202419,st0020,Olivia,Reed,24.0000,408.00
202419,st0031,Daniel,Morris,32.0000,960.00
202420,st0004,Faraz,Peck,40.0000,1080.00
202420,st0008,Zachery,Robins,32.0000,736.00
202420,st0010,Desiree,Gardner,40.0000,800.00
202420,st0013,Matilda,McCarty,40.0000,800.00
202420,st0017,Nadia,Khan,24.0000,408.00
202420,st0018,Omar,Sheikh,24.0000,408.00
202420,st0019,Ethan,Cole,24.0000,408.00
202420,st0023,Noah,Hayes,24.0000,408.00
202420,st0031,Daniel,Morris,32.0000,960.00
202421,st0001,Mindy,Sloan,40.0000,1080.00
202421,st0005,Arran,Hodgson,16.0000,368.00
202421,st0009,Lily-Rose,Vaughn,40.0000,800.00
202421,st0011,Ivan,English,40.0000,800.00
202421,st0015,Amiyah,Lambert,24.0000,408.00
202421,st0017,Nadia,Khan,24.0000,408.00
202421,st0024,Sophia,Bennett,24.0000,408.00
202421,st0022,Ava,Brooks,24.0000,408.00
202421,st0032,Chloe,Kelly,32.0000,960.00
202422,st0003,Sana,Black,40.0000,1080.00
202422,st0006,Seren,Lindsey,40.0000,920.00
202422,st0010,Desiree,Gardner,40.0000,800.00
202422,st0012,Jonathan,Bradford,40.0000,800.00
202422,st0015,Amiyah,Lambert,24.0000,408.00
202422,st0017,Nadia,Khan,24.0000,408.00
202422,st0024,Sophia,Bennett,24.0000,408.00
202422,st0022,Ava,Brooks,24.0000,408.00
202422,st0031,Daniel,Morris,16.0000,480.00
202423,st0004,Faraz,Peck,40.0000,1080.00
202423,st0006,Seren,Lindsey,32.0000,736.00
202423,st0010,Desiree,Gardner,40.0000,800.00
202423,st0009,Lily-Rose,Vaughn,40.0000,800.00
202423,st0016,Amrit,Greaves,24.0000,408.00
202423,st0018,Omar,Sheikh,24.0000,408.00
202423,st0022,Ava,Brooks,24.0000,408.00
202423,st0020,Olivia,Reed,24.0000,408.00
202423,st0031,Daniel,Morris,32.0000,960.00
202424,st0004,Faraz,Peck,40.0000,1080.00
202424,st0005,Arran,Hodgson,32.0000,736.00
202424,st0013,Matilda,McCarty,40.0000,800.00
202424,st0012,Jonathan,Bradford,40.0000,800.00
202424,st0014,Areeb,Vasquez,24.0000,408.00
202424,st0018,Omar,Sheikh,24.0000,408.00
202424,st0024,Sophia,Bennett,24.0000,408.00
202424,st0021,Liam,Turner,24.0000,408.00
202424,st0031,Daniel,Morris,24.0000,720.00
202425,st0003,Sana,Black,24.0000,648.00
202425,st0005,Arran,Hodgson,32.0000,736.00
202425,st0012,Jonathan,Bradford,40.0000,800.00
202425,st0013,Matilda,McCarty,40.0000,800.00
202425,st0016,Amrit,Greaves,24.0000,408.00
202425,st0017,Nadia,Khan,24.0000,408.00
202425,st0019,Ethan,Cole,24.0000,408.00
202425,st0021,Liam,Turner,24.0000,408.00
202425,st0031,Daniel,Morris,32.0000,960.00
202426,st0004,Faraz,Peck,40.0000,1080.00
202426,st0005,Arran,Hodgson,24.0000,552.00
202426,st0010,Desiree,Gardner,40.0000,800.00
202426,st0012,Jonathan,Bradford,32.0000,640.00
202426,st0017,Nadia,Khan,24.0000,408.00
202426,st0018,Omar,Sheikh,24.0000,408.00
202426,st0023,Noah,Hayes,24.0000,408.00
202426,st0020,Olivia,Reed,24.0000,408.00
202426,st0032,Chloe,Kelly,40.0000,1200.00
202427,st0004,Faraz,Peck,24.0000,648.00
202427,st0005,Arran,Hodgson,40.0000,920.00
202427,st0010,Desiree,Gardner,32.0000,640.00
202427,st0009,Lily-Rose,Vaughn,40.0000,800.00
202427,st0014,Areeb,Vasquez,24.0000,408.00
202427,st0016,Amrit,Greaves,24.0000,408.00
202427,st0022,Ava,Brooks,24.0000,408.00
202427,st0023,Noah,Hayes,24.0000,408.00
202427,st0031,Daniel,Morris,40.0000,1200.00
202428,st0001,Mindy,Sloan,32.0000,864.00
202428,st0007,Talha,Portillo,40.0000,920.00
202428,st0009,Lily-Rose,Vaughn,40.0000,800.00
202428,st0011,Ivan,English,40.0000,800.00
202428,st0015,Amiyah,Lambert,24.0000,408.00
202428,st0014,Areeb,Vasquez,24.0000,408.00
202428,st0022,Ava,Brooks,24.0000,408.00
202428,st0020,Olivia,Reed,24.0000,408.00
202428,st0032,Chloe,Kelly,40.0000,1200.00
202429,st0003,Sana,Black,24.0000,648.00
202429,st0006,Seren,Lindsey,32.0000,736.00
202429,st0012,Jonathan,Bradford,40.0000,800.00
202429,st0009,Lily-Rose,Vaughn,40.0000,800.00
202429,st0015,Amiyah,Lambert,24.0000,408.00
202429,st0017,Nadia,Khan,24.0000,408.00
202429,st0020,Olivia,Reed,24.0000,408.00
202429,st0019,Ethan,Cole,24.0000,408.00
202429,st0031,Daniel,Morris,24.0000,720.00
202430,st0002,Luqman,Cantu,40.0000,1080.00
202430,st0006,Seren,Lindsey,24.0000,552.00
202430,st0013,Matilda,McCarty,40.0000,800.00
202430,st0009,Lily-Rose,Vaughn,40.0000,800.00
202430,st0017,Nadia,Khan,24.0000,408.00
202430,st0014,Areeb,Vasquez,24.0000,408.00
202430,st0020,Olivia,Reed,24.0000,408.00
202430,st0024,Sophia,Bennett,24.0000,408.00
202430,st0032,Chloe,Kelly,32.0000,960.00
202431,st0003,Sana,Black,16.0000,432.00
202431,st0007,Talha,Portillo,40.0000,920.00
202431,st0013,Matilda,McCarty,40.0000,800.00
202431,st0012,Jonathan,Bradford,40.0000,800.00
202431,st0015,Amiyah,Lambert,24.0000,408.00
202431,st0016,Amrit,Greaves,24.0000,408.00
202431,st0020,Olivia,Reed,24.0000,408.00
202431,st0024,Sophia,Bennett,24.0000,408.00
202431,st0032,Chloe,Kelly,40.0000,1200.00
202432,st0001,Mindy,Sloan,40.0000,1080.00
202432,st0007,Talha,Portillo,24.0000,552.00
202432,st0009,Lily-Rose,Vaughn,40.0000,800.00
202432,st0011,Ivan,English,40.0000,800.00
202432,st0017,Nadia,Khan,24.0000,408.00
202432,st0016,Amrit,Greaves,24.0000,408.00
202432,st0019,Ethan,Cole,24.0000,408.00
202432,st0022,Ava,Brooks,24.0000,408.00
202432,st0031,Daniel,Morris,24.0000,720.00
202433,st0002,Luqman,Cantu,24.0000,648.00
202433,st0006,Seren,Lindsey,40.0000,920.00
202433,st0010,Desiree,Gardner,40.0000,800.00
202433,st0013,Matilda,McCarty,40.0000,800.00
202433,st0017,Nadia,Khan,24.0000,408.00
202433,st0015,Amiyah,Lambert,24.0000,408.00
202433,st0022,Ava,Brooks,24.0000,408.00
202433,st0024,Sophia,Bennett,24.0000,408.00
202433,st0032,Chloe,Kelly,32.0000,960.00
202434,st0004,Faraz,Peck,32.0000,864.00
202434,st0008,Zachery,Robins,40.0000,920.00
202434,st0009,Lily-Rose,Vaughn,40.0000,800.00
202434,st0011,Ivan,English,40.0000,800.00
202434,st0017,Nadia,Khan,24.0000,408.00
202434,st0016,Amrit,Greaves,24.0000,408.00
202434,st0022,Ava,Brooks,24.0000,408.00
202434,st0020,Olivia,Reed,24.0000,408.00
202434,st0032,Chloe,Kelly,40.0000,1200.00
202435,st0002,Luqman,Cantu,24.0000,648.00
202435,st0006,Seren,Lindsey,40.0000,920.00
202435,st0013,Matilda,McCarty,40.0000,800.00
202435,st0009,Lily-Rose,Vaughn,40.0000,800.00
202435,st0014,Areeb,Vasquez,24.0000,408.00
202435,st0017,Nadia,Khan,24.0000,408.00
202435,st0024,Sophia,Bennett,24.0000,408.00
202435,st0022,Ava,Brooks,24.0000,408.00
202435,st0031,Daniel,Morris,32.0000,960.00
202436,st0004,Faraz,Peck,16.0000,432.00
202436,st0007,Talha,Portillo,40.0000,920.00
202436,st0010,Desiree,Gardner,40.0000,800.00
202436,st0009,Lily-Rose,Vaughn,40.0000,800.00
202436,st0017,Nadia,Khan,24.0000,408.00
202436,st0016,Amrit,Greaves,24.0000,408.00
202436,st0024,Sophia,Bennett,24.0000,408.00
202436,st0019,Ethan,Cole,24.0000,408.00
202436,st0031,Daniel,Morris,40.0000,1200.00
202437,st0004,Faraz,Peck,24.0000,648.00
202437,st0008,Zachery,Robins,24.0000,552.00
202437,st0011,Ivan,English,40.0000,800.00
202437,st0009,Lily-Rose,Vaughn,40.0000,800.00
202437,st0018,Omar,Sheikh,24.0000,408.00
202437,st0016,Amrit,Greaves,24.0000,408.00
202437,st0023,Noah,Hayes,24.0000,408.00
202437,st0024,Sophia,Bennett,24.0000,408.00
202437,st0031,Daniel,Morris,24.0000,720.00
202438,st0001,Mindy,Sloan,40.0000,1080.00
202438,st0008,Zachery,Robins,40.0000,920.00
202438,st0009,Lily-Rose,Vaughn,40.0000,800.00
202438,st0010,Desiree,Gardner,40.0000,800.00
202438,st0016,Amrit,Greaves,24.0000,408.00
202438,st0023,Noah,Hayes,24.0000,408.00
202438,st0019,Ethan,Cole,24.0000,408.00
202438,st0032,Chloe,Kelly,24.0000,720.00
202439,st0002,Luqman,Cantu,32.0000,864.00
202439,st0005,Arran,Hodgson,32.0000,736.00
202439,st0012,Jonathan,Bradford,40.0000,800.00
202439,st0011,Ivan,English,40.0000,800.00
202439,st0015,Amiyah,Lambert,24.0000,408.00
202439,st0014,Areeb,Vasquez,24.0000,408.00
202439,st0024,Sophia,Bennett,24.0000,408.00
202439,st0020,Olivia,Reed,24.0000,408.00
202439,st0031,Daniel,Morris,40.0000,1200.00
202440,st0003,Sana,Black,32.0000,864.00
202440,st0005,Arran,Hodgson,32.0000,736.00
202440,st0010,Desiree,Gardner,40.0000,800.00
202440,st0012,Jonathan,Bradford,40.0000,800.00
202440,st0015,Amiyah,Lambert,24.0000,408.00
202440,st0018,Omar,Sheikh,24.0000,408.00
202440,st0022,Ava,Brooks,24.0000,408.00
202440,st0019,Ethan,Cole,24.0000,408.00
202440,st0031,Daniel,Morris,32.0000,960.00
202441,st0003,Sana,Black,16.0000,432.00
202441,st0008,Zachery,Robins,24.0000,552.00
202441,st0012,Jonathan,Bradford,40.0000,800.00
202441,st0013,Matilda,McCarty,40.0000,800.00
202441,st0016,Amrit,Greaves,24.0000,408.00
202441,st0014,Areeb,Vasquez,24.0000,408.00
202441,st0022,Ava,Brooks,24.0000,408.00
202441,st0019,Ethan,Cole,24.0000,408.00
202441,st0031,Daniel,Morris,24.0000,720.00
202442,st0002,Luqman,Cantu,40.0000,1080.00
202442,st0007,Talha,Portillo,24.0000,552.00
202442,st0013,Matilda,McCarty,40.0000,800.00
202442,st0012,Jonathan,Bradford,40.0000,800.00
202442,st0015,Amiyah,Lambert,24.0000,408.00
202442,st0017,Nadia,Khan,24.0000,408.00
202442,st0021,Liam,Turner,24.0000,408.00
202442,st0023,Noah,Hayes,24.0000,408.00
202442,st0032,Chloe,Kelly,32.0000,960.00
202443,st0003,Sana,Black,32.0000,864.00
202443,st0008,Zachery,Robins,24.0000,552.00
202443,st0010,Desiree,Gardner,40.0000,800.00
202443,st0009,Lily-Rose,Vaughn,40.0000,800.00
202443,st0016,Amrit,Greaves,24.0000,408.00
202443,st0017,Nadia,Khan,24.0000,408.00
202443,st0019,Ethan,Cole,24.0000,408.00
202443,st0024,Sophia,Bennett,24.0000,408.00
202443,st0032,Chloe,Kelly,40.0000,1200.00
202444,st0001,Mindy,Sloan,16.0000,432.00
202444,st0006,Seren,Lindsey,24.0000,552.00
202444,st0010,Desiree,Gardner,40.0000,800.00
202444,st0012,Jonathan,Bradford,40.0000,800.00
202444,st0016,Amrit,Greaves,24.0000,408.00
202444,st0015,Amiyah,Lambert,24.0000,408.00
202444,st0024,Sophia,Bennett,24.0000,408.00
202444,st0022,Ava,Brooks,24.0000,408.00
202444,st0032,Chloe,Kelly,32.0000,960.00
202445,st0001,Mindy,Sloan,24.0000,648.00
202445,st0008,Zachery,Robins,40.0000,920.00
202445,st0012,Jonathan,Bradford,40.0000,800.00
202445,st0010,Desiree,Gardner,40.0000,800.00
202445,st0016,Amrit,Greaves,24.0000,408.00
202445,st0014,Areeb,Vasquez,24.0000,408.00
202445,st0020,Olivia,Reed,24.0000,408.00
202445,st0021,Liam,Turner,24.0000,408.00
202445,st0032,Chloe,Kelly,32.0000,960.00
202446,st0001,Mindy,Sloan,32.0000,864.00
202446,st0007,Talha,Portillo,40.0000,920.00
202446,st0011,Ivan,English,40.0000,800.00
202446,st0010,Desiree,Gardner,40.0000,800.00
202446,st0014,Areeb,Vasquez,24.0000,408.00
202446,st0017,Nadia,Khan,24.0000,408.00
202446,st0020,Olivia,Reed,24.0000,408.00
202446,st0022,Ava,Brooks,24.0000,408.00
202446,st0032,Chloe,Kelly,32.0000,960.00
202447,st0002,Luqman,Cantu,40.0000,1080.00
202447,st0007,Talha,Portillo,40.0000,920.00
202447,st0013,Matilda,McCarty,40.0000,800.00
202447,st0011,Ivan,English,40.0000,800.00
202447,st0015,Amiyah,Lambert,24.0000,408.00
202447,st0014,Areeb,Vasquez,24.0000,408.00
202447,st0024,Sophia,Bennett,24.0000,408.00
202447,st0019,Ethan,Cole,24.0000,408.00
202447,st0031,Daniel,Morris,32.0000,960.00
202448,st0002,Luqman,Cantu,40.0000,1080.00
202448,st0008,Zachery,Robins,40.0000,920.00
202448,st0011,Ivan,English,40.0000,800.00
202448,st0012,Jonathan,Bradford,40.0000,800.00
202448,st0017,Nadia,Khan,24.0000,408.00
202448,st0015,Amiyah,Lambert,24.0000,408.00
202448,st0021,Liam,Turner,24.0000,408.00
202448,st0024,Sophia,Bennett,24.0000,408.00
202448,st0031,Daniel,Morris,24.0000,720.00
202449,st0001,Mindy,Sloan,40.0000,1080.00
202449,st0005,Arran,Hodgson,32.0000,736.00
202449,st0013,Matilda,McCarty,32.0000,640.00
202449,st0012,Jonathan,Bradford,40.0000,800.00
202449,st0016,Amrit,Greaves,24.0000,408.00
202449,st0015,Amiyah,Lambert,24.0000,408.00
202449,st0022,Ava,Brooks,24.0000,408.00
202449,st0024,Sophia,Bennett,24.0000,408.00
202449,st0032,Chloe,Kelly,32.0000,960.00
202450,st0004,Faraz,Peck,24.0000,648.00
202450,st0007,Talha,Portillo,24.0000,552.00
202450,st0011,Ivan,English,40.0000,800.00
202450,st0012,Jonathan,Bradford,40.0000,800.00
202450,st0015,Amiyah,Lambert,24.0000,408.00
202450,st0017,Nadia,Khan,24.0000,408.00
202450,st0021,Liam,Turner,24.0000,408.00
202450,st0020,Olivia,Reed,24.0000,408.00
202450,st0032,Chloe,Kelly,16.0000,480.00
202451,st0004,Faraz,Peck,24.0000,648.00
202451,st0005,Arran,Hodgson,24.0000,552.00
202451,st0012,Jonathan,Bradford,40.0000,800.00
202451,st0013,Matilda,McCarty,40.0000,800.00
202451,st0015,Amiyah,Lambert,24.0000,408.00
202451,st0018,Omar,Sheikh,24.0000,408.00
202451,st0022,Ava,Brooks,24.0000,408.00
202451,st0021,Liam,Turner,24.0000,408.00
202451,st0032,Chloe,Kelly,32.0000,960.00
202452,st0003,Sana,Black,24.0000,648.00
202452,st0008,Zachery,Robins,40.0000,920.00
202452,st0013,Matilda,McCarty,40.0000,800.00
202452,st0011,Ivan,English,40.0000,800.00
202452,st0015,Amiyah,Lambert,24.0000,408.00
202452,st0017,Nadia,Khan,24.0000,408.00
202452,st0019,Ethan,Cole,24.0000,408.00
202452,st0020,Olivia,Reed,24.0000,408.00
202452,st0031,Daniel,Morris,40.0000,1200.00
202501,st0004,Faraz,Peck,40.0000,1080.00
202501,st0008,Zachery,Robins,32.0000,736.00
202501,st0013,Matilda,McCarty,40.0000,800.00
202501,st0009,Lily-Rose,Vaughn,32.0000,640.00
202501,st0016,Amrit,Greaves,24.0000,408.00
202501,st0014,Areeb,Vasquez,24.0000,408.00
202501,st0021,Liam,Turner,24.0000,408.00
202501,st0022,Ava,Brooks,24.0000,408.00
202501,st0032,Chloe,Kelly,40.0000,1200.00
202502,st0002,Luqman,Cantu,24.0000,648.00
202502,st0006,Seren,Lindsey,24.0000,552.00
202502,st0010,Desiree,Gardner,40.0000,800.00
202502,st0011,Ivan,English,40.0000,800.00
202502,st0014,Areeb,Vasquez,24.0000,408.00
202502,st0017,Nadia,Khan,24.0000,408.00
202502,st0023,Noah,Hayes,24.0000,408.00
202502,st0024,Sophia,Bennett,24.0000,408.00
202502,st0031,Daniel,Morris,24.0000,720.00
202503,st0004,Faraz,Peck,40.0000,1080.00
202503,st0006,Seren,Lindsey,40.0000,920.00
202503,st0010,Desiree,Gardner,40.0000,800.00
202503,st0009,Lily-Rose,Vaughn,40.0000,800.00
202503,st0018,Omar,Sheikh,24.0000,408.00
202503,st0016,Amrit,Greaves,24.0000,408.00
202503,st0023,Noah,Hayes,24.0000,408.00
202503,st0021,Liam,Turner,24.0000,408.00
202503,st0032,Chloe,Kelly,24.0000,720.00
202504,st0002,Luqman,Cantu,24.0000,648.00
202504,st0007,Talha,Portillo,40.0000,920.00
202504,st0010,Desiree,Gardner,40.0000,800.00
202504,st0012,Jonathan,Bradford,40.0000,800.00
202504,st0018,Omar,Sheikh,24.0000,408.00
202504,st0015,Amiyah,Lambert,24.0000,408.00
202504,st0022,Ava,Brooks,24.0000,408.00
202504,st0019,Ethan,Cole,24.0000,408.00
202504,st0032,Chloe,Kelly,40.0000,1200.00
202505,st0002,Luqman,Cantu,40.0000,1080.00
202505,st0005,Arran,Hodgson,40.0000,920.00
202505,st0010,Desiree,Gardner,40.0000,800.00
202505,st0012,Jonathan,Bradford,40.0000,800.00
202505,st0018,Omar,Sheikh,24.0000,408.00
202505,st0016,Amrit,Greaves,24.0000,408.00
202505,st0020,Olivia,Reed,24.0000,408.00
202505,st0024,Sophia,Bennett,24.0000,408.00
202505,st0032,Chloe,Kelly,40.0000,1200.00
202506,st0004,Faraz,Peck,16.0000,432.00
202506,st0007,Talha,Portillo,24.0000,552.00
202506,st0010,Desiree,Gardner,40.0000,800.00
202506,st0012,Jonathan,Bradford,40.0000,800.00
202506,st0017,Nadia,Khan,24.0000,408.00
202506,st0018,Omar,Sheikh,24.0000,408.00
202506,st0020,Olivia,Reed,24.0000,408.00
202506,st0024,Sophia,Bennett,24.0000,408.00
202506,st0031,Daniel,Morris,32.0000,960.00
202507,st0002,Luqman,Cantu,40.0000,1080.00
202507,st0008,Zachery,Robins,16.0000,368.00
202507,st0013,Matilda,McCarty,40.0000,800.00
202507,st0012,Jonathan,Bradford,40.0000,800.00
202507,st0014,Areeb,Vasquez,24.0000,408.00
202507,st0015,Amiyah,Lambert,24.0000,408.00
202507,st0020,Olivia,Reed,24.0000,408.00
202507,st0024,Sophia,Bennett,24.0000,408.00
202507,st0031,Daniel,Morris,24.0000,720.00
202508,st0004,Faraz,Peck,40.0000,1080.00
202508,st0005,Arran,Hodgson,24.0000,552.00
202508,st0012,Jonathan,Bradford,40.0000,800.00
202508,st0010,Desiree,Gardner,40.0000,800.00
202508,st0016,Amrit,Greaves,24.0000,408.00
202508,st0018,Omar,Sheikh,24.0000,408.00
202508,st0024,Sophia,Bennett,24.0000,408.00
202508,st0023,Noah,Hayes,24.0000,408.00
202508,st0031,Daniel,Morris,24.0000,720.00
202509,st0003,Sana,Black,40.0000,1080.00
202509,st0005,Arran,Hodgson,16.0000,368.00
202509,st0009,Lily-Rose,Vaughn,40.0000,800.00
202509,st0012,Jonathan,Bradford,40.0000,800.00
202509,st0016,Amrit,Greaves,24.0000,408.00
202509,st0015,Amiyah,Lambert,24.0000,408.00
202509,st0022,Ava,Brooks,24.0000,408.00
202509,st0024,Sophia,Bennett,24.0000,408.00
202509,st0031,Daniel,Morris,16.0000,480.00
202510,st0004,Faraz,Peck,32.0000,864.00
202510,st0005,Arran,Hodgson,32.0000,736.00
202510,st0010,Desiree,Gardner,40.0000,800.00
202510,st0013,Matilda,McCarty,40.0000,800.00
202510,st0016,Amrit,Greaves,24.0000,408.00
202510,st0018,Omar,Sheikh,24.0000,408.00
202510,st0024,Sophia,Bennett,24.0000,408.00
202510,st0020,Olivia,Reed,24.0000,408.00
202510,st0032,Chloe,Kelly,32.0000,960.00
202511,st0002,Luqman,Cantu,24.0000,648.00
202511,st0007,Talha,Portillo,16.0000,368.00
202511,st0012,Jonathan,Bradford,40.0000,800.00
202511,st0011,Ivan,English,40.0000,800.00
202511,st0014,Areeb,Vasquez,24.0000,408.00
202511,st0015,Amiyah,Lambert,24.0000,408.00
202511,st0021,Liam,Turner,24.0000,408.00
202511,st0019,Ethan,Cole,24.0000,408.00
202511,st0032,Chloe,Kelly,40.0000,1200.00
202512,st0001,Mindy,Sloan,24.0000,648.00
202512,st0008,Zachery,Robins,32.0000,736.00
202512,st0009,Lily-Rose,Vaughn,40.0000,800.00
202512,st0011,Ivan,English,40.0000,800.00
202512,st0016,Amrit,Greaves,24.0000,408.00
202512,st0017,Nadia,Khan,24.0000,408.00
202512,st0023,Noah,Hayes,24.0000,408.00
202512,st0019,Ethan,Cole,24.0000,408.00
202512,st0032,Chloe,Kelly,24.0000,720.00
202513,st0002,Luqman,Cantu,24.0000,648.00
202513,st0007,Talha,Portillo,16.0000,368.00
202513,st0012,Jonathan,Bradford,40.0000,800.00
202513,st0011,Ivan,English,40.0000,800.00
202513,st0018,Omar,Sheikh,24.0000,408.00
202513,st0016,Amrit,Greaves,24.0000,408.00
202513,st0021,Liam,Turner,24.0000,408.00
202513,st0023,Noah,Hayes,24.0000,408.00
202513,st0031,Daniel,Morris,40.0000,1200.00
202514,st0004,Faraz,Peck,32.0000,864.00
202514,st0005,Arran,Hodgson,16.0000,368.00
202514,st0012,Jonathan,Bradford,40.0000,800.00
202514,st0013,Matilda,McCarty,40.0000,800.00
202514,st0018,Omar,Sheikh,24.0000,408.00
202514,st0014,Areeb,Vasquez,24.0000,408.00
202514,st0019,Ethan,Cole,24.0000,408.00
202514,st0021,Liam,Turner,24.0000,408.00
202514,st0031,Daniel,Morris,24.0000,720.00
202515,st0001,Mindy,Sloan,32.0000,864.00
202515,st0005,Arran,Hodgson,40.0000,920.00
202515,st0009,Lily-Rose,Vaughn,40.0000,800.00
202515,st0011,Ivan,English,40.0000,800.00
202515,st0017,Nadia,Khan,24.0000,408.00
202515,st0024,Sophia,Bennett,24.0000,408.00
202515,st0019,Ethan,Cole,24.0000,408.00
202515,st0031,Daniel,Morris,32.0000,960.00
202516,st0002,Luqman,Cantu,40.0000,1080.00
202516,st0006,Seren,Lindsey,40.0000,920.00
202516,st0013,Matilda,McCarty,40.0000,800.00
202516,st0012,Jonathan,Bradford,40.0000,800.00
202516,st0014,Areeb,Vasquez,24.0000,408.00
202516,st0018,Omar,Sheikh,24.0000,408.00
202516,st0022,Ava,Brooks,24.0000,408.00
202516,st0020,Olivia,Reed,24.0000,408.00
202516,st0032,Chloe,Kelly,24.0000,720.00
202517,st0001,Mindy,Sloan,8.0000,216.00
202517,st0008,Zachery,Robins,40.0000,920.00
202517,st0013,Matilda,McCarty,40.0000,800.00
202517,st0012,Jonathan,Bradford,40.0000,800.00
202517,st0014,Areeb,Vasquez,24.0000,408.00
202517,st0018,Omar,Sheikh,24.0000,408.00
202517,st0019,Ethan,Cole,24.0000,408.00
202517,st0020,Olivia,Reed,24.0000,408.00
202517,st0031,Daniel,Morris,32.0000,960.00
202518,st0001,Mindy,Sloan,24.0000,648.00
202518,st0006,Seren,Lindsey,32.0000,736.00
202518,st0009,Lily-Rose,Vaughn,40.0000,800.00
202518,st0013,Matilda,McCarty,40.0000,800.00
202518,st0017,Nadia,Khan,24.0000,408.00
202518,st0014,Areeb,Vasquez,24.0000,408.00
202518,st0022,Ava,Brooks,24.0000,408.00
202518,st0021,Liam,Turner,24.0000,408.00
202518,st0031,Daniel,Morris,24.0000,720.00
202519,st0002,Luqman,Cantu,24.0000,648.00
202519,st0007,Talha,Portillo,40.0000,920.00
202519,st0013,Matilda,McCarty,40.0000,800.00
202519,st0011,Ivan,English,40.0000,800.00
202519,st0014,Areeb,Vasquez,24.0000,408.00
202519,st0015,Amiyah,Lambert,24.0000,408.00
202519,st0019,Ethan,Cole,24.0000,408.00
202519,st0021,Liam,Turner,24.0000,408.00
202519,st0032,Chloe,Kelly,40.0000,1200.00
202520,st0003,Sana,Black,24.0000,648.00
202520,st0007,Talha,Portillo,16.0000,368.00
202520,st0009,Lily-Rose,Vaughn,40.0000,800.00
202520,st0013,Matilda,McCarty,40.0000,800.00
202520,st0014,Areeb,Vasquez,24.0000,408.00
202520,st0018,Omar,Sheikh,24.0000,408.00
202520,st0019,Ethan,Cole,24.0000,408.00
202520,st0020,Olivia,Reed,24.0000,408.00
202520,st0031,Daniel,Morris,16.0000,480.00
202521,st0002,Luqman,Cantu,40.0000,1080.00
202521,st0005,Arran,Hodgson,40.0000,920.00
202521,st0009,Lily-Rose,Vaughn,40.0000,800.00
202521,st0010,Desiree,Gardner,40.0000,800.00
202521,st0018,Omar,Sheikh,24.0000,408.00
202521,st0017,Nadia,Khan,24.0000,408.00
202521,st0022,Ava,Brooks,24.0000,408.00
202521,st0020,Olivia,Reed,24.0000,408.00
202521,st0031,Daniel,Morris,24.0000,720.00
202522,st0003,Sana,Black,40.0000,1080.00
202522,st0008,Zachery,Robins,40.0000,920.00
202522,st0010,Desiree,Gardner,40.0000,800.00
202522,st0011,Ivan,English,40.0000,800.00
202522,st0017,Nadia,Khan,24.0000,408.00
202522,st0016,Amrit,Greaves,24.0000,408.00
202522,st0021,Liam,Turner,24.0000,408.00
202522,st0022,Ava,Brooks,24.0000,408.00
202522,st0032,Chloe,Kelly,24.0000,720.00
202523,st0004,Faraz,Peck,32.0000,864.00
202523,st0008,Zachery,Robins,24.0000,552.00
202523,st0012,Jonathan,Bradford,40.0000,800.00
202523,st0009,Lily-Rose,Vaughn,40.0000,800.00
202523,st0016,Amrit,Greaves,24.0000,408.00
202523,st0014,Areeb,Vasquez,24.0000,408.00
202523,st0021,Liam,Turner,24.0000,408.00
202523,st0019,Ethan,Cole,24.0000,408.00
202523,st0032,Chloe,Kelly,32.0000,960.00
202524,st0002,Luqman,Cantu,16.0000,432.00
202524,st0006,Seren,Lindsey,40.0000,920.00
202524,st0011,Ivan,English,40.0000,800.00
202524,st0012,Jonathan,Bradford,40.0000,800.00
202524,st0015,Amiyah,Lambert,24.0000,408.00
202524,st0017,Nadia,Khan,24.0000,408.00
202524,st0021,Liam,Turner,24.0000,408.00
202524,st0020,Olivia,Reed,24.0000,408.00
202524,st0031,Daniel,Morris,24.0000,720.00
202525,st0001,Mindy,Sloan,40.0000,1080.00
202525,st0007,Talha,Portillo,16.0000,368.00
202525,st0009,Lily-Rose,Vaughn,40.0000,800.00
202525,st0012,Jonathan,Bradford,40.0000,800.00
202525,st0017,Nadia,Khan,24.0000,408.00
202525,st0015,Amiyah,Lambert,24.0000,408.00
202525,st0023,Noah,Hayes,24.0000,408.00
202525,st0021,Liam,Turner,24.0000,408.00
202525,st0031,Daniel,Morris,16.0000,480.00
202526,st0002,Luqman,Cantu,32.0000,864.00
202526,st0007,Talha,Portillo,32.0000,736.00
202526,st0011,Ivan,English,40.0000,800.00
202526,st0009,Lily-Rose,Vaughn,40.0000,800.00
202526,st0017,Nadia,Khan,24.0000,408.00
202526,st0014,Areeb,Vasquez,24.0000,408.00
202526,st0020,Olivia,Reed,24.0000,408.00
202526,st0022,Ava,Brooks,24.0000,408.00
202526,st0032,Chloe,Kelly,32.0000,960.00
202527,st0003,Sana,Black,40.0000,1080.00
202527,st0006,Seren,Lindsey,32.0000,736.00
202527,st0012,Jonathan,Bradford,32.0000,640.00
202527,st0010,Desiree,Gardner,40.0000,800.00
202527,st0017,Nadia,Khan,24.0000,408.00
202527,st0014,Areeb,Vasquez,24.0000,408.00
202527,st0021,Liam,Turner,24.0000,408.00
202527,st0023,Noah,Hayes,24.0000,408.00
202527,st0032,Chloe,Kelly,40.0000,1200.00
202528,st0002,Luqman,Cantu,40.0000,1080.00
202528,st0007,Talha,Portillo,24.0000,552.00
202528,st0011,Ivan,English,40.0000,800.00
202528,st0013,Matilda,McCarty,40.0000,800.00
202528,st0014,Areeb,Vasquez,24.0000,408.00
202528,st0018,Omar,Sheikh,24.0000,408.00
202528,st0021,Liam,Turner,24.0000,408.00
202528,st0020,Olivia,Reed,24.0000,408.00
202528,st0032,Chloe,Kelly,40.0000,1200.00
202529,st0002,Luqman,Cantu,40.0000,1080.00
202529,st0006,Seren,Lindsey,32.0000,736.00
202529,st0012,Jonathan,Bradford,40.0000,800.00
202529,st0009,Lily-Rose,Vaughn,40.0000,800.00
202529,st0017,Nadia,Khan,24.0000,408.00
202529,st0015,Amiyah,Lambert,24.0000,408.00
202529,st0020,Olivia,Reed,24.0000,408.00
202529,st0019,Ethan,Cole,24.0000,408.00
202529,st0032,Chloe,Kelly,40.0000,1200.00
202530,st0004,Faraz,Peck,24.0000,648.00
202530,st0007,Talha,Portillo,32.0000,736.00
202530,st0009,Lily-Rose,Vaughn,40.0000,800.00
202530,st0012,Jonathan,Bradford,40.0000,800.00
202530,st0016,Amrit,Greaves,24.0000,408.00
202530,st0015,Amiyah,Lambert,24.0000,408.00
202530,st0020,Olivia,Reed,24.0000,408.00
202530,st0021,Liam,Turner,24.0000,408.00
202530,st0031,Daniel,Morris,32.0000,960.00
202531,st0001,Mindy,Sloan,32.0000,864.00
202531,st0008,Zachery,Robins,24.0000,552.00
202531,st0013,Matilda,McCarty,40.0000,800.00
202531,st0011,Ivan,English,40.0000,800.00
202531,st0015,Amiyah,Lambert,24.0000,408.00
202531,st0023,Noah,Hayes,24.0000,408.00
202531,st0022,Ava,Brooks,24.0000,408.00
202531,st0032,Chloe,Kelly,40.0000,1200.00
202532,st0004,Faraz,Peck,40.0000,1080.00
202532,st0007,Talha,Portillo,32.0000,736.00
202532,st0010,Desiree,Gardner,40.0000,800.00
202532,st0011,Ivan,English,40.0000,800.00
202532,st0014,Areeb,Vasquez,24.0000,408.00
202532,st0016,Amrit,Greaves,24.0000,408.00
202532,st0024,Sophia,Bennett,24.0000,408.00
202532,st0023,Noah,Hayes,24.0000,408.00
202532,st0031,Daniel,Morris,32.0000,960.00
202533,st0003,Sana,Black,16.0000,432.00
202533,st0005,Arran,Hodgson,40.0000,920.00
202533,st0012,Jonathan,Bradford,40.0000,800.00
202533,st0013,Matilda,McCarty,40.0000,800.00
202533,st0015,Amiyah,Lambert,24.0000,408.00
202533,st0017,Nadia,Khan,24.0000,408.00
202533,st0021,Liam,Turner,24.0000,408.00
202533,st0024,Sophia,Bennett,24.0000,408.00
202533,st0032,Chloe,Kelly,40.0000,1200.00
202534,st0001,Mindy,Sloan,40.0000,1080.00
202534,st0008,Zachery,Robins,40.0000,920.00
202534,st0010,Desiree,Gardner,40.0000,800.00
202534,st0012,Jonathan,Bradford,40.0000,800.00
202534,st0017,Nadia,Khan,24.0000,408.00
202534,st0018,Omar,Sheikh,24.0000,408.00
202534,st0024,Sophia,Bennett,24.0000,408.00
202534,st0023,Noah,Hayes,24.0000,408.00
202534,st0032,Chloe,Kelly,40.0000,1200.00
202535,st0001,Mindy,Sloan,40.0000,1080.00
202535,st0007,Talha,Portillo,32.0000,736.00
202535,st0010,Desiree,Gardner,40.0000,800.00
202535,st0009,Lily-Rose,Vaughn,40.0000,800.00
202535,st0018,Omar,Sheikh,24.0000,408.00
202535,st0014,Areeb,Vasquez,24.0000,408.00
202535,st0022,Ava,Brooks,24.0000,408.00
202535,st0020,Olivia,Reed,24.0000,408.00
202535,st0032,Chloe,Kelly,32.0000,960.00
202536,st0003,Sana,Black,16.0000,432.00
202536,st0007,Talha,Portillo,24.0000,552.00
202536,st0013,Matilda,McCarty,40.0000,800.00
202536,st0011,Ivan,English,40.0000,800.00
202536,st0017,Nadia,Khan,24.0000,408.00
202536,st0016,Amrit,Greaves,24.0000,408.00
202536,st0022,Ava,Brooks,24.0000,408.00
202536,st0019,Ethan,Cole,24.0000,408.00
202536,st0031,Daniel,Morris,32.0000,960.00
202537,st0002,Luqman,Cantu,40.0000,1080.00
202537,st0008,Zachery,Robins,32.0000,736.00
202537,st0009,Lily-Rose,Vaughn,40.0000,800.00
202537,st0011,Ivan,English,40.0000,800.00
202537,st0016,Amrit,Greaves,24.0000,408.00
202537,st0018,Omar,Sheikh,24.0000,408.00
202537,st0022,Ava,Brooks,24.0000,408.00
202537,st0023,Noah,Hayes,24.0000,408.00
202537,st0032,Chloe,Kelly,32.0000,960.00
202538,st0001,Mindy,Sloan,40.0000,1080.00
202538,st0008,Zachery,Robins,24.0000,552.00
202538,st0009,Lily-Rose,Vaughn,40.0000,800.00
202538,st0012,Jonathan,Bradford,40.0000,800.00
202538,st0017,Nadia,Khan,24.0000,408.00
202538,st0016,Amrit,Greaves,24.0000,408.00
202538,st0024,Sophia,Bennett,24.0000,408.00
202538,st0021,Liam,Turner,24.0000,408.00
202538,st0032,Chloe,Kelly,24.0000,720.00
202539,st0002,Luqman,Cantu,24.0000,648.00
202539,st0005,Arran,Hodgson,40.0000,920.00
202539,st0012,Jonathan,Bradford,40.0000,800.00
202539,st0011,Ivan,English,40.0000,800.00
202539,st0015,Amiyah,Lambert,24.0000,408.00
202539,st0017,Nadia,Khan,24.0000,408.00
202539,st0024,Sophia,Bennett,24.0000,408.00
202539,st0019,Ethan,Cole,24.0000,408.00
202539,st0032,Chloe,Kelly,40.0000,1200.00
202540,st0001,Mindy,Sloan,40.0000,1080.00
202540,st0005,Arran,Hodgson,40.0000,920.00
202540,st0010,Desiree,Gardner,40.0000,800.00
202540,st0011,Ivan,English,40.0000,800.00
202540,st0018,Omar,Sheikh,24.0000,408.00
202540,st0017,Nadia,Khan,24.0000,408.00
202540,st0024,Sophia,Bennett,24.0000,408.00
202540,st0020,Olivia,Reed,24.0000,408.00
202540,st0031,Daniel,Morris,32.0000,960.00
202541,st0001,Mindy,Sloan,40.0000,1080.00
202541,st0007,Talha,Portillo,24.0000,552.00
202541,st0012,Jonathan,Bradford,40.0000,800.00
202541,st0011,Ivan,English,40.0000,800.00
202541,st0018,Omar,Sheikh,24.0000,408.00
202541,st0016,Amrit,Greaves,24.0000,408.00
202541,st0021,Liam,Turner,24.0000,408.00
202541,st0024,Sophia,Bennett,24.0000,408.00
202541,st0032,Chloe,Kelly,24.0000,720.00
202542,st0002,Luqman,Cantu,24.0000,648.00
202542,st0006,Seren,Lindsey,16.0000,368.00
202542,st0013,Matilda,McCarty,40.0000,800.00
202542,st0011,Ivan,English,40.0000,800.00
202542,st0015,Amiyah,Lambert,24.0000,408.00
202542,st0016,Amrit,Greaves,24.0000,408.00
202542,st0023,Noah,Hayes,24.0000,408.00
202542,st0021,Liam,Turner,24.0000,408.00
202542,st0031,Daniel,Morris,24.0000,720.00
202543,st0004,Faraz,Peck,32.0000,864.00
202543,st0006,Seren,Lindsey,24.0000,552.00
202543,st0009,Lily-Rose,Vaughn,40.0000,800.00
202543,st0012,Jonathan,Bradford,40.0000,800.00
202543,st0015,Amiyah,Lambert,24.0000,408.00
202543,st0017,Nadia,Khan,24.0000,408.00
202543,st0023,Noah,Hayes,24.0000,408.00
202543,st0024,Sophia,Bennett,24.0000,408.00
202543,st0032,Chloe,Kelly,32.0000,960.00
202307,st0003,Sana,Black,16.0000,432.00
202307,st0005,Arran,Hodgson,32.0000,736.00
202307,st0012,Jonathan,Bradford,32.0000,640.00
202307,st0013,Matilda,McCarty,32.0000,640.00
202307,st0014,Areeb,Vasquez,24.0000,408.00
202307,st0016,Amrit,Greaves,24.0000,408.00
202307,st0019,Ethan,Cole,24.0000,408.00
202307,st0022,Ava,Brooks,16.0000,272.00
202307,st0026,Zoe,Simmons,24.0000,432.00
202307,st0028,Maya,Griffin,24.0000,432.00
202307,st0029,Jayden,Cruz,24.0000,432.00
202308,st0004,Faraz,Peck,32.0000,864.00
202308,st0006,Seren,Lindsey,32.0000,736.00
202308,st0013,Matilda,McCarty,40.0000,800.00
202308,st0011,Ivan,English,40.0000,800.00
202308,st0019,Ethan,Cole,24.0000,408.00
202308,st0022,Ava,Brooks,24.0000,408.00
202309,st0003,Sana,Black,40.0000,1080.00
202309,st0006,Seren,Lindsey,16.0000,368.00
202309,st0010,Desiree,Gardner,40.0000,800.00
202309,st0012,Jonathan,Bradford,40.0000,800.00
202309,st0017,Nadia,Khan,24.0000,408.00
202309,st0023,Noah,Hayes,24.0000,408.00
202309,st0020,Olivia,Reed,24.0000,408.00
202310,st0002,Luqman,Cantu,16.0000,432.00
202310,st0007,Talha,Portillo,32.0000,736.00
202310,st0010,Desiree,Gardner,40.0000,800.00
202310,st0009,Lily-Rose,Vaughn,40.0000,800.00
202310,st0015,Amiyah,Lambert,24.0000,408.00
202310,st0024,Sophia,Bennett,24.0000,408.00
202310,st0022,Ava,Brooks,24.0000,408.00
202311,st0001,Mindy,Sloan,32.0000,864.00
202311,st0006,Seren,Lindsey,32.0000,736.00
202311,st0010,Desiree,Gardner,40.0000,800.00
202311,st0011,Ivan,English,40.0000,800.00
202311,st0021,Liam,Turner,24.0000,408.00
202311,st0024,Sophia,Bennett,24.0000,408.00
202312,st0004,Faraz,Peck,24.0000,648.00
202312,st0006,Seren,Lindsey,32.0000,736.00
202312,st0010,Desiree,Gardner,40.0000,800.00
202312,st0013,Matilda,McCarty,40.0000,800.00
202312,st0023,Noah,Hayes,24.0000,408.00
202313,st0004,Faraz,Peck,32.0000,864.00
202313,st0007,Talha,Portillo,24.0000,552.00
202313,st0013,Matilda,McCarty,40.0000,800.00
202313,st0009,Lily-Rose,Vaughn,40.0000,800.00
202313,st0019,Ethan,Cole,24.0000,408.00
202314,st0003,Sana,Black,32.0000,864.00
202314,st0005,Arran,Hodgson,40.0000,920.00
202314,st0011,Ivan,English,40.0000,800.00
202314,st0012,Jonathan,Bradford,40.0000,800.00
202314,st0022,Ava,Brooks,24.0000,408.00
202314,st0024,Sophia,Bennett,24.0000,408.00
202315,st0002,Luqman,Cantu,32.0000,864.00
202315,st0007,Talha,Portillo,40.0000,920.00
202315,st0011,Ivan,English,40.0000,800.00
202315,st0009,Lily-Rose,Vaughn,40.0000,800.00
202315,st0023,Noah,Hayes,24.0000,408.00
202316,st0001,Mindy,Sloan,40.0000,1080.00
202316,st0007,Talha,Portillo,32.0000,736.00
202316,st0010,Desiree,Gardner,40.0000,800.00
202316,st0009,Lily-Rose,Vaughn,40.0000,800.00
202316,st0018,Omar,Sheikh,24.0000,408.00
202316,st0020,Olivia,Reed,24.0000,408.00
202316,st0024,Sophia,Bennett,24.0000,408.00
202317,st0004,Faraz,Peck,32.0000,864.00
202317,st0005,Arran,Hodgson,40.0000,920.00
202317,st0010,Desiree,Gardner,40.0000,800.00
202317,st0013,Matilda,McCarty,40.0000,800.00
202317,st0023,Noah,Hayes,24.0000,408.00
202317,st0019,Ethan,Cole,24.0000,408.00
202318,st0001,Mindy,Sloan,40.0000,1080.00
202318,st0007,Talha,Portillo,32.0000,736.00
202318,st0010,Desiree,Gardner,40.0000,800.00
202318,st0013,Matilda,McCarty,40.0000,800.00
202318,st0017,Nadia,Khan,24.0000,408.00
202318,st0020,Olivia,Reed,24.0000,408.00
202318,st0022,Ava,Brooks,24.0000,408.00
202319,st0002,Luqman,Cantu,16.0000,432.00
202319,st0007,Talha,Portillo,32.0000,736.00
202319,st0010,Desiree,Gardner,40.0000,800.00
202319,st0012,Jonathan,Bradford,40.0000,800.00
202319,st0018,Omar,Sheikh,24.0000,408.00
202319,st0023,Noah,Hayes,24.0000,408.00
202319,st0021,Liam,Turner,24.0000,408.00
202320,st0003,Sana,Black,32.0000,864.00
202320,st0007,Talha,Portillo,32.0000,736.00
202320,st0012,Jonathan,Bradford,40.0000,800.00
202320,st0011,Ivan,English,40.0000,800.00
202320,st0018,Omar,Sheikh,24.0000,408.00
202320,st0020,Olivia,Reed,24.0000,408.00
202320,st0019,Ethan,Cole,24.0000,408.00
202321,st0003,Sana,Black,32.0000,864.00
202321,st0007,Talha,Portillo,40.0000,920.00
202321,st0013,Matilda,McCarty,40.0000,800.00
202321,st0012,Jonathan,Bradford,40.0000,800.00
202321,st0014,Areeb,Vasquez,24.0000,408.00
202321,st0024,Sophia,Bennett,24.0000,408.00
202321,st0022,Ava,Brooks,24.0000,408.00
202322,st0001,Mindy,Sloan,16.0000,432.00
202322,st0005,Arran,Hodgson,24.0000,552.00
202322,st0010,Desiree,Gardner,40.0000,800.00
202322,st0013,Matilda,McCarty,40.0000,800.00
202322,st0024,Sophia,Bennett,24.0000,408.00
202322,st0020,Olivia,Reed,24.0000,408.00
202323,st0001,Mindy,Sloan,40.0000,1080.00
202323,st0006,Seren,Lindsey,40.0000,920.00
202323,st0009,Lily-Rose,Vaughn,40.0000,800.00
202323,st0011,Ivan,English,40.0000,800.00
202323,st0016,Amrit,Greaves,24.0000,408.00
202323,st0019,Ethan,Cole,24.0000,408.00
202323,st0023,Noah,Hayes,24.0000,408.00
202324,st0002,Luqman,Cantu,40.0000,1080.00
202324,st0006,Seren,Lindsey,24.0000,552.00
202324,st0009,Lily-Rose,Vaughn,40.0000,800.00
202324,st0013,Matilda,McCarty,40.0000,800.00
202324,st0019,Ethan,Cole,24.0000,408.00
202324,st0022,Ava,Brooks,24.0000,408.00
202325,st0004,Faraz,Peck,32.0000,864.00
202325,st0005,Arran,Hodgson,32.0000,736.00
202325,st0011,Ivan,English,40.0000,800.00
202325,st0009,Lily-Rose,Vaughn,40.0000,800.00
202325,st0015,Amiyah,Lambert,24.0000,408.00
202325,st0023,Noah,Hayes,24.0000,408.00
202325,st0020,Olivia,Reed,24.0000,408.00
202326,st0001,Mindy,Sloan,24.0000,648.00
202326,st0005,Arran,Hodgson,32.0000,736.00
202326,st0009,Lily-Rose,Vaughn,40.0000,800.00
202326,st0010,Desiree,Gardner,40.0000,800.00
202326,st0023,Noah,Hayes,24.0000,408.00
202327,st0003,Sana,Black,24.0000,648.00
202327,st0006,Seren,Lindsey,24.0000,552.00
202327,st0012,Jonathan,Bradford,40.0000,800.00
202327,st0009,Lily-Rose,Vaughn,40.0000,800.00
202327,st0017,Nadia,Khan,24.0000,408.00
202327,st0024,Sophia,Bennett,24.0000,408.00
202327,st0020,Olivia,Reed,24.0000,408.00
202328,st0003,Sana,Black,24.0000,648.00
202328,st0005,Arran,Hodgson,40.0000,920.00
202328,st0010,Desiree,Gardner,40.0000,800.00
202328,st0011,Ivan,English,40.0000,800.00
202328,st0020,Olivia,Reed,24.0000,408.00
202328,st0022,Ava,Brooks,24.0000,408.00
202329,st0001,Mindy,Sloan,32.0000,864.00
202329,st0005,Arran,Hodgson,32.0000,736.00
202329,st0010,Desiree,Gardner,40.0000,800.00
202329,st0013,Matilda,McCarty,40.0000,800.00
202329,st0017,Nadia,Khan,24.0000,408.00
202329,st0021,Liam,Turner,24.0000,408.00
202329,st0020,Olivia,Reed,24.0000,408.00
202330,st0001,Mindy,Sloan,32.0000,864.00
202330,st0006,Seren,Lindsey,24.0000,552.00
202330,st0011,Ivan,English,40.0000,800.00
202330,st0012,Jonathan,Bradford,40.0000,800.00
202330,st0022,Ava,Brooks,24.0000,408.00
202330,st0021,Liam,Turner,24.0000,408.00
202331,st0001,Mindy,Sloan,24.0000,648.00
202331,st0006,Seren,Lindsey,40.0000,920.00
202331,st0009,Lily-Rose,Vaughn,40.0000,800.00
202331,st0013,Matilda,McCarty,40.0000,800.00
202331,st0016,Amrit,Greaves,24.0000,408.00
202331,st0019,Ethan,Cole,24.0000,408.00
202331,st0020,Olivia,Reed,24.0000,408.00
202332,st0003,Sana,Black,16.0000,432.00
202332,st0005,Arran,Hodgson,32.0000,736.00
202332,st0011,Ivan,English,40.0000,800.00
202332,st0012,Jonathan,Bradford,40.0000,800.00
202332,st0023,Noah,Hayes,24.0000,408.00
202332,st0019,Ethan,Cole,24.0000,408.00
202333,st0001,Mindy,Sloan,32.0000,864.00
202333,st0007,Talha,Portillo,16.0000,368.00
202333,st0010,Desiree,Gardner,40.0000,800.00
202333,st0012,Jonathan,Bradford,40.0000,800.00
202333,st0015,Amiyah,Lambert,24.0000,408.00
202333,st0021,Liam,Turner,24.0000,408.00
202333,st0019,Ethan,Cole,24.0000,408.00
202334,st0003,Sana,Black,32.0000,864.00
202334,st0007,Talha,Portillo,16.0000,368.00
202334,st0009,Lily-Rose,Vaughn,40.0000,800.00
202334,st0012,Jonathan,Bradford,40.0000,800.00
202334,st0014,Areeb,Vasquez,24.0000,408.00
202334,st0020,Olivia,Reed,24.0000,408.00
202334,st0019,Ethan,Cole,24.0000,408.00
202335,st0003,Sana,Black,32.0000,864.00
202335,st0005,Arran,Hodgson,32.0000,736.00
202335,st0012,Jonathan,Bradford,40.0000,800.00
202335,st0010,Desiree,Gardner,40.0000,800.00
202335,st0016,Amrit,Greaves,24.0000,408.00
202335,st0024,Sophia,Bennett,24.0000,408.00
202335,st0021,Liam,Turner,24.0000,408.00
202336,st0001,Mindy,Sloan,40.0000,1080.00
202336,st0007,Talha,Portillo,40.0000,920.00
202336,st0012,Jonathan,Bradford,40.0000,800.00
202336,st0011,Ivan,English,40.0000,800.00
202336,st0017,Nadia,Khan,24.0000,408.00
202336,st0019,Ethan,Cole,24.0000,408.00
202337,st0001,Mindy,Sloan,32.0000,864.00
202337,st0008,Zachery,Robins,24.0000,552.00
202337,st0012,Jonathan,Bradford,40.0000,800.00
202337,st0013,Matilda,McCarty,40.0000,800.00
202337,st0019,Ethan,Cole,24.0000,408.00
202337,st0020,Olivia,Reed,24.0000,408.00
202338,st0001,Mindy,Sloan,16.0000,432.00
202338,st0006,Seren,Lindsey,24.0000,552.00
202338,st0012,Jonathan,Bradford,40.0000,800.00
202338,st0010,Desiree,Gardner,32.0000,640.00
202338,st0020,Olivia,Reed,24.0000,408.00
202338,st0022,Ava,Brooks,24.0000,408.00
202339,st0004,Faraz,Peck,32.0000,864.00
202339,st0007,Talha,Portillo,40.0000,920.00
202339,st0012,Jonathan,Bradford,40.0000,800.00
202339,st0009,Lily-Rose,Vaughn,40.0000,800.00
202339,st0024,Sophia,Bennett,24.0000,408.00
202339,st0022,Ava,Brooks,24.0000,408.00
202340,st0001,Mindy,Sloan,40.0000,1080.00
202340,st0007,Talha,Portillo,24.0000,552.00
202340,st0009,Lily-Rose,Vaughn,40.0000,800.00
202340,st0010,Desiree,Gardner,40.0000,800.00
202340,st0021,Liam,Turner,24.0000,408.00
202340,st0024,Sophia,Bennett,24.0000,408.00
202341,st0003,Sana,Black,16.0000,432.00
202341,st0008,Zachery,Robins,40.0000,920.00
202341,st0013,Matilda,McCarty,40.0000,800.00
202341,st0009,Lily-Rose,Vaughn,40.0000,800.00
202341,st0024,Sophia,Bennett,24.0000,408.00
202341,st0021,Liam,Turner,24.0000,408.00
202342,st0001,Mindy,Sloan,40.0000,1080.00
202342,st0005,Arran,Hodgson,32.0000,736.00
202342,st0010,Desiree,Gardner,40.0000,800.00
202342,st0012,Jonathan,Bradford,40.0000,800.00
202342,st0018,Omar,Sheikh,24.0000,408.00
202342,st0020,Olivia,Reed,24.0000,408.00
202342,st0023,Noah,Hayes,24.0000,408.00
202343,st0004,Faraz,Peck,40.0000,1080.00
202343,st0007,Talha,Portillo,40.0000,920.00
202343,st0009,Lily-Rose,Vaughn,40.0000,800.00
202343,st0010,Desiree,Gardner,40.0000,800.00
202343,st0014,Areeb,Vasquez,24.0000,408.00
202343,st0020,Olivia,Reed,24.0000,408.00
202343,st0024,Sophia,Bennett,24.0000,408.00
202344,st0003,Sana,Black,32.0000,864.00
202344,st0008,Zachery,Robins,40.0000,920.00
202344,st0011,Ivan,English,40.0000,800.00
202344,st0012,Jonathan,Bradford,40.0000,800.00
202344,st0016,Amrit,Greaves,24.0000,408.00
202344,st0019,Ethan,Cole,24.0000,408.00
202344,st0023,Noah,Hayes,24.0000,408.00
202345,st0002,Luqman,Cantu,40.0000,1080.00
202345,st0007,Talha,Portillo,32.0000,736.00
202345,st0012,Jonathan,Bradford,40.0000,800.00
202345,st0010,Desiree,Gardner,40.0000,800.00
202345,st0019,Ethan,Cole,24.0000,408.00
202345,st0023,Noah,Hayes,24.0000,408.00
202346,st0004,Faraz,Peck,24.0000,648.00
202346,st0008,Zachery,Robins,24.0000,552.00
202346,st0013,Matilda,McCarty,40.0000,800.00
202346,st0012,Jonathan,Bradford,40.0000,800.00
202346,st0015,Amiyah,Lambert,24.0000,408.00
202346,st0024,Sophia,Bennett,24.0000,408.00
202347,st0004,Faraz,Peck,32.0000,864.00
202347,st0006,Seren,Lindsey,32.0000,736.00
202347,st0012,Jonathan,Bradford,40.0000,800.00
202347,st0013,Matilda,McCarty,40.0000,800.00
202347,st0023,Noah,Hayes,24.0000,408.00
202347,st0019,Ethan,Cole,24.0000,408.00
202348,st0004,Faraz,Peck,24.0000,648.00
202348,st0005,Arran,Hodgson,40.0000,920.00
202348,st0012,Jonathan,Bradford,40.0000,800.00
202348,st0013,Matilda,McCarty,40.0000,800.00
202348,st0021,Liam,Turner,24.0000,408.00
202349,st0003,Sana,Black,24.0000,648.00
202349,st0005,Arran,Hodgson,32.0000,736.00
202349,st0009,Lily-Rose,Vaughn,40.0000,800.00
202349,st0012,Jonathan,Bradford,40.0000,800.00
202349,st0022,Ava,Brooks,24.0000,408.00
202349,st0020,Olivia,Reed,24.0000,408.00
202350,st0002,Luqman,Cantu,40.0000,1080.00
202350,st0008,Zachery,Robins,40.0000,920.00
202350,st0012,Jonathan,Bradford,40.0000,800.00
202350,st0009,Lily-Rose,Vaughn,40.0000,800.00
202350,st0014,Areeb,Vasquez,24.0000,408.00
202350,st0023,Noah,Hayes,24.0000,408.00
202350,st0020,Olivia,Reed,24.0000,408.00
202351,st0003,Sana,Black,32.0000,864.00
202351,st0007,Talha,Portillo,24.0000,552.00
202351,st0009,Lily-Rose,Vaughn,40.0000,800.00
202351,st0012,Jonathan,Bradford,40.0000,800.00
202351,st0014,Areeb,Vasquez,24.0000,408.00
202351,st0021,Liam,Turner,24.0000,408.00
202351,st0020,Olivia,Reed,24.0000,408.00
202352,st0001,Mindy,Sloan,32.0000,864.00
202352,st0005,Arran,Hodgson,32.0000,736.00
202352,st0012,Jonathan,Bradford,40.0000,800.00
202352,st0009,Lily-Rose,Vaughn,40.0000,800.00
202352,st0020,Olivia,Reed,24.0000,408.00
202352,st0021,Liam,Turner,24.0000,408.00
202401,st0004,Faraz,Peck,16.0000,432.00
202401,st0008,Zachery,Robins,32.0000,736.00
202401,st0012,Jonathan,Bradford,40.0000,800.00
202401,st0013,Matilda,McCarty,40.0000,800.00
202401,st0018,Omar,Sheikh,24.0000,408.00
202401,st0020,Olivia,Reed,24.0000,408.00
202401,st0019,Ethan,Cole,24.0000,408.00
202402,st0004,Faraz,Peck,16.0000,432.00
202402,st0006,Seren,Lindsey,40.0000,920.00
202402,st0013,Matilda,McCarty,40.0000,800.00
202402,st0009,Lily-Rose,Vaughn,40.0000,800.00
202402,st0024,Sophia,Bennett,24.0000,408.00
202402,st0021,Liam,Turner,24.0000,408.00
202403,st0003,Sana,Black,24.0000,648.00
202403,st0005,Arran,Hodgson,40.0000,920.00
202403,st0012,Jonathan,Bradford,40.0000,800.00
202403,st0009,Lily-Rose,Vaughn,40.0000,800.00
202403,st0015,Amiyah,Lambert,24.0000,408.00
202403,st0020,Olivia,Reed,24.0000,408.00
202403,st0019,Ethan,Cole,24.0000,408.00
202404,st0003,Sana,Black,32.0000,864.00
202404,st0005,Arran,Hodgson,32.0000,736.00
202404,st0009,Lily-Rose,Vaughn,40.0000,800.00
202404,st0011,Ivan,English,40.0000,800.00
202404,st0023,Noah,Hayes,24.0000,408.00
202404,st0024,Sophia,Bennett,24.0000,408.00
202405,st0001,Mindy,Sloan,16.0000,432.00
202405,st0005,Arran,Hodgson,24.0000,552.00
202405,st0010,Desiree,Gardner,40.0000,800.00
202405,st0012,Jonathan,Bradford,40.0000,800.00
202405,st0021,Liam,Turner,24.0000,408.00
202405,st0019,Ethan,Cole,24.0000,408.00
202406,st0004,Faraz,Peck,32.0000,864.00
202406,st0008,Zachery,Robins,40.0000,920.00
202406,st0010,Desiree,Gardner,40.0000,800.00
202406,st0011,Ivan,English,40.0000,800.00
202406,st0016,Amrit,Greaves,24.0000,408.00
202406,st0022,Ava,Brooks,24.0000,408.00
202406,st0019,Ethan,Cole,24.0000,408.00
202407,st0001,Mindy,Sloan,40.0000,1080.00
202407,st0006,Seren,Lindsey,32.0000,736.00
202407,st0013,Matilda,McCarty,40.0000,800.00
202407,st0011,Ivan,English,40.0000,800.00
202407,st0015,Amiyah,Lambert,24.0000,408.00
202407,st0021,Liam,Turner,24.0000,408.00
202407,st0019,Ethan,Cole,24.0000,408.00
202408,st0004,Faraz,Peck,40.0000,1080.00
202408,st0005,Arran,Hodgson,40.0000,920.00
202408,st0012,Jonathan,Bradford,40.0000,800.00
202408,st0010,Desiree,Gardner,40.0000,800.00
202408,st0022,Ava,Brooks,24.0000,408.00
202408,st0023,Noah,Hayes,24.0000,408.00
202409,st0004,Faraz,Peck,24.0000,648.00
202409,st0007,Talha,Portillo,24.0000,552.00
202409,st0010,Desiree,Gardner,40.0000,800.00
202409,st0009,Lily-Rose,Vaughn,40.0000,800.00
202409,st0023,Noah,Hayes,24.0000,408.00
202409,st0019,Ethan,Cole,24.0000,408.00
202410,st0002,Luqman,Cantu,16.0000,432.00
202410,st0005,Arran,Hodgson,40.0000,920.00
202410,st0009,Lily-Rose,Vaughn,40.0000,800.00
202410,st0011,Ivan,English,40.0000,800.00
202410,st0019,Ethan,Cole,24.0000,408.00
202410,st0022,Ava,Brooks,24.0000,408.00
202411,st0002,Luqman,Cantu,32.0000,864.00
202411,st0007,Talha,Portillo,32.0000,736.00
202411,st0009,Lily-Rose,Vaughn,40.0000,800.00
202411,st0013,Matilda,McCarty,40.0000,800.00
202411,st0020,Olivia,Reed,24.0000,408.00
202411,st0023,Noah,Hayes,24.0000,408.00
202412,st0003,Sana,Black,40.0000,1080.00
202412,st0006,Seren,Lindsey,24.0000,552.00
202412,st0012,Jonathan,Bradford,32.0000,640.00
202412,st0011,Ivan,English,40.0000,800.00
202412,st0019,Ethan,Cole,24.0000,408.00
202412,st0023,Noah,Hayes,24.0000,408.00
202413,st0002,Luqman,Cantu,40.0000,1080.00
202413,st0005,Arran,Hodgson,24.0000,552.00
202413,st0013,Matilda,McCarty,40.0000,800.00
202413,st0009,Lily-Rose,Vaughn,40.0000,800.00
202413,st0016,Amrit,Greaves,24.0000,408.00
202413,st0022,Ava,Brooks,24.0000,408.00
202413,st0021,Liam,Turner,24.0000,408.00
202414,st0002,Luqman,Cantu,40.0000,1080.00
202414,st0006,Seren,Lindsey,40.0000,920.00
202414,st0013,Matilda,McCarty,40.0000,800.00
202414,st0011,Ivan,English,40.0000,800.00
202414,st0023,Noah,Hayes,24.0000,408.00
202414,st0020,Olivia,Reed,24.0000,408.00
202415,st0001,Mindy,Sloan,40.0000,1080.00
202415,st0008,Zachery,Robins,24.0000,552.00
202415,st0013,Matilda,McCarty,40.0000,800.00
202415,st0011,Ivan,English,40.0000,800.00
202415,st0016,Amrit,Greaves,24.0000,408.00
202415,st0023,Noah,Hayes,24.0000,408.00
202415,st0022,Ava,Brooks,24.0000,408.00
202416,st0001,Mindy,Sloan,32.0000,864.00
202416,st0006,Seren,Lindsey,40.0000,920.00
202416,st0012,Jonathan,Bradford,32.0000,640.00
202416,st0011,Ivan,English,40.0000,800.00
202416,st0014,Areeb,Vasquez,24.0000,408.00
202416,st0022,Ava,Brooks,24.0000,408.00
202417,st0002,Luqman,Cantu,8.0000,216.00
202417,st0008,Zachery,Robins,32.0000,736.00
202417,st0013,Matilda,McCarty,40.0000,800.00
202417,st0012,Jonathan,Bradford,40.0000,800.00
202417,st0020,Olivia,Reed,24.0000,408.00
202418,st0003,Sana,Black,32.0000,864.00
202418,st0008,Zachery,Robins,32.0000,736.00
202418,st0012,Jonathan,Bradford,40.0000,800.00
202418,st0011,Ivan,English,40.0000,800.00
202418,st0016,Amrit,Greaves,24.0000,408.00
202418,st0020,Olivia,Reed,24.0000,408.00
202418,st0022,Ava,Brooks,24.0000,408.00
202419,st0002,Luqman,Cantu,32.0000,864.00
202419,st0008,Zachery,Robins,32.0000,736.00
202419,st0009,Lily-Rose,Vaughn,40.0000,800.00
202419,st0012,Jonathan,Bradford,40.0000,800.00
202419,st0018,Omar,Sheikh,24.0000,408.00
202419,st0022,Ava,Brooks,24.0000,408.00
202419,st0023,Noah,Hayes,24.0000,408.00
202420,st0003,Sana,Black,40.0000,1080.00
202420,st0007,Talha,Portillo,32.0000,736.00
202420,st0011,Ivan,English,40.0000,800.00
202420,st0009,Lily-Rose,Vaughn,40.0000,800.00
202420,st0016,Amrit,Greaves,24.0000,408.00
202420,st0022,Ava,Brooks,24.0000,408.00
202421,st0003,Sana,Black,24.0000,648.00
202421,st0006,Seren,Lindsey,40.0000,920.00
202421,st0013,Matilda,McCarty,40.0000,800.00
202421,st0010,Desiree,Gardner,40.0000,800.00
202421,st0020,Olivia,Reed,24.0000,408.00
202421,st0019,Ethan,Cole,24.0000,408.00
202422,st0004,Faraz,Peck,32.0000,864.00
202422,st0007,Talha,Portillo,32.0000,736.00
202422,st0009,Lily-Rose,Vaughn,40.0000,800.00
202422,st0011,Ivan,English,40.0000,800.00
202422,st0018,Omar,Sheikh,24.0000,408.00
202422,st0019,Ethan,Cole,24.0000,408.00
202422,st0021,Liam,Turner,24.0000,408.00
202423,st0003,Sana,Black,40.0000,1080.00
202423,st0007,Talha,Portillo,24.0000,552.00
202423,st0013,Matilda,McCarty,40.0000,800.00
202423,st0011,Ivan,English,40.0000,800.00
202423,st0019,Ethan,Cole,24.0000,408.00
202423,st0024,Sophia,Bennett,24.0000,408.00
202424,st0001,Mindy,Sloan,32.0000,864.00
202424,st0006,Seren,Lindsey,16.0000,368.00
202424,st0011,Ivan,English,40.0000,800.00
202424,st0010,Desiree,Gardner,40.0000,800.00
202424,st0020,Olivia,Reed,24.0000,408.00
202424,st0023,Noah,Hayes,24.0000,408.00
202425,st0002,Luqman,Cantu,40.0000,1080.00
202425,st0007,Talha,Portillo,32.0000,736.00
202425,st0010,Desiree,Gardner,40.0000,800.00
202425,st0011,Ivan,English,40.0000,800.00
202425,st0018,Omar,Sheikh,24.0000,408.00
202425,st0023,Noah,Hayes,24.0000,408.00
202425,st0022,Ava,Brooks,24.0000,408.00
202426,st0001,Mindy,Sloan,32.0000,864.00
202426,st0007,Talha,Portillo,40.0000,920.00
202426,st0011,Ivan,English,40.0000,800.00
202426,st0009,Lily-Rose,Vaughn,40.0000,800.00
202426,st0015,Amiyah,Lambert,24.0000,408.00
202426,st0021,Liam,Turner,24.0000,408.00
202426,st0022,Ava,Brooks,24.0000,408.00
202427,st0003,Sana,Black,24.0000,648.00
202427,st0006,Seren,Lindsey,24.0000,552.00
202427,st0011,Ivan,English,40.0000,800.00
202427,st0012,Jonathan,Bradford,40.0000,800.00
202427,st0017,Nadia,Khan,24.0000,408.00
202427,st0024,Sophia,Bennett,24.0000,408.00
202427,st0019,Ethan,Cole,24.0000,408.00
202428,st0003,Sana,Black,40.0000,1080.00
202428,st0005,Arran,Hodgson,24.0000,552.00
202428,st0013,Matilda,McCarty,40.0000,800.00
202428,st0012,Jonathan,Bradford,40.0000,800.00
202428,st0023,Noah,Hayes,24.0000,408.00
202429,st0002,Luqman,Cantu,40.0000,1080.00
202429,st0007,Talha,Portillo,32.0000,736.00
202429,st0011,Ivan,English,40.0000,800.00
202429,st0013,Matilda,McCarty,40.0000,800.00
202429,st0021,Liam,Turner,24.0000,408.00
202429,st0024,Sophia,Bennett,24.0000,408.00
202430,st0003,Sana,Black,24.0000,648.00
202430,st0007,Talha,Portillo,32.0000,736.00
202430,st0010,Desiree,Gardner,40.0000,800.00
202430,st0012,Jonathan,Bradford,40.0000,800.00
202430,st0016,Amrit,Greaves,24.0000,408.00
202430,st0019,Ethan,Cole,24.0000,408.00
202430,st0022,Ava,Brooks,24.0000,408.00
202431,st0002,Luqman,Cantu,40.0000,1080.00
202431,st0006,Seren,Lindsey,24.0000,552.00
202431,st0011,Ivan,English,24.0000,480.00
202431,st0010,Desiree,Gardner,40.0000,800.00
202431,st0023,Noah,Hayes,24.0000,408.00
202431,st0021,Liam,Turner,24.0000,408.00
202432,st0002,Luqman,Cantu,32.0000,864.00
202432,st0006,Seren,Lindsey,40.0000,920.00
202432,st0012,Jonathan,Bradford,40.0000,800.00
202432,st0013,Matilda,McCarty,40.0000,800.00
202432,st0024,Sophia,Bennett,24.0000,408.00
202432,st0021,Liam,Turner,24.0000,408.00
202433,st0004,Faraz,Peck,40.0000,1080.00
202433,st0008,Zachery,Robins,16.0000,368.00
202433,st0012,Jonathan,Bradford,40.0000,800.00
202433,st0011,Ivan,English,40.0000,800.00
202433,st0018,Omar,Sheikh,24.0000,408.00
202433,st0019,Ethan,Cole,24.0000,408.00
202433,st0023,Noah,Hayes,24.0000,408.00
202434,st0001,Mindy,Sloan,40.0000,1080.00
202434,st0007,Talha,Portillo,40.0000,920.00
202434,st0012,Jonathan,Bradford,40.0000,800.00
202434,st0013,Matilda,McCarty,40.0000,800.00
202434,st0015,Amiyah,Lambert,24.0000,408.00
202434,st0021,Liam,Turner,24.0000,408.00
202434,st0019,Ethan,Cole,24.0000,408.00
202435,st0003,Sana,Black,40.0000,1080.00
202435,st0005,Arran,Hodgson,32.0000,736.00
202435,st0011,Ivan,English,40.0000,800.00
202435,st0012,Jonathan,Bradford,40.0000,800.00
202435,st0018,Omar,Sheikh,24.0000,408.00
202435,st0021,Liam,Turner,24.0000,408.00
202435,st0020,Olivia,Reed,24.0000,408.00
202436,st0001,Mindy,Sloan,24.0000,648.00
202436,st0005,Arran,Hodgson,24.0000,552.00
202436,st0013,Matilda,McCarty,40.0000,800.00
202436,st0012,Jonathan,Bradford,40.0000,800.00
202436,st0015,Amiyah,Lambert,24.0000,408.00
202436,st0020,Olivia,Reed,24.0000,408.00
202436,st0023,Noah,Hayes,24.0000,408.00
202437,st0001,Mindy,Sloan,40.0000,1080.00
202437,st0007,Talha,Portillo,40.0000,920.00
202437,st0010,Desiree,Gardner,40.0000,800.00
202437,st0012,Jonathan,Bradford,40.0000,800.00
202437,st0014,Areeb,Vasquez,24.0000,408.00
202437,st0019,Ethan,Cole,24.0000,408.00
202437,st0020,Olivia,Reed,24.0000,408.00
202438,st0004,Faraz,Peck,16.0000,432.00
202438,st0006,Seren,Lindsey,32.0000,736.00
202438,st0013,Matilda,McCarty,40.0000,800.00
202438,st0011,Ivan,English,40.0000,800.00
202438,st0022,Ava,Brooks,24.0000,408.00
202438,st0021,Liam,Turner,24.0000,408.00
202439,st0003,Sana,Black,32.0000,864.00
202439,st0007,Talha,Portillo,24.0000,552.00
202439,st0013,Matilda,McCarty,40.0000,800.00
202439,st0009,Lily-Rose,Vaughn,40.0000,800.00
202439,st0016,Amrit,Greaves,24.0000,408.00
202439,st0019,Ethan,Cole,24.0000,408.00
202439,st0023,Noah,Hayes,24.0000,408.00
202440,st0004,Faraz,Peck,32.0000,864.00
202440,st0006,Seren,Lindsey,40.0000,920.00
202440,st0009,Lily-Rose,Vaughn,32.0000,640.00
202440,st0011,Ivan,English,40.0000,800.00
202440,st0023,Noah,Hayes,24.0000,408.00
202440,st0024,Sophia,Bennett,24.0000,408.00
202441,st0001,Mindy,Sloan,32.0000,864.00
202441,st0006,Seren,Lindsey,32.0000,736.00
202441,st0009,Lily-Rose,Vaughn,40.0000,800.00
202441,st0011,Ivan,English,40.0000,800.00
202441,st0021,Liam,Turner,24.0000,408.00
202441,st0020,Olivia,Reed,24.0000,408.00
202442,st0001,Mindy,Sloan,40.0000,1080.00
202442,st0005,Arran,Hodgson,32.0000,736.00
202442,st0010,Desiree,Gardner,40.0000,800.00
202442,st0011,Ivan,English,40.0000,800.00
202442,st0022,Ava,Brooks,24.0000,408.00
202442,st0020,Olivia,Reed,24.0000,408.00
202443,st0002,Luqman,Cantu,32.0000,864.00
202443,st0005,Arran,Hodgson,40.0000,920.00
202443,st0012,Jonathan,Bradford,40.0000,800.00
202443,st0013,Matilda,McCarty,40.0000,800.00
202443,st0015,Amiyah,Lambert,24.0000,408.00
202443,st0021,Liam,Turner,24.0000,408.00
202443,st0023,Noah,Hayes,24.0000,408.00
202444,st0003,Sana,Black,32.0000,864.00
202444,st0005,Arran,Hodgson,40.0000,920.00
202444,st0011,Ivan,English,40.0000,800.00
202444,st0013,Matilda,McCarty,40.0000,800.00
202444,st0019,Ethan,Cole,24.0000,408.00
202444,st0021,Liam,Turner,24.0000,408.00
202445,st0003,Sana,Black,40.0000,1080.00
202445,st0006,Seren,Lindsey,40.0000,920.00
202445,st0013,Matilda,McCarty,40.0000,800.00
202445,st0011,Ivan,English,40.0000,800.00
202445,st0019,Ethan,Cole,24.0000,408.00
202445,st0024,Sophia,Bennett,24.0000,408.00
202446,st0003,Sana,Black,32.0000,864.00
202446,st0008,Zachery,Robins,40.0000,920.00
202446,st0009,Lily-Rose,Vaughn,40.0000,800.00
202446,st0013,Matilda,McCarty,40.0000,800.00
202446,st0018,Omar,Sheikh,24.0000,408.00
202446,st0021,Liam,Turner,24.0000,408.00
202446,st0023,Noah,Hayes,24.0000,408.00
202447,st0003,Sana,Black,40.0000,1080.00
202447,st0006,Seren,Lindsey,32.0000,736.00
202447,st0010,Desiree,Gardner,40.0000,800.00
202447,st0012,Jonathan,Bradford,40.0000,800.00
202447,st0020,Olivia,Reed,24.0000,408.00
202447,st0023,Noah,Hayes,24.0000,408.00
202448,st0004,Faraz,Peck,32.0000,864.00
202448,st0007,Talha,Portillo,16.0000,368.00
202448,st0010,Desiree,Gardner,40.0000,800.00
202448,st0013,Matilda,McCarty,40.0000,800.00
202448,st0018,Omar,Sheikh,24.0000,408.00
202448,st0022,Ava,Brooks,24.0000,408.00
202448,st0023,Noah,Hayes,24.0000,408.00
202449,st0004,Faraz,Peck,40.0000,1080.00
202449,st0007,Talha,Portillo,16.0000,368.00
202449,st0011,Ivan,English,40.0000,800.00
202449,st0010,Desiree,Gardner,40.0000,800.00
202449,st0014,Areeb,Vasquez,24.0000,408.00
202449,st0021,Liam,Turner,24.0000,408.00
202449,st0019,Ethan,Cole,24.0000,408.00
202450,st0003,Sana,Black,40.0000,1080.00
202450,st0008,Zachery,Robins,32.0000,736.00
202450,st0009,Lily-Rose,Vaughn,40.0000,800.00
202450,st0010,Desiree,Gardner,40.0000,800.00
202450,st0019,Ethan,Cole,24.0000,408.00
202450,st0024,Sophia,Bennett,24.0000,408.00
202451,st0003,Sana,Black,24.0000,648.00
202451,st0007,Talha,Portillo,40.0000,920.00
202451,st0010,Desiree,Gardner,40.0000,800.00
202451,st0009,Lily-Rose,Vaughn,40.0000,800.00
202451,st0016,Amrit,Greaves,24.0000,408.00
202451,st0024,Sophia,Bennett,24.0000,408.00
202451,st0020,Olivia,Reed,24.0000,408.00
202452,st0002,Luqman,Cantu,40.0000,1080.00
202452,st0006,Seren,Lindsey,40.0000,920.00
202452,st0009,Lily-Rose,Vaughn,40.0000,800.00
202452,st0012,Jonathan,Bradford,40.0000,800.00
202452,st0016,Amrit,Greaves,24.0000,408.00
202452,st0023,Noah,Hayes,24.0000,408.00
202452,st0022,Ava,Brooks,24.0000,408.00
202501,st0003,Sana,Black,32.0000,864.00
202501,st0007,Talha,Portillo,32.0000,736.00
202501,st0011,Ivan,English,40.0000,800.00
202501,st0010,Desiree,Gardner,40.0000,800.00
202501,st0019,Ethan,Cole,24.0000,408.00
202501,st0020,Olivia,Reed,24.0000,408.00
202502,st0003,Sana,Black,16.0000,432.00
202502,st0005,Arran,Hodgson,32.0000,736.00
202502,st0013,Matilda,McCarty,40.0000,800.00
202502,st0012,Jonathan,Bradford,40.0000,800.00
202502,st0018,Omar,Sheikh,24.0000,408.00
202502,st0021,Liam,Turner,24.0000,408.00
202502,st0020,Olivia,Reed,24.0000,408.00
202503,st0003,Sana,Black,24.0000,648.00
202503,st0008,Zachery,Robins,40.0000,920.00
202503,st0013,Matilda,McCarty,40.0000,800.00
202503,st0012,Jonathan,Bradford,40.0000,800.00
202503,st0014,Areeb,Vasquez,24.0000,408.00
202503,st0019,Ethan,Cole,24.0000,408.00
202503,st0020,Olivia,Reed,24.0000,408.00
202504,st0004,Faraz,Peck,32.0000,864.00
202504,st0005,Arran,Hodgson,40.0000,920.00
202504,st0011,Ivan,English,40.0000,800.00
202504,st0013,Matilda,McCarty,40.0000,800.00
202504,st0020,Olivia,Reed,24.0000,408.00
202505,st0003,Sana,Black,24.0000,648.00
202505,st0006,Seren,Lindsey,16.0000,368.00
202505,st0013,Matilda,McCarty,40.0000,800.00
202505,st0011,Ivan,English,40.0000,800.00
202505,st0022,Ava,Brooks,24.0000,408.00
202505,st0019,Ethan,Cole,24.0000,408.00
202506,st0002,Luqman,Cantu,24.0000,648.00
202506,st0008,Zachery,Robins,40.0000,920.00
202506,st0009,Lily-Rose,Vaughn,40.0000,800.00
202506,st0011,Ivan,English,40.0000,800.00
202506,st0016,Amrit,Greaves,24.0000,408.00
202506,st0019,Ethan,Cole,24.0000,408.00
202506,st0023,Noah,Hayes,24.0000,408.00
202507,st0001,Mindy,Sloan,24.0000,648.00
202507,st0005,Arran,Hodgson,40.0000,920.00
202507,st0010,Desiree,Gardner,40.0000,800.00
202507,st0011,Ivan,English,40.0000,800.00
202507,st0022,Ava,Brooks,24.0000,408.00
202507,st0019,Ethan,Cole,24.0000,408.00
202508,st0003,Sana,Black,32.0000,864.00
202508,st0006,Seren,Lindsey,32.0000,736.00
202508,st0013,Matilda,McCarty,40.0000,800.00
202508,st0011,Ivan,English,40.0000,800.00
202508,st0017,Nadia,Khan,24.0000,408.00
202508,st0019,Ethan,Cole,24.0000,408.00
202508,st0020,Olivia,Reed,24.0000,408.00
202509,st0004,Faraz,Peck,32.0000,864.00
202509,st0006,Seren,Lindsey,32.0000,736.00
202509,st0013,Matilda,McCarty,40.0000,800.00
202509,st0010,Desiree,Gardner,40.0000,800.00
202509,st0017,Nadia,Khan,24.0000,408.00
202509,st0023,Noah,Hayes,24.0000,408.00
202509,st0019,Ethan,Cole,24.0000,408.00
202510,st0002,Luqman,Cantu,16.0000,432.00
202510,st0007,Talha,Portillo,16.0000,368.00
202510,st0011,Ivan,English,40.0000,800.00
202510,st0012,Jonathan,Bradford,40.0000,800.00
202510,st0017,Nadia,Khan,24.0000,408.00
202510,st0023,Noah,Hayes,24.0000,408.00
202511,st0001,Mindy,Sloan,24.0000,648.00
202511,st0008,Zachery,Robins,32.0000,736.00
202511,st0010,Desiree,Gardner,40.0000,800.00
202511,st0013,Matilda,McCarty,40.0000,800.00
202511,st0017,Nadia,Khan,24.0000,408.00
202511,st0020,Olivia,Reed,24.0000,408.00
202511,st0024,Sophia,Bennett,24.0000,408.00
202512,st0004,Faraz,Peck,16.0000,432.00
202512,st0006,Seren,Lindsey,40.0000,920.00
202512,st0013,Matilda,McCarty,40.0000,800.00
202512,st0010,Desiree,Gardner,40.0000,800.00
202512,st0021,Liam,Turner,24.0000,408.00
202513,st0004,Faraz,Peck,32.0000,864.00
202513,st0005,Arran,Hodgson,40.0000,920.00
202513,st0009,Lily-Rose,Vaughn,40.0000,800.00
202513,st0013,Matilda,McCarty,40.0000,800.00
202513,st0017,Nadia,Khan,24.0000,408.00
202513,st0024,Sophia,Bennett,24.0000,408.00
202513,st0022,Ava,Brooks,24.0000,408.00
202514,st0001,Mindy,Sloan,24.0000,648.00
202514,st0008,Zachery,Robins,32.0000,736.00
202514,st0009,Lily-Rose,Vaughn,40.0000,800.00
202514,st0010,Desiree,Gardner,40.0000,800.00
202514,st0016,Amrit,Greaves,24.0000,408.00
202514,st0023,Noah,Hayes,24.0000,408.00
202514,st0022,Ava,Brooks,24.0000,408.00
202515,st0002,Luqman,Cantu,40.0000,1080.00
202515,st0008,Zachery,Robins,24.0000,552.00
202515,st0013,Matilda,McCarty,40.0000,800.00
202515,st0012,Jonathan,Bradford,40.0000,800.00
202515,st0022,Ava,Brooks,24.0000,408.00
202515,st0023,Noah,Hayes,24.0000,408.00
202516,st0003,Sana,Black,32.0000,864.00
202516,st0007,Talha,Portillo,40.0000,920.00
202516,st0010,Desiree,Gardner,40.0000,800.00
202516,st0009,Lily-Rose,Vaughn,32.0000,640.00
202516,st0021,Liam,Turner,24.0000,408.00
202516,st0023,Noah,Hayes,24.0000,408.00
202517,st0003,Sana,Black,40.0000,1080.00
202517,st0005,Arran,Hodgson,40.0000,920.00
202517,st0010,Desiree,Gardner,40.0000,800.00
202517,st0011,Ivan,English,40.0000,800.00
202517,st0016,Amrit,Greaves,24.0000,408.00
202517,st0021,Liam,Turner,24.0000,408.00
202517,st0023,Noah,Hayes,24.0000,408.00
202518,st0003,Sana,Black,32.0000,864.00
202518,st0007,Talha,Portillo,24.0000,552.00
202518,st0012,Jonathan,Bradford,40.0000,800.00
202518,st0011,Ivan,English,40.0000,800.00
202518,st0024,Sophia,Bennett,24.0000,408.00
202519,st0003,Sana,Black,24.0000,648.00
202519,st0005,Arran,Hodgson,32.0000,736.00
202519,st0010,Desiree,Gardner,40.0000,800.00
202519,st0012,Jonathan,Bradford,40.0000,800.00
202519,st0016,Amrit,Greaves,24.0000,408.00
202519,st0020,Olivia,Reed,24.0000,408.00
202519,st0023,Noah,Hayes,24.0000,408.00
202520,st0001,Mindy,Sloan,40.0000,1080.00
202520,st0008,Zachery,Robins,40.0000,920.00
202520,st0010,Desiree,Gardner,40.0000,800.00
202520,st0012,Jonathan,Bradford,40.0000,800.00
202520,st0021,Liam,Turner,24.0000,408.00
202520,st0022,Ava,Brooks,24.0000,408.00
202521,st0003,Sana,Black,32.0000,864.00
202521,st0008,Zachery,Robins,32.0000,736.00
202521,st0013,Matilda,McCarty,40.0000,800.00
202521,st0012,Jonathan,Bradford,40.0000,800.00
202521,st0024,Sophia,Bennett,24.0000,408.00
202521,st0019,Ethan,Cole,24.0000,408.00
202522,st0002,Luqman,Cantu,40.0000,1080.00
202522,st0005,Arran,Hodgson,24.0000,552.00
202522,st0012,Jonathan,Bradford,40.0000,800.00
202522,st0009,Lily-Rose,Vaughn,32.0000,640.00
202522,st0024,Sophia,Bennett,24.0000,408.00
202522,st0023,Noah,Hayes,24.0000,408.00
202523,st0001,Mindy,Sloan,40.0000,1080.00
202523,st0006,Seren,Lindsey,40.0000,920.00
202523,st0013,Matilda,McCarty,40.0000,800.00
202523,st0011,Ivan,English,40.0000,800.00
202523,st0023,Noah,Hayes,24.0000,408.00
202523,st0020,Olivia,Reed,24.0000,408.00
202524,st0001,Mindy,Sloan,40.0000,1080.00
202524,st0007,Talha,Portillo,32.0000,736.00
202524,st0010,Desiree,Gardner,40.0000,800.00
202524,st0009,Lily-Rose,Vaughn,40.0000,800.00
202524,st0016,Amrit,Greaves,24.0000,408.00
202524,st0023,Noah,Hayes,24.0000,408.00
202524,st0022,Ava,Brooks,24.0000,408.00
202525,st0003,Sana,Black,16.0000,432.00
202525,st0006,Seren,Lindsey,32.0000,736.00
202525,st0013,Matilda,McCarty,32.0000,640.00
202525,st0011,Ivan,English,40.0000,800.00
202525,st0019,Ethan,Cole,24.0000,408.00
202525,st0024,Sophia,Bennett,24.0000,408.00
202526,st0004,Faraz,Peck,40.0000,1080.00
202526,st0005,Arran,Hodgson,32.0000,736.00
202526,st0010,Desiree,Gardner,40.0000,800.00
202526,st0012,Jonathan,Bradford,40.0000,800.00
202526,st0023,Noah,Hayes,24.0000,408.00
202526,st0019,Ethan,Cole,24.0000,408.00
202527,st0001,Mindy,Sloan,24.0000,648.00
202527,st0007,Talha,Portillo,16.0000,368.00
202527,st0009,Lily-Rose,Vaughn,40.0000,800.00
202527,st0013,Matilda,McCarty,40.0000,800.00
202527,st0018,Omar,Sheikh,24.0000,408.00
202527,st0020,Olivia,Reed,24.0000,408.00
202527,st0024,Sophia,Bennett,24.0000,408.00
202528,st0003,Sana,Black,24.0000,648.00
202528,st0005,Arran,Hodgson,40.0000,920.00
202528,st0010,Desiree,Gardner,40.0000,800.00
202528,st0012,Jonathan,Bradford,40.0000,800.00
202528,st0016,Amrit,Greaves,24.0000,408.00
202528,st0024,Sophia,Bennett,24.0000,408.00
202528,st0022,Ava,Brooks,24.0000,408.00
202529,st0003,Sana,Black,32.0000,864.00
202529,st0005,Arran,Hodgson,32.0000,736.00
202529,st0010,Desiree,Gardner,40.0000,800.00
202529,st0011,Ivan,English,40.0000,800.00
202529,st0021,Liam,Turner,24.0000,408.00
202529,st0023,Noah,Hayes,24.0000,408.00
202530,st0001,Mindy,Sloan,32.0000,864.00
202530,st0006,Seren,Lindsey,32.0000,736.00
202530,st0013,Matilda,McCarty,40.0000,800.00
202530,st0010,Desiree,Gardner,40.0000,800.00
202530,st0022,Ava,Brooks,24.0000,408.00
202531,st0002,Luqman,Cantu,40.0000,1080.00
202531,st0005,Arran,Hodgson,40.0000,920.00
202531,st0010,Desiree,Gardner,40.0000,800.00
202531,st0012,Jonathan,Bradford,40.0000,800.00
202531,st0020,Olivia,Reed,24.0000,408.00
202531,st0019,Ethan,Cole,24.0000,408.00
202532,st0003,Sana,Black,24.0000,648.00
202532,st0005,Arran,Hodgson,32.0000,736.00
202532,st0012,Jonathan,Bradford,40.0000,800.00
202532,st0009,Lily-Rose,Vaughn,32.0000,640.00
202532,st0020,Olivia,Reed,24.0000,408.00
202533,st0004,Faraz,Peck,24.0000,648.00
202533,st0006,Seren,Lindsey,32.0000,736.00
202533,st0010,Desiree,Gardner,40.0000,800.00
202533,st0009,Lily-Rose,Vaughn,40.0000,800.00
202533,st0016,Amrit,Greaves,24.0000,408.00
202533,st0020,Olivia,Reed,24.0000,408.00
202533,st0022,Ava,Brooks,24.0000,408.00
202534,st0004,Faraz,Peck,32.0000,864.00
202534,st0007,Talha,Portillo,24.0000,552.00
202534,st0013,Matilda,McCarty,40.0000,800.00
202534,st0011,Ivan,English,40.0000,800.00
202534,st0022,Ava,Brooks,24.0000,408.00
202534,st0019,Ethan,Cole,24.0000,408.00
202535,st0003,Sana,Black,24.0000,648.00
202535,st0006,Seren,Lindsey,24.0000,552.00
202535,st0012,Jonathan,Bradford,40.0000,800.00
202535,st0011,Ivan,English,40.0000,800.00
202535,st0015,Amiyah,Lambert,24.0000,408.00
202535,st0019,Ethan,Cole,24.0000,408.00
202535,st0023,Noah,Hayes,24.0000,408.00
202536,st0004,Faraz,Peck,40.0000,1080.00
202536,st0006,Seren,Lindsey,32.0000,736.00
202536,st0010,Desiree,Gardner,40.0000,800.00
202536,st0012,Jonathan,Bradford,32.0000,640.00
202536,st0023,Noah,Hayes,24.0000,408.00
202536,st0024,Sophia,Bennett,24.0000,408.00
202537,st0004,Faraz,Peck,32.0000,864.00
202537,st0005,Arran,Hodgson,24.0000,552.00
202537,st0010,Desiree,Gardner,40.0000,800.00
202537,st0013,Matilda,McCarty,40.0000,800.00
202537,st0017,Nadia,Khan,24.0000,408.00
202537,st0024,Sophia,Bennett,24.0000,408.00
202537,st0019,Ethan,Cole,24.0000,408.00
202538,st0004,Faraz,Peck,32.0000,864.00
202538,st0005,Arran,Hodgson,40.0000,920.00
202538,st0013,Matilda,McCarty,40.0000,800.00
202538,st0010,Desiree,Gardner,40.0000,800.00
202538,st0014,Areeb,Vasquez,24.0000,408.00
202538,st0019,Ethan,Cole,24.0000,408.00
202538,st0022,Ava,Brooks,24.0000,408.00
202539,st0001,Mindy,Sloan,32.0000,864.00
202539,st0008,Zachery,Robins,16.0000,368.00
202539,st0010,Desiree,Gardner,40.0000,800.00
202539,st0009,Lily-Rose,Vaughn,32.0000,640.00
202539,st0014,Areeb,Vasquez,24.0000,408.00
202540,st0003,Sana,Black,16.0000,432.00
202540,st0006,Seren,Lindsey,40.0000,920.00
202540,st0013,Matilda,McCarty,32.0000,640.00
202540,st0009,Lily-Rose,Vaughn,40.0000,800.00
202540,st0015,Amiyah,Lambert,24.0000,408.00
202540,st0021,Liam,Turner,24.0000,408.00
202540,st0022,Ava,Brooks,24.0000,408.00
202541,st0002,Luqman,Cantu,40.0000,1080.00
202541,st0008,Zachery,Robins,40.0000,920.00
202541,st0010,Desiree,Gardner,40.0000,800.00
202541,st0013,Matilda,McCarty,40.0000,800.00
202541,st0019,Ethan,Cole,24.0000,408.00
202541,st0023,Noah,Hayes,24.0000,408.00
202542,st0004,Faraz,Peck,40.0000,1080.00
202542,st0008,Zachery,Robins,40.0000,920.00
202542,st0010,Desiree,Gardner,40.0000,800.00
202542,st0012,Jonathan,Bradford,40.0000,800.00
202542,st0014,Areeb,Vasquez,24.0000,408.00
202542,st0020,Olivia,Reed,24.0000,408.00
202542,st0019,Ethan,Cole,24.0000,408.00
202543,st0001,Mindy,Sloan,32.0000,864.00
202543,st0008,Zachery,Robins,40.0000,920.00
202543,st0013,Matilda,McCarty,40.0000,800.00
202543,st0010,Desiree,Gardner,40.0000,800.00
202543,st0021,Liam,Turner,24.0000,408.00
202543,st0022,Ava,Brooks,24.0000,408.00
202307,st0009,Lily-Rose,Vaughn,16.0000,320.00
202307,st0023,Noah,Hayes,24.0000,408.00
202307,st0031,Daniel,Morris,24.0000,720.00
202308,st0001,Mindy,Sloan,32.0000,864.00
202308,st0031,Daniel,Morris,40.0000,1200.00
202309,st0008,Zachery,Robins,32.0000,736.00
202309,st0032,Chloe,Kelly,16.0000,480.00
202310,st0012,Jonathan,Bradford,40.0000,800.00
202310,st0031,Daniel,Morris,24.0000,720.00
202311,st0007,Talha,Portillo,24.0000,552.00
202311,st0031,Daniel,Morris,32.0000,960.00
202312,st0003,Sana,Black,32.0000,864.00
202312,st0009,Lily-Rose,Vaughn,40.0000,800.00
202312,st0031,Daniel,Morris,32.0000,960.00
202313,st0003,Sana,Black,24.0000,648.00
202314,st0007,Talha,Portillo,32.0000,736.00
202314,st0009,Lily-Rose,Vaughn,40.0000,800.00
202314,st0019,Ethan,Cole,24.0000,408.00
202315,st0012,Jonathan,Bradford,40.0000,800.00
202315,st0032,Chloe,Kelly,24.0000,720.00
202316,st0032,Chloe,Kelly,24.0000,720.00
202317,st0008,Zachery,Robins,32.0000,736.00
202317,st0009,Lily-Rose,Vaughn,40.0000,800.00
202318,st0002,Luqman,Cantu,24.0000,648.00
202318,st0008,Zachery,Robins,40.0000,920.00
202318,st0023,Noah,Hayes,24.0000,408.00
202318,st0031,Daniel,Morris,24.0000,720.00
202319,st0006,Seren,Lindsey,32.0000,736.00
202319,st0011,Ivan,English,40.0000,800.00
202319,st0019,Ethan,Cole,24.0000,408.00
202319,st0031,Daniel,Morris,16.0000,480.00
202320,st0032,Chloe,Kelly,24.0000,720.00
202321,st0005,Arran,Hodgson,40.0000,920.00
202322,st0008,Zachery,Robins,24.0000,552.00
202322,st0011,Ivan,English,40.0000,800.00
202322,st0032,Chloe,Kelly,40.0000,1200.00
202323,st0003,Sana,Black,16.0000,432.00
202323,st0007,Talha,Portillo,32.0000,736.00
202324,st0005,Arran,Hodgson,24.0000,552.00
202324,st0012,Jonathan,Bradford,40.0000,800.00
202325,st0006,Seren,Lindsey,32.0000,736.00
202325,st0022,Ava,Brooks,24.0000,408.00
202326,st0006,Seren,Lindsey,16.0000,368.00
202326,st0011,Ivan,English,32.0000,640.00
202327,st0002,Luqman,Cantu,40.0000,1080.00
202327,st0005,Arran,Hodgson,32.0000,736.00
202327,st0019,Ethan,Cole,24.0000,408.00
202327,st0031,Daniel,Morris,32.0000,960.00
202328,st0008,Zachery,Robins,16.0000,368.00
202328,st0009,Lily-Rose,Vaughn,40.0000,800.00
202328,st0032,Chloe,Kelly,24.0000,720.00
202329,st0006,Seren,Lindsey,24.0000,552.00
202330,st0004,Faraz,Peck,24.0000,648.00
202330,st0007,Talha,Portillo,32.0000,736.00
202330,st0032,Chloe,Kelly,32.0000,960.00
202331,st0002,Luqman,Cantu,32.0000,864.00
202331,st0022,Ava,Brooks,24.0000,408.00
202331,st0032,Chloe,Kelly,32.0000,960.00
202332,st0002,Luqman,Cantu,40.0000,1080.00
202332,st0021,Liam,Turner,24.0000,408.00
202332,st0031,Daniel,Morris,24.0000,720.00
202333,st0003,Sana,Black,24.0000,648.00
202334,st0002,Luqman,Cantu,32.0000,864.00
202334,st0008,Zachery,Robins,32.0000,736.00
202334,st0023,Noah,Hayes,24.0000,408.00
202335,st0001,Mindy,Sloan,16.0000,432.00
202335,st0006,Seren,Lindsey,32.0000,736.00
202336,st0002,Luqman,Cantu,32.0000,864.00
202337,st0004,Faraz,Peck,40.0000,1080.00
202337,st0005,Arran,Hodgson,32.0000,736.00
202337,st0011,Ivan,English,40.0000,800.00
202337,st0031,Daniel,Morris,40.0000,1200.00
202338,st0004,Faraz,Peck,24.0000,648.00
202338,st0023,Noah,Hayes,24.0000,408.00
202339,st0002,Luqman,Cantu,40.0000,1080.00
202339,st0032,Chloe,Kelly,32.0000,960.00
202340,st0005,Arran,Hodgson,24.0000,552.00
202340,st0011,Ivan,English,40.0000,800.00
202340,st0032,Chloe,Kelly,32.0000,960.00
202341,st0001,Mindy,Sloan,40.0000,1080.00
202341,st0012,Jonathan,Bradford,32.0000,640.00
202341,st0032,Chloe,Kelly,32.0000,960.00
202342,st0004,Faraz,Peck,16.0000,432.00
202342,st0008,Zachery,Robins,32.0000,736.00
202342,st0022,Ava,Brooks,24.0000,408.00
202344,st0004,Faraz,Peck,24.0000,648.00
202344,st0031,Daniel,Morris,32.0000,960.00
202345,st0001,Mindy,Sloan,24.0000,648.00
202345,st0008,Zachery,Robins,24.0000,552.00
202345,st0013,Matilda,McCarty,40.0000,800.00
202346,st0001,Mindy,Sloan,24.0000,648.00
202346,st0005,Arran,Hodgson,24.0000,552.00
202346,st0010,Desiree,Gardner,40.0000,800.00
202346,st0031,Daniel,Morris,32.0000,960.00
202348,st0002,Luqman,Cantu,40.0000,1080.00
202348,st0011,Ivan,English,40.0000,800.00
202349,st0002,Luqman,Cantu,40.0000,1080.00
202349,st0011,Ivan,English,40.0000,800.00
202350,st0004,Faraz,Peck,24.0000,648.00
202350,st0010,Desiree,Gardner,40.0000,800.00
202351,st0011,Ivan,English,40.0000,800.00
202351,st0023,Noah,Hayes,24.0000,408.00
202351,st0032,Chloe,Kelly,40.0000,1200.00
202352,st0003,Sana,Black,24.0000,648.00
202352,st0006,Seren,Lindsey,32.0000,736.00
202352,st0010,Desiree,Gardner,40.0000,800.00
202352,st0019,Ethan,Cole,24.0000,408.00
202352,st0031,Daniel,Morris,32.0000,960.00
202401,st0002,Luqman,Cantu,40.0000,1080.00
202401,st0007,Talha,Portillo,32.0000,736.00
202401,st0010,Desiree,Gardner,40.0000,800.00
202401,st0024,Sophia,Bennett,24.0000,408.00
202402,st0002,Luqman,Cantu,40.0000,1080.00
202403,st0011,Ivan,English,40.0000,800.00
202403,st0031,Daniel,Morris,40.0000,1200.00
202404,st0004,Faraz,Peck,32.0000,864.00
202404,st0007,Talha,Portillo,8.0000,184.00
202404,st0019,Ethan,Cole,24.0000,408.00
202404,st0032,Chloe,Kelly,16.0000,480.00
202405,st0007,Talha,Portillo,24.0000,552.00
202405,st0032,Chloe,Kelly,32.0000,960.00
202406,st0001,Mindy,Sloan,24.0000,648.00
202406,st0023,Noah,Hayes,24.0000,408.00
202406,st0031,Daniel,Morris,16.0000,480.00
202407,st0024,Sophia,Bennett,24.0000,408.00
202408,st0013,Matilda,McCarty,40.0000,800.00
202408,st0031,Daniel,Morris,40.0000,1200.00
202409,st0011,Ivan,English,32.0000,640.00
202410,st0013,Matilda,McCarty,40.0000,800.00
202411,st0005,Arran,Hodgson,24.0000,552.00
202411,st0010,Desiree,Gardner,40.0000,800.00
202412,st0008,Zachery,Robins,24.0000,552.00
202412,st0010,Desiree,Gardner,40.0000,800.00
202413,st0001,Mindy,Sloan,24.0000,648.00
202413,st0008,Zachery,Robins,24.0000,552.00
202414,st0012,Jonathan,Bradford,40.0000,800.00
202415,st0012,Jonathan,Bradford,32.0000,640.00
202415,st0032,Chloe,Kelly,24.0000,720.00
202416,st0002,Luqman,Cantu,32.0000,864.00
202416,st0031,Daniel,Morris,24.0000,720.00
202417,st0004,Faraz,Peck,40.0000,1080.00
202417,st0011,Ivan,English,40.0000,800.00
202417,st0031,Daniel,Morris,32.0000,960.00
202419,st0010,Desiree,Gardner,40.0000,800.00
202419,st0024,Sophia,Bennett,24.0000,408.00
202420,st0002,Luqman,Cantu,16.0000,432.00
202420,st0005,Arran,Hodgson,24.0000,552.00
202420,st0012,Jonathan,Bradford,40.0000,800.00
202420,st0032,Chloe,Kelly,24.0000,720.00
202422,st0008,Zachery,Robins,24.0000,552.00
202422,st0032,Chloe,Kelly,40.0000,1200.00
202423,st0002,Luqman,Cantu,32.0000,864.00
202424,st0007,Talha,Portillo,32.0000,736.00
202424,st0032,Chloe,Kelly,32.0000,960.00
202425,st0004,Faraz,Peck,32.0000,864.00
202426,st0003,Sana,Black,16.0000,432.00
202427,st0013,Matilda,McCarty,40.0000,800.00
202429,st0010,Desiree,Gardner,40.0000,800.00
202429,st0022,Ava,Brooks,24.0000,408.00
202429,st0032,Chloe,Kelly,32.0000,960.00
202430,st0004,Faraz,Peck,32.0000,864.00
202430,st0005,Arran,Hodgson,32.0000,736.00
202430,st0011,Ivan,English,40.0000,800.00
202430,st0031,Daniel,Morris,24.0000,720.00
202431,st0001,Mindy,Sloan,32.0000,864.00
202431,st0031,Daniel,Morris,16.0000,480.00
202432,st0003,Sana,Black,32.0000,864.00
202432,st0008,Zachery,Robins,24.0000,552.00
202432,st0010,Desiree,Gardner,40.0000,800.00
202432,st0020,Olivia,Reed,24.0000,408.00
202432,st0032,Chloe,Kelly,32.0000,960.00
202434,st0002,Luqman,Cantu,16.0000,432.00
202434,st0031,Daniel,Morris,16.0000,480.00
202435,st0032,Chloe,Kelly,24.0000,720.00
202436,st0003,Sana,Black,40.0000,1080.00
202436,st0011,Ivan,English,40.0000,800.00
202436,st0022,Ava,Brooks,24.0000,408.00
202437,st0006,Seren,Lindsey,40.0000,920.00
202438,st0003,Sana,Black,24.0000,648.00
202438,st0005,Arran,Hodgson,24.0000,552.00
202438,st0020,Olivia,Reed,24.0000,408.00
202438,st0031,Daniel,Morris,32.0000,960.00
202439,st0001,Mindy,Sloan,32.0000,864.00
202439,st0022,Ava,Brooks,24.0000,408.00
202440,st0001,Mindy,Sloan,40.0000,1080.00
202440,st0032,Chloe,Kelly,24.0000,720.00
202441,st0002,Luqman,Cantu,32.0000,864.00
202442,st0019,Ethan,Cole,24.0000,408.00
202442,st0031,Daniel,Morris,24.0000,720.00
202443,st0001,Mindy,Sloan,32.0000,864.00
202444,st0004,Faraz,Peck,40.0000,1080.00
202444,st0008,Zachery,Robins,8.0000,184.00
202444,st0023,Noah,Hayes,24.0000,408.00
202444,st0031,Daniel,Morris,24.0000,720.00
202445,st0031,Daniel,Morris,24.0000,720.00
202446,st0002,Luqman,Cantu,40.0000,1080.00
202446,st0024,Sophia,Bennett,24.0000,408.00
202446,st0031,Daniel,Morris,24.0000,720.00
202447,st0001,Mindy,Sloan,24.0000,648.00
202447,st0009,Lily-Rose,Vaughn,40.0000,800.00
202447,st0032,Chloe,Kelly,24.0000,720.00
202448,st0009,Lily-Rose,Vaughn,40.0000,800.00
202448,st0032,Chloe,Kelly,32.0000,960.00
202449,st0006,Seren,Lindsey,32.0000,736.00
202450,st0001,Mindy,Sloan,40.0000,1080.00
202450,st0005,Arran,Hodgson,16.0000,368.00
202450,st0013,Matilda,McCarty,40.0000,800.00
202450,st0023,Noah,Hayes,24.0000,408.00
202451,st0001,Mindy,Sloan,40.0000,1080.00
202451,st0011,Ivan,English,40.0000,800.00
202451,st0031,Daniel,Morris,24.0000,720.00
202452,st0007,Talha,Portillo,24.0000,552.00
202501,st0006,Seren,Lindsey,40.0000,920.00
202501,st0031,Daniel,Morris,16.0000,480.00
202502,st0001,Mindy,Sloan,40.0000,1080.00
202502,st0008,Zachery,Robins,40.0000,920.00
202502,st0009,Lily-Rose,Vaughn,40.0000,800.00
202503,st0001,Mindy,Sloan,16.0000,432.00
202504,st0006,Seren,Lindsey,24.0000,552.00
202504,st0031,Daniel,Morris,16.0000,480.00
202505,st0004,Faraz,Peck,32.0000,864.00
202505,st0009,Lily-Rose,Vaughn,40.0000,800.00
202506,st0003,Sana,Black,32.0000,864.00
202506,st0005,Arran,Hodgson,40.0000,920.00
202506,st0013,Matilda,McCarty,40.0000,800.00
202506,st0032,Chloe,Kelly,24.0000,720.00
202507,st0007,Talha,Portillo,32.0000,736.00
202507,st0009,Lily-Rose,Vaughn,40.0000,800.00
202507,st0032,Chloe,Kelly,32.0000,960.00
202508,st0007,Talha,Portillo,32.0000,736.00
202508,st0022,Ava,Brooks,24.0000,408.00
202509,st0008,Zachery,Robins,40.0000,920.00
202509,st0011,Ivan,English,40.0000,800.00
202509,st0020,Olivia,Reed,24.0000,408.00
202510,st0003,Sana,Black,32.0000,864.00
202510,st0008,Zachery,Robins,40.0000,920.00
202510,st0031,Daniel,Morris,24.0000,720.00
202511,st0004,Faraz,Peck,40.0000,1080.00
202511,st0006,Seren,Lindsey,32.0000,736.00
202511,st0009,Lily-Rose,Vaughn,40.0000,800.00
202512,st0002,Luqman,Cantu,32.0000,864.00
202512,st0031,Daniel,Morris,32.0000,960.00
202513,st0008,Zachery,Robins,32.0000,736.00
202514,st0003,Sana,Black,24.0000,648.00
202515,st0004,Faraz,Peck,16.0000,432.00
202515,st0006,Seren,Lindsey,32.0000,736.00
202516,st0004,Faraz,Peck,32.0000,864.00
202516,st0019,Ethan,Cole,24.0000,408.00
202516,st0024,Sophia,Bennett,24.0000,408.00
202516,st0031,Daniel,Morris,32.0000,960.00
202517,st0002,Luqman,Cantu,40.0000,1080.00
202517,st0009,Lily-Rose,Vaughn,40.0000,800.00
202518,st0008,Zachery,Robins,16.0000,368.00
202519,st0006,Seren,Lindsey,32.0000,736.00
202520,st0002,Luqman,Cantu,32.0000,864.00
202520,st0011,Ivan,English,32.0000,640.00
202520,st0024,Sophia,Bennett,24.0000,408.00
202520,st0032,Chloe,Kelly,40.0000,1200.00
202521,st0007,Talha,Portillo,24.0000,552.00
202521,st0011,Ivan,English,40.0000,800.00
202522,st0013,Matilda,McCarty,40.0000,800.00
202522,st0019,Ethan,Cole,24.0000,408.00
202522,st0031,Daniel,Morris,32.0000,960.00
202523,st0007,Talha,Portillo,24.0000,552.00
202524,st0003,Sana,Black,24.0000,648.00
202524,st0008,Zachery,Robins,16.0000,368.00
202524,st0013,Matilda,McCarty,32.0000,640.00
202524,st0024,Sophia,Bennett,24.0000,408.00
202524,st0032,Chloe,Kelly,32.0000,960.00
202525,st0002,Luqman,Cantu,24.0000,648.00
202525,st0005,Arran,Hodgson,40.0000,920.00
202525,st0010,Desiree,Gardner,40.0000,800.00
202525,st0032,Chloe,Kelly,40.0000,1200.00
202526,st0003,Sana,Black,24.0000,648.00
202527,st0002,Luqman,Cantu,32.0000,864.00
202527,st0011,Ivan,English,40.0000,800.00
202528,st0001,Mindy,Sloan,32.0000,864.00
202528,st0031,Daniel,Morris,16.0000,480.00
202529,st0013,Matilda,McCarty,40.0000,800.00
202530,st0003,Sana,Black,32.0000,864.00
202532,st0002,Luqman,Cantu,16.0000,432.00
202532,st0006,Seren,Lindsey,24.0000,552.00
202532,st0013,Matilda,McCarty,40.0000,800.00
202533,st0002,Luqman,Cantu,32.0000,864.00
202533,st0011,Ivan,English,32.0000,640.00
202534,st0002,Luqman,Cantu,24.0000,648.00
202535,st0021,Liam,Turner,24.0000,408.00
202536,st0008,Zachery,Robins,40.0000,920.00
202536,st0009,Lily-Rose,Vaughn,40.0000,800.00
202536,st0032,Chloe,Kelly,24.0000,720.00
202537,st0006,Seren,Lindsey,32.0000,736.00
202537,st0012,Jonathan,Bradford,40.0000,800.00
202538,st0006,Seren,Lindsey,16.0000,368.00
202538,st0011,Ivan,English,40.0000,800.00
202538,st0020,Olivia,Reed,24.0000,408.00
202538,st0031,Daniel,Morris,32.0000,960.00
202539,st0006,Seren,Lindsey,32.0000,736.00
202540,st0004,Faraz,Peck,16.0000,432.00
202541,st0004,Faraz,Peck,16.0000,432.00
202541,st0005,Arran,Hodgson,32.0000,736.00
202541,st0020,Olivia,Reed,24.0000,408.00
202541,st0031,Daniel,Morris,32.0000,960.00
202542,st0001,Mindy,Sloan,24.0000,648.00
202542,st0009,Lily-Rose,Vaughn,40.0000,800.00
202542,st0032,Chloe,Kelly,32.0000,960.00
202543,st0002,Luqman,Cantu,24.0000,648.00
202543,st0011,Ivan,English,32.0000,640.00
202543,st0031,Daniel,Morris,16.0000,480.00
202307,st0001,Mindy,Sloan,24.0000,648.00
202307,st0007,Talha,Portillo,16.0000,368.00
202308,st0008,Zachery,Robins,40.0000,920.00
202309,st0001,Mindy,Sloan,32.0000,864.00
202309,st0007,Talha,Portillo,40.0000,920.00
202310,st0001,Mindy,Sloan,32.0000,864.00
202311,st0003,Sana,Black,24.0000,648.00
202311,st0008,Zachery,Robins,32.0000,736.00
202311,st0009,Lily-Rose,Vaughn,40.0000,800.00
202312,st0002,Luqman,Cantu,32.0000,864.00
202312,st0005,Arran,Hodgson,32.0000,736.00
202313,st0002,Luqman,Cantu,24.0000,648.00
202313,st0006,Seren,Lindsey,32.0000,736.00
202316,st0003,Sana,Black,16.0000,432.00
202316,st0006,Seren,Lindsey,40.0000,920.00
202317,st0006,Seren,Lindsey,8.0000,184.00
202318,st0005,Arran,Hodgson,16.0000,368.00
202318,st0011,Ivan,English,40.0000,800.00
202319,st0004,Faraz,Peck,40.0000,1080.00
202320,st0001,Mindy,Sloan,24.0000,648.00
202320,st0006,Seren,Lindsey,32.0000,736.00
202321,st0001,Mindy,Sloan,24.0000,648.00
202321,st0011,Ivan,English,40.0000,800.00
202322,st0003,Sana,Black,40.0000,1080.00
202323,st0002,Luqman,Cantu,40.0000,1080.00
202324,st0001,Mindy,Sloan,24.0000,648.00
202324,st0008,Zachery,Robins,24.0000,552.00
202325,st0001,Mindy,Sloan,40.0000,1080.00
202326,st0003,Sana,Black,40.0000,1080.00
202326,st0008,Zachery,Robins,40.0000,920.00
202327,st0008,Zachery,Robins,16.0000,368.00
202327,st0013,Matilda,McCarty,32.0000,640.00
202328,st0004,Faraz,Peck,32.0000,864.00
202329,st0003,Sana,Black,40.0000,1080.00
202331,st0004,Faraz,Peck,24.0000,648.00
202331,st0007,Talha,Portillo,32.0000,736.00
202332,st0007,Talha,Portillo,24.0000,552.00
202333,st0008,Zachery,Robins,32.0000,736.00
202334,st0010,Desiree,Gardner,40.0000,800.00
202335,st0008,Zachery,Robins,24.0000,552.00
202335,st0011,Ivan,English,40.0000,800.00
202336,st0008,Zachery,Robins,32.0000,736.00
202338,st0002,Luqman,Cantu,40.0000,1080.00
202338,st0007,Talha,Portillo,40.0000,920.00
202338,st0013,Matilda,McCarty,40.0000,800.00
202341,st0004,Faraz,Peck,24.0000,648.00
202341,st0005,Arran,Hodgson,40.0000,920.00
202342,st0007,Talha,Portillo,24.0000,552.00
202342,st0009,Lily-Rose,Vaughn,40.0000,800.00
202343,st0003,Sana,Black,40.0000,1080.00
202343,st0005,Arran,Hodgson,32.0000,736.00
202343,st0011,Ivan,English,40.0000,800.00
202344,st0006,Seren,Lindsey,32.0000,736.00
202344,st0010,Desiree,Gardner,40.0000,800.00
202345,st0006,Seren,Lindsey,32.0000,736.00
202346,st0003,Sana,Black,40.0000,1080.00
202346,st0006,Seren,Lindsey,32.0000,736.00
202347,st0002,Luqman,Cantu,32.0000,864.00
202347,st0005,Arran,Hodgson,40.0000,920.00
202347,st0011,Ivan,English,40.0000,800.00
202348,st0007,Talha,Portillo,32.0000,736.00
202351,st0001,Mindy,Sloan,24.0000,648.00
202351,st0008,Zachery,Robins,40.0000,920.00
202352,st0004,Faraz,Peck,24.0000,648.00
202352,st0007,Talha,Portillo,16.0000,368.00
202401,st0001,Mindy,Sloan,32.0000,864.00
202402,st0001,Mindy,Sloan,16.0000,432.00
202402,st0011,Ivan,English,32.0000,640.00
202403,st0004,Faraz,Peck,40.0000,1080.00
202404,st0013,Matilda,McCarty,40.0000,800.00
202405,st0008,Zachery,Robins,24.0000,552.00
202406,st0005,Arran,Hodgson,32.0000,736.00
202406,st0012,Jonathan,Bradford,40.0000,800.00
202409,st0003,Sana,Black,40.0000,1080.00
202409,st0005,Arran,Hodgson,24.0000,552.00
202410,st0003,Sana,Black,32.0000,864.00
202410,st0008,Zachery,Robins,40.0000,920.00
202411,st0001,Mindy,Sloan,32.0000,864.00
202411,st0006,Seren,Lindsey,24.0000,552.00
202412,st0007,Talha,Portillo,40.0000,920.00
202413,st0012,Jonathan,Bradford,40.0000,800.00
202414,st0008,Zachery,Robins,32.0000,736.00
202415,st0002,Luqman,Cantu,24.0000,648.00
202415,st0005,Arran,Hodgson,24.0000,552.00
202416,st0003,Sana,Black,32.0000,864.00
202416,st0005,Arran,Hodgson,24.0000,552.00
202416,st0013,Matilda,McCarty,40.0000,800.00
202417,st0007,Talha,Portillo,16.0000,368.00
202418,st0001,Mindy,Sloan,24.0000,648.00
202418,st0005,Arran,Hodgson,40.0000,920.00
202419,st0005,Arran,Hodgson,24.0000,552.00
202420,st0001,Mindy,Sloan,16.0000,432.00
202421,st0007,Talha,Portillo,32.0000,736.00
202422,st0001,Mindy,Sloan,40.0000,1080.00
202422,st0013,Matilda,McCarty,40.0000,800.00
202423,st0005,Arran,Hodgson,40.0000,920.00
202424,st0002,Luqman,Cantu,24.0000,648.00
202424,st0008,Zachery,Robins,32.0000,736.00
202424,st0009,Lily-Rose,Vaughn,40.0000,800.00
202425,st0001,Mindy,Sloan,16.0000,432.00
202425,st0008,Zachery,Robins,40.0000,920.00
202425,st0009,Lily-Rose,Vaughn,40.0000,800.00
202426,st0002,Luqman,Cantu,24.0000,648.00
202426,st0013,Matilda,McCarty,40.0000,800.00
202427,st0001,Mindy,Sloan,40.0000,1080.00
202428,st0002,Luqman,Cantu,24.0000,648.00
202428,st0006,Seren,Lindsey,32.0000,736.00
202428,st0010,Desiree,Gardner,40.0000,800.00
202430,st0001,Mindy,Sloan,16.0000,432.00
202430,st0008,Zachery,Robins,24.0000,552.00
202431,st0005,Arran,Hodgson,16.0000,368.00
202431,st0009,Lily-Rose,Vaughn,40.0000,800.00
202433,st0007,Talha,Portillo,40.0000,920.00
202435,st0004,Faraz,Peck,32.0000,864.00
202435,st0008,Zachery,Robins,32.0000,736.00
202436,st0002,Luqman,Cantu,32.0000,864.00
202437,st0002,Luqman,Cantu,16.0000,432.00
202438,st0002,Luqman,Cantu,32.0000,864.00
202438,st0012,Jonathan,Bradford,40.0000,800.00
202439,st0008,Zachery,Robins,32.0000,736.00
202439,st0010,Desiree,Gardner,40.0000,800.00
202440,st0013,Matilda,McCarty,40.0000,800.00
202441,st0004,Faraz,Peck,32.0000,864.00
202441,st0005,Arran,Hodgson,24.0000,552.00
202442,st0009,Lily-Rose,Vaughn,40.0000,800.00
202443,st0006,Seren,Lindsey,32.0000,736.00
202444,st0002,Luqman,Cantu,24.0000,648.00
202444,st0009,Lily-Rose,Vaughn,40.0000,800.00
202445,st0004,Faraz,Peck,32.0000,864.00
202445,st0009,Lily-Rose,Vaughn,40.0000,800.00
202448,st0005,Arran,Hodgson,24.0000,552.00
202451,st0008,Zachery,Robins,24.0000,552.00
202452,st0004,Faraz,Peck,40.0000,1080.00
202452,st0010,Desiree,Gardner,40.0000,800.00
202503,st0002,Luqman,Cantu,32.0000,864.00
202503,st0005,Arran,Hodgson,32.0000,736.00
202503,st0011,Ivan,English,40.0000,800.00
202505,st0007,Talha,Portillo,32.0000,736.00
202508,st0008,Zachery,Robins,24.0000,552.00
202509,st0007,Talha,Portillo,24.0000,552.00
202510,st0001,Mindy,Sloan,32.0000,864.00
202510,st0009,Lily-Rose,Vaughn,40.0000,800.00
202511,st0005,Arran,Hodgson,32.0000,736.00
202512,st0003,Sana,Black,40.0000,1080.00
202512,st0007,Talha,Portillo,16.0000,368.00
202512,st0012,Jonathan,Bradford,40.0000,800.00
202513,st0001,Mindy,Sloan,40.0000,1080.00
202513,st0010,Desiree,Gardner,40.0000,800.00
202514,st0002,Luqman,Cantu,32.0000,864.00
202514,st0007,Talha,Portillo,32.0000,736.00
202514,st0011,Ivan,English,40.0000,800.00
202515,st0003,Sana,Black,24.0000,648.00
202515,st0007,Talha,Portillo,16.0000,368.00
202515,st0010,Desiree,Gardner,40.0000,800.00
202516,st0011,Ivan,English,40.0000,800.00
202518,st0004,Faraz,Peck,32.0000,864.00
202518,st0005,Arran,Hodgson,40.0000,920.00
202518,st0010,Desiree,Gardner,40.0000,800.00
202519,st0001,Mindy,Sloan,40.0000,1080.00
202519,st0009,Lily-Rose,Vaughn,40.0000,800.00
202520,st0004,Faraz,Peck,16.0000,432.00
202520,st0006,Seren,Lindsey,32.0000,736.00
202521,st0004,Faraz,Peck,24.0000,648.00
202522,st0004,Faraz,Peck,16.0000,432.00
202522,st0006,Seren,Lindsey,40.0000,920.00
202523,st0010,Desiree,Gardner,40.0000,800.00
202524,st0005,Arran,Hodgson,24.0000,552.00
202526,st0006,Seren,Lindsey,32.0000,736.00
202526,st0013,Matilda,McCarty,40.0000,800.00
202527,st0008,Zachery,Robins,32.0000,736.00
202528,st0008,Zachery,Robins,32.0000,736.00
202530,st0002,Luqman,Cantu,24.0000,648.00
202530,st0008,Zachery,Robins,32.0000,736.00
202530,st0011,Ivan,English,40.0000,800.00
202531,st0006,Seren,Lindsey,8.0000,184.00
202533,st0001,Mindy,Sloan,40.0000,1080.00
202534,st0005,Arran,Hodgson,32.0000,736.00
202535,st0004,Faraz,Peck,40.0000,1080.00
202535,st0005,Arran,Hodgson,32.0000,736.00
202536,st0001,Mindy,Sloan,40.0000,1080.00
202537,st0003,Sana,Black,40.0000,1080.00
202538,st0003,Sana,Black,32.0000,864.00
202539,st0003,Sana,Black,24.0000,648.00
202539,st0013,Matilda,McCarty,40.0000,800.00
202540,st0012,Jonathan,Bradford,40.0000,800.00
202541,st0006,Seren,Lindsey,16.0000,368.00
202541,st0009,Lily-Rose,Vaughn,40.0000,800.00
202542,st0007,Talha,Portillo,40.0000,920.00
202307,st0018,Omar,Sheikh,16.0000,272.00
202308,st0005,Arran,Hodgson,24.0000,552.00
202308,st0009,Lily-Rose,Vaughn,16.0000,320.00
202309,st0013,Matilda,McCarty,32.0000,640.00
202310,st0003,Sana,Black,32.0000,864.00
202312,st0007,Talha,Portillo,24.0000,552.00
202313,st0011,Ivan,English,32.0000,640.00
202313,st0031,Daniel,Morris,24.0000,720.00
202314,st0002,Luqman,Cantu,16.0000,432.00
202314,st0032,Chloe,Kelly,24.0000,720.00
202316,st0011,Ivan,English,40.0000,800.00
202317,st0032,Chloe,Kelly,16.0000,480.00
202321,st0031,Daniel,Morris,24.0000,720.00
202322,st0004,Faraz,Peck,32.0000,864.00
202324,st0003,Sana,Black,16.0000,432.00
202326,st0002,Luqman,Cantu,16.0000,432.00
202329,st0008,Zachery,Robins,16.0000,368.00
202330,st0010,Desiree,Gardner,24.0000,480.00
202331,st0010,Desiree,Gardner,40.0000,800.00
202334,st0001,Mindy,Sloan,24.0000,648.00
202334,st0031,Daniel,Morris,24.0000,720.00
202335,st0002,Luqman,Cantu,24.0000,648.00
202335,st0032,Chloe,Kelly,32.0000,960.00
202336,st0009,Lily-Rose,Vaughn,40.0000,800.00
202336,st0032,Chloe,Kelly,24.0000,720.00
202337,st0003,Sana,Black,24.0000,648.00
202337,st0006,Seren,Lindsey,24.0000,552.00
202338,st0031,Daniel,Morris,16.0000,480.00
202339,st0005,Arran,Hodgson,16.0000,368.00
202340,st0003,Sana,Black,16.0000,432.00
202340,st0006,Seren,Lindsey,24.0000,552.00
202342,st0002,Luqman,Cantu,24.0000,648.00
202342,st0032,Chloe,Kelly,16.0000,480.00
202343,st0031,Daniel,Morris,24.0000,720.00
202345,st0031,Daniel,Morris,16.0000,480.00
202348,st0031,Daniel,Morris,16.0000,480.00
202349,st0031,Daniel,Morris,24.0000,720.00
202351,st0006,Seren,Lindsey,16.0000,368.00
202401,st0031,Daniel,Morris,24.0000,720.00
202402,st0031,Daniel,Morris,24.0000,720.00
202403,st0006,Seren,Lindsey,32.0000,736.00
202404,st0002,Luqman,Cantu,16.0000,432.00
202405,st0004,Faraz,Peck,40.0000,1080.00
202405,st0009,Lily-Rose,Vaughn,40.0000,800.00
202407,st0031,Daniel,Morris,32.0000,960.00
202408,st0002,Luqman,Cantu,32.0000,864.00
202408,st0006,Seren,Lindsey,32.0000,736.00
202410,st0031,Daniel,Morris,32.0000,960.00
202411,st0003,Sana,Black,16.0000,432.00
202411,st0031,Daniel,Morris,32.0000,960.00
202412,st0002,Luqman,Cantu,16.0000,432.00
202413,st0006,Seren,Lindsey,32.0000,736.00
202413,st0032,Chloe,Kelly,32.0000,960.00
202414,st0004,Faraz,Peck,16.0000,432.00
202417,st0005,Arran,Hodgson,24.0000,552.00
202418,st0006,Seren,Lindsey,24.0000,552.00
202418,st0032,Chloe,Kelly,16.0000,480.00
202419,st0007,Talha,Portillo,24.0000,552.00
202419,st0032,Chloe,Kelly,24.0000,720.00
202421,st0008,Zachery,Robins,24.0000,552.00
202421,st0012,Jonathan,Bradford,32.0000,640.00
202421,st0031,Daniel,Morris,24.0000,720.00
202424,st0003,Sana,Black,16.0000,432.00
202425,st0032,Chloe,Kelly,24.0000,720.00
202426,st0006,Seren,Lindsey,24.0000,552.00
202426,st0031,Daniel,Morris,16.0000,480.00
202427,st0002,Luqman,Cantu,24.0000,648.00
202427,st0007,Talha,Portillo,40.0000,920.00
202428,st0008,Zachery,Robins,16.0000,368.00
202428,st0031,Daniel,Morris,16.0000,480.00
202429,st0004,Faraz,Peck,16.0000,432.00
202429,st0008,Zachery,Robins,24.0000,552.00
202433,st0009,Lily-Rose,Vaughn,40.0000,800.00
202434,st0005,Arran,Hodgson,24.0000,552.00
202436,st0008,Zachery,Robins,32.0000,736.00
202437,st0003,Sana,Black,32.0000,864.00
202437,st0005,Arran,Hodgson,8.0000,184.00
202437,st0032,Chloe,Kelly,32.0000,960.00
202438,st0007,Talha,Portillo,16.0000,368.00
202439,st0004,Faraz,Peck,16.0000,432.00
202439,st0006,Seren,Lindsey,24.0000,552.00
202439,st0032,Chloe,Kelly,16.0000,480.00
202441,st0010,Desiree,Gardner,32.0000,640.00
202441,st0032,Chloe,Kelly,32.0000,960.00
202443,st0004,Faraz,Peck,16.0000,432.00
202443,st0011,Ivan,English,32.0000,640.00
202443,st0031,Daniel,Morris,16.0000,480.00
202445,st0005,Arran,Hodgson,16.0000,368.00
202446,st0004,Faraz,Peck,8.0000,216.00
202446,st0012,Jonathan,Bradford,32.0000,640.00
202449,st0009,Lily-Rose,Vaughn,40.0000,800.00
202449,st0031,Daniel,Morris,24.0000,720.00
202450,st0031,Daniel,Morris,40.0000,1200.00
202452,st0032,Chloe,Kelly,16.0000,480.00
202501,st0002,Luqman,Cantu,24.0000,648.00
202501,st0012,Jonathan,Bradford,40.0000,800.00
202502,st0032,Chloe,Kelly,32.0000,960.00
202503,st0031,Daniel,Morris,32.0000,960.00
202504,st0003,Sana,Black,24.0000,648.00
202504,st0009,Lily-Rose,Vaughn,40.0000,800.00
202505,st0031,Daniel,Morris,16.0000,480.00
202507,st0006,Seren,Lindsey,24.0000,552.00
202508,st0002,Luqman,Cantu,24.0000,648.00
202508,st0032,Chloe,Kelly,32.0000,960.00
202509,st0002,Luqman,Cantu,24.0000,648.00
202509,st0032,Chloe,Kelly,40.0000,1200.00
202511,st0031,Daniel,Morris,16.0000,480.00
202513,st0003,Sana,Black,16.0000,432.00
202513,st0006,Seren,Lindsey,24.0000,552.00
202513,st0032,Chloe,Kelly,16.0000,480.00
202514,st0006,Seren,Lindsey,32.0000,736.00
202514,st0032,Chloe,Kelly,32.0000,960.00
202515,st0032,Chloe,Kelly,24.0000,720.00
202517,st0032,Chloe,Kelly,24.0000,720.00
202518,st0032,Chloe,Kelly,32.0000,960.00
202519,st0031,Daniel,Morris,16.0000,480.00
202520,st0005,Arran,Hodgson,24.0000,552.00
202522,st0001,Mindy,Sloan,16.0000,432.00
202523,st0031,Daniel,Morris,24.0000,720.00
202524,st0004,Faraz,Peck,32.0000,864.00
202526,st0001,Mindy,Sloan,16.0000,432.00
202527,st0031,Daniel,Morris,16.0000,480.00
202529,st0008,Zachery,Robins,24.0000,552.00
202531,st0009,Lily-Rose,Vaughn,40.0000,800.00
202533,st0007,Talha,Portillo,24.0000,552.00
202533,st0031,Daniel,Morris,16.0000,480.00
202534,st0009,Lily-Rose,Vaughn,32.0000,640.00
202534,st0031,Daniel,Morris,16.0000,480.00
202535,st0013,Matilda,McCarty,40.0000,800.00
202535,st0031,Daniel,Morris,24.0000,720.00
202537,st0031,Daniel,Morris,24.0000,720.00
202539,st0007,Talha,Portillo,24.0000,552.00
202540,st0032,Chloe,Kelly,24.0000,720.00
202542,st0003,Sana,Black,24.0000,648.00
202543,st0007,Talha,Portillo,24.0000,552.00
202307,st0020,Olivia,Reed,16.0000,272.00
202307,st0033,Isaac,Stone,8.0000,136.00
202308,st0034,Leah,Perry,8.0000,136.00
202309,st0004,Faraz,Peck,24.0000,648.00
202309,st0033,Isaac,Stone,8.0000,136.00
202310,st0008,Zachery,Robins,16.0000,368.00
202310,st0034,Leah,Perry,16.0000,272.00
202311,st0033,Isaac,Stone,16.0000,272.00
202312,st0033,Isaac,Stone,8.0000,136.00
202313,st0033,Isaac,Stone,16.0000,272.00
202314,st0004,Faraz,Peck,24.0000,648.00
202314,st0033,Isaac,Stone,16.0000,272.00
202315,st0008,Zachery,Robins,32.0000,736.00
202315,st0033,Isaac,Stone,16.0000,272.00
202316,st0005,Arran,Hodgson,16.0000,368.00
202316,st0034,Leah,Perry,8.0000,136.00
202317,st0002,Luqman,Cantu,24.0000,648.00
202317,st0033,Isaac,Stone,16.0000,272.00
202318,st0033,Isaac,Stone,16.0000,272.00
202319,st0003,Sana,Black,16.0000,432.00
202319,st0034,Leah,Perry,16.0000,272.00
202320,st0002,Luqman,Cantu,16.0000,432.00
202320,st0010,Desiree,Gardner,40.0000,800.00
202320,st0034,Leah,Perry,8.0000,136.00
202321,st0034,Leah,Perry,8.0000,136.00
202322,st0033,Isaac,Stone,16.0000,272.00
202323,st0012,Jonathan,Bradford,40.0000,800.00
202323,st0033,Isaac,Stone,16.0000,272.00
202324,st0034,Leah,Perry,8.0000,136.00
202325,st0003,Sana,Black,24.0000,648.00
202325,st0007,Talha,Portillo,24.0000,552.00
202325,st0013,Matilda,McCarty,32.0000,640.00
202325,st0033,Isaac,Stone,8.0000,136.00
202326,st0033,Isaac,Stone,8.0000,136.00
202327,st0034,Leah,Perry,8.0000,136.00
202328,st0006,Seren,Lindsey,40.0000,920.00
202328,st0033,Isaac,Stone,8.0000,136.00
202329,st0012,Jonathan,Bradford,32.0000,640.00
202329,st0034,Leah,Perry,8.0000,136.00
202330,st0033,Isaac,Stone,8.0000,136.00
202331,st0033,Isaac,Stone,16.0000,272.00
202332,st0013,Matilda,McCarty,32.0000,640.00
202332,st0034,Leah,Perry,16.0000,272.00
202333,st0006,Seren,Lindsey,32.0000,736.00
202333,st0009,Lily-Rose,Vaughn,32.0000,640.00
202333,st0033,Isaac,Stone,8.0000,136.00
202334,st0033,Isaac,Stone,16.0000,272.00
202335,st0033,Isaac,Stone,8.0000,136.00
202336,st0033,Isaac,Stone,16.0000,272.00
202337,st0033,Isaac,Stone,16.0000,272.00
202338,st0034,Leah,Perry,16.0000,272.00
202339,st0006,Seren,Lindsey,16.0000,368.00
202339,st0013,Matilda,McCarty,32.0000,640.00
202339,st0034,Leah,Perry,8.0000,136.00
202340,st0033,Isaac,Stone,16.0000,272.00
202341,st0007,Talha,Portillo,16.0000,368.00
202341,st0033,Isaac,Stone,16.0000,272.00
202342,st0034,Leah,Perry,8.0000,136.00
202343,st0033,Isaac,Stone,16.0000,272.00
202344,st0001,Mindy,Sloan,24.0000,648.00
202344,st0034,Leah,Perry,8.0000,136.00
202345,st0033,Isaac,Stone,8.0000,136.00
202346,st0034,Leah,Perry,16.0000,272.00
202347,st0034,Leah,Perry,8.0000,136.00
202348,st0006,Seren,Lindsey,24.0000,552.00
202348,st0033,Isaac,Stone,8.0000,136.00
202349,st0006,Seren,Lindsey,24.0000,552.00
202349,st0033,Isaac,Stone,8.0000,136.00
202350,st0003,Sana,Black,24.0000,648.00
202350,st0005,Arran,Hodgson,32.0000,736.00
202350,st0033,Isaac,Stone,16.0000,272.00
202351,st0002,Luqman,Cantu,32.0000,864.00
202351,st0034,Leah,Perry,16.0000,272.00
202352,st0033,Isaac,Stone,16.0000,272.00
202401,st0034,Leah,Perry,16.0000,272.00
202402,st0008,Zachery,Robins,24.0000,552.00
202402,st0033,Isaac,Stone,16.0000,272.00
202403,st0007,Talha,Portillo,16.0000,368.00
202403,st0033,Isaac,Stone,16.0000,272.00
202404,st0033,Isaac,Stone,8.0000,136.00
202405,st0003,Sana,Black,32.0000,864.00
202405,st0033,Isaac,Stone,16.0000,272.00
202406,st0033,Isaac,Stone,8.0000,136.00
202407,st0003,Sana,Black,24.0000,648.00
202407,st0008,Zachery,Robins,24.0000,552.00
202407,st0010,Desiree,Gardner,40.0000,800.00
202407,st0034,Leah,Perry,8.0000,136.00
202408,st0003,Sana,Black,8.0000,216.00
202408,st0034,Leah,Perry,16.0000,272.00
202409,st0002,Luqman,Cantu,8.0000,216.00
202409,st0033,Isaac,Stone,16.0000,272.00
202410,st0033,Isaac,Stone,16.0000,272.00
202411,st0034,Leah,Perry,16.0000,272.00
202412,st0034,Leah,Perry,8.0000,136.00
202413,st0033,Isaac,Stone,8.0000,136.00
202414,st0001,Mindy,Sloan,16.0000,432.00
202414,st0033,Isaac,Stone,8.0000,136.00
202415,st0033,Isaac,Stone,16.0000,272.00
202416,st0034,Leah,Perry,16.0000,272.00
202417,st0003,Sana,Black,40.0000,1080.00
202417,st0034,Leah,Perry,16.0000,272.00
202418,st0002,Luqman,Cantu,24.0000,648.00
202418,st0010,Desiree,Gardner,40.0000,800.00
202418,st0033,Isaac,Stone,16.0000,272.00
202419,st0004,Faraz,Peck,24.0000,648.00
202419,st0033,Isaac,Stone,8.0000,136.00
202420,st0006,Seren,Lindsey,24.0000,552.00
202420,st0033,Isaac,Stone,16.0000,272.00
202421,st0002,Luqman,Cantu,24.0000,648.00
202421,st0034,Leah,Perry,8.0000,136.00
202422,st0034,Leah,Perry,8.0000,136.00
202423,st0012,Jonathan,Bradford,32.0000,640.00
202423,st0034,Leah,Perry,8.0000,136.00
202424,st0033,Isaac,Stone,8.0000,136.00
202425,st0034,Leah,Perry,8.0000,136.00
202426,st0008,Zachery,Robins,24.0000,552.00
202426,st0033,Isaac,Stone,8.0000,136.00
202427,st0008,Zachery,Robins,8.0000,184.00
202427,st0033,Isaac,Stone,8.0000,136.00
202428,st0033,Isaac,Stone,16.0000,272.00
202429,st0001,Mindy,Sloan,32.0000,864.00
202429,st0034,Leah,Perry,16.0000,272.00
202430,st0033,Isaac,Stone,16.0000,272.00
202431,st0034,Leah,Perry,16.0000,272.00
202432,st0033,Isaac,Stone,8.0000,136.00
202433,st0001,Mindy,Sloan,32.0000,864.00
202433,st0033,Isaac,Stone,16.0000,272.00
202434,st0003,Sana,Black,24.0000,648.00
202434,st0010,Desiree,Gardner,32.0000,640.00
202434,st0034,Leah,Perry,16.0000,272.00
202435,st0010,Desiree,Gardner,40.0000,800.00
202435,st0034,Leah,Perry,16.0000,272.00
202436,st0006,Seren,Lindsey,16.0000,368.00
202436,st0033,Isaac,Stone,8.0000,136.00
202437,st0013,Matilda,McCarty,40.0000,800.00
202437,st0034,Leah,Perry,8.0000,136.00
202438,st0033,Isaac,Stone,16.0000,272.00
202439,st0033,Isaac,Stone,16.0000,272.00
202440,st0008,Zachery,Robins,24.0000,552.00
202440,st0034,Leah,Perry,8.0000,136.00
202441,st0007,Talha,Portillo,32.0000,736.00
202441,st0034,Leah,Perry,8.0000,136.00
202442,st0006,Seren,Lindsey,40.0000,920.00
202442,st0033,Isaac,Stone,8.0000,136.00
202443,st0034,Leah,Perry,16.0000,272.00
202444,st0007,Talha,Portillo,40.0000,920.00
202444,st0034,Leah,Perry,8.0000,136.00
202445,st0002,Luqman,Cantu,16.0000,432.00
202445,st0034,Leah,Perry,16.0000,272.00
202446,st0034,Leah,Perry,8.0000,136.00
202447,st0008,Zachery,Robins,16.0000,368.00
202447,st0033,Isaac,Stone,16.0000,272.00
202448,st0034,Leah,Perry,8.0000,136.00
202449,st0033,Isaac,Stone,8.0000,136.00
202450,st0006,Seren,Lindsey,40.0000,920.00
202450,st0034,Leah,Perry,8.0000,136.00
202451,st0002,Luqman,Cantu,24.0000,648.00
202451,st0034,Leah,Perry,16.0000,272.00
202452,st0005,Arran,Hodgson,8.0000,184.00
202452,st0033,Isaac,Stone,8.0000,136.00
202501,st0033,Isaac,Stone,16.0000,272.00
202502,st0004,Faraz,Peck,32.0000,864.00
202502,st0034,Leah,Perry,8.0000,136.00
202503,st0034,Leah,Perry,8.0000,136.00
202504,st0001,Mindy,Sloan,32.0000,864.00
202504,st0034,Leah,Perry,16.0000,272.00
202505,st0001,Mindy,Sloan,16.0000,432.00
202505,st0033,Isaac,Stone,16.0000,272.00
202506,st0001,Mindy,Sloan,40.0000,1080.00
202506,st0034,Leah,Perry,16.0000,272.00
202507,st0003,Sana,Black,32.0000,864.00
202507,st0033,Isaac,Stone,16.0000,272.00
202508,st0009,Lily-Rose,Vaughn,40.0000,800.00
202508,st0033,Isaac,Stone,16.0000,272.00
202509,st0001,Mindy,Sloan,16.0000,432.00
202509,st0034,Leah,Perry,8.0000,136.00
202510,st0034,Leah,Perry,8.0000,136.00
202511,st0034,Leah,Perry,8.0000,136.00
202512,st0005,Arran,Hodgson,24.0000,552.00
202512,st0034,Leah,Perry,8.0000,136.00
202513,st0033,Isaac,Stone,8.0000,136.00
202514,st0033,Isaac,Stone,16.0000,272.00
202515,st0033,Isaac,Stone,16.0000,272.00
202516,st0033,Isaac,Stone,8.0000,136.00
202517,st0004,Faraz,Peck,24.0000,648.00
202517,st0034,Leah,Perry,8.0000,136.00
202518,st0002,Luqman,Cantu,24.0000,648.00
202518,st0034,Leah,Perry,8.0000,136.00
202519,st0004,Faraz,Peck,24.0000,648.00
202519,st0034,Leah,Perry,16.0000,272.00
202520,st0034,Leah,Perry,8.0000,136.00
202521,st0033,Isaac,Stone,8.0000,136.00
202522,st0034,Leah,Perry,16.0000,272.00
202523,st0002,Luqman,Cantu,24.0000,648.00
202523,st0034,Leah,Perry,16.0000,272.00
202524,st0033,Isaac,Stone,8.0000,136.00
202525,st0004,Faraz,Peck,32.0000,864.00
202525,st0008,Zachery,Robins,24.0000,552.00
202525,st0033,Isaac,Stone,16.0000,272.00
202526,st0034,Leah,Perry,16.0000,272.00
202527,st0005,Arran,Hodgson,32.0000,736.00
202527,st0034,Leah,Perry,16.0000,272.00
202528,st0004,Faraz,Peck,16.0000,432.00
202528,st0009,Lily-Rose,Vaughn,40.0000,800.00
202528,st0033,Isaac,Stone,16.0000,272.00
202529,st0001,Mindy,Sloan,32.0000,864.00
202529,st0007,Talha,Portillo,24.0000,552.00
202529,st0034,Leah,Perry,16.0000,272.00
202530,st0034,Leah,Perry,16.0000,272.00
202531,st0003,Sana,Black,24.0000,648.00
202531,st0007,Talha,Portillo,40.0000,920.00
202531,st0034,Leah,Perry,16.0000,272.00
202532,st0001,Mindy,Sloan,32.0000,864.00
202532,st0034,Leah,Perry,16.0000,272.00
202533,st0033,Isaac,Stone,8.0000,136.00
202534,st0034,Leah,Perry,8.0000,136.00
202535,st0002,Luqman,Cantu,8.0000,216.00
202535,st0008,Zachery,Robins,24.0000,552.00
202535,st0033,Isaac,Stone,16.0000,272.00
202536,st0033,Isaac,Stone,16.0000,272.00
202537,st0007,Talha,Portillo,24.0000,552.00
202537,st0033,Isaac,Stone,8.0000,136.00
202538,st0007,Talha,Portillo,32.0000,736.00
202538,st0034,Leah,Perry,8.0000,136.00
202539,st0004,Faraz,Peck,32.0000,864.00
202539,st0033,Isaac,Stone,8.0000,136.00
202540,st0002,Luqman,Cantu,40.0000,1080.00
202540,st0008,Zachery,Robins,24.0000,552.00
202540,st0034,Leah,Perry,8.0000,136.00
202541,st0003,Sana,Black,16.0000,432.00
202541,st0033,Isaac,Stone,8.0000,136.00
202542,st0033,Isaac,Stone,16.0000,272.00
202543,st0034,Leah,Perry,8.0000,136.00
202307,st0002,Luqman,Cantu,8.0000,216.00
202315,st0006,Seren,Lindsey,8.0000,184.00
202316,st0002,Luqman,Cantu,24.0000,648.00
202318,st0004,Faraz,Peck,8.0000,216.00
202321,st0004,Faraz,Peck,16.0000,432.00
202322,st0006,Seren,Lindsey,24.0000,552.00
202323,st0032,Chloe,Kelly,24.0000,720.00
202324,st0032,Chloe,Kelly,16.0000,480.00
202325,st0031,Daniel,Morris,16.0000,480.00
202326,st0031,Daniel,Morris,24.0000,720.00
202333,st0004,Faraz,Peck,24.0000,648.00
202333,st0032,Chloe,Kelly,32.0000,960.00
202334,st0006,Seren,Lindsey,24.0000,552.00
202339,st0003,Sana,Black,16.0000,432.00
202340,st0004,Faraz,Peck,32.0000,864.00
202344,st0007,Talha,Portillo,16.0000,368.00
202347,st0003,Sana,Black,8.0000,216.00
202347,st0032,Chloe,Kelly,32.0000,960.00
202349,st0007,Talha,Portillo,24.0000,552.00
202350,st0032,Chloe,Kelly,16.0000,480.00
202403,st0002,Luqman,Cantu,8.0000,216.00
202404,st0006,Seren,Lindsey,32.0000,736.00
202406,st0006,Seren,Lindsey,24.0000,552.00
202409,st0008,Zachery,Robins,24.0000,552.00
202410,st0004,Faraz,Peck,24.0000,648.00
202412,st0004,Faraz,Peck,24.0000,648.00
202412,st0032,Chloe,Kelly,24.0000,720.00
202416,st0008,Zachery,Robins,24.0000,552.00
202423,st0008,Zachery,Robins,16.0000,368.00
202423,st0032,Chloe,Kelly,24.0000,720.00
202427,st0032,Chloe,Kelly,16.0000,480.00
202429,st0005,Arran,Hodgson,24.0000,552.00
202431,st0008,Zachery,Robins,32.0000,736.00
202433,st0005,Arran,Hodgson,16.0000,368.00
202433,st0031,Daniel,Morris,24.0000,720.00
202435,st0001,Mindy,Sloan,16.0000,432.00
202442,st0003,Sana,Black,8.0000,216.00
202443,st0007,Talha,Portillo,16.0000,368.00
202445,st0007,Talha,Portillo,16.0000,368.00
202447,st0004,Faraz,Peck,8.0000,216.00
202448,st0006,Seren,Lindsey,32.0000,736.00
202449,st0003,Sana,Black,16.0000,432.00
202449,st0008,Zachery,Robins,32.0000,736.00
202450,st0002,Luqman,Cantu,8.0000,216.00
202452,st0001,Mindy,Sloan,8.0000,216.00
202505,st0008,Zachery,Robins,24.0000,552.00
202510,st0006,Seren,Lindsey,24.0000,552.00
202511,st0003,Sana,Black,24.0000,648.00
202516,st0008,Zachery,Robins,16.0000,368.00
202517,st0006,Seren,Lindsey,24.0000,552.00
202521,st0001,Mindy,Sloan,16.0000,432.00
202521,st0032,Chloe,Kelly,32.0000,960.00
202523,st0003,Sana,Black,16.0000,432.00
202523,st0005,Arran,Hodgson,24.0000,552.00
202527,st0004,Faraz,Peck,16.0000,432.00
202528,st0006,Seren,Lindsey,16.0000,368.00
202529,st0031,Daniel,Morris,16.0000,480.00
202530,st0032,Chloe,Kelly,24.0000,720.00
202531,st0031,Daniel,Morris,16.0000,480.00
202532,st0032,Chloe,Kelly,24.0000,720.00
202533,st0008,Zachery,Robins,16.0000,368.00
202539,st0031,Daniel,Morris,16.0000,480.00
202542,st0005,Arran,Hodgson,16.0000,368.00
202310,st0005,Arran,Hodgson,24.0000,552.00
202315,st0001,Mindy,Sloan,32.0000,864.00
202319,st0008,Zachery,Robins,16.0000,368.00
202332,st0004,Faraz,Peck,16.0000,432.00
202332,st0006,Seren,Lindsey,16.0000,368.00
202336,st0005,Arran,Hodgson,8.0000,184.00
202345,st0004,Faraz,Peck,16.0000,432.00
202347,st0008,Zachery,Robins,16.0000,368.00
202350,st0006,Seren,Lindsey,16.0000,368.00
202401,st0006,Seren,Lindsey,16.0000,368.00
202402,st0005,Arran,Hodgson,24.0000,552.00
202407,st0004,Faraz,Peck,32.0000,864.00
202407,st0007,Talha,Portillo,16.0000,368.00
202413,st0004,Faraz,Peck,16.0000,432.00
202415,st0007,Talha,Portillo,24.0000,552.00
202419,st0003,Sana,Black,16.0000,432.00
202425,st0006,Seren,Lindsey,8.0000,184.00
202431,st0004,Faraz,Peck,24.0000,648.00
202440,st0007,Talha,Portillo,16.0000,368.00
202442,st0004,Faraz,Peck,24.0000,648.00
202446,st0006,Seren,Lindsey,16.0000,368.00
202447,st0005,Arran,Hodgson,24.0000,552.00
202448,st0001,Mindy,Sloan,16.0000,432.00
202449,st0002,Luqman,Cantu,16.0000,432.00
202451,st0006,Seren,Lindsey,24.0000,552.00
202501,st0005,Arran,Hodgson,8.0000,184.00
202502,st0007,Talha,Portillo,16.0000,368.00
202508,st0001,Mindy,Sloan,16.0000,432.00
202516,st0001,Mindy,Sloan,8.0000,216.00
202516,st0005,Arran,Hodgson,16.0000,368.00
202526,st0008,Zachery,Robins,16.0000,368.00
202531,st0004,Faraz,Peck,16.0000,432.00
202532,st0008,Zachery,Robins,24.0000,552.00
202534,st0006,Seren,Lindsey,16.0000,368.00
202536,st0002,Luqman,Cantu,16.0000,432.00
202536,st0005,Arran,Hodgson,16.0000,368.00
202308,st0014,Areeb,Vasquez,24.0000,408.00
202308,st0020,Olivia,Reed,24.0000,408.00
202308,st0023,Noah,Hayes,24.0000,408.00
202308,st0027,Lucas,Price,24.0000,432.00
202308,st0029,Jayden,Cruz,24.0000,432.00
202308,st0028,Maya,Griffin,24.0000,432.00
202309,st0026,Zoe,Simmons,24.0000,432.00
202309,st0028,Maya,Griffin,24.0000,432.00
202309,st0029,Jayden,Cruz,24.0000,432.00
202310,st0014,Areeb,Vasquez,24.0000,408.00
202310,st0021,Liam,Turner,24.0000,408.00
202310,st0025,Ryan,Foster,24.0000,432.00
202310,st0026,Zoe,Simmons,24.0000,432.00
202310,st0028,Maya,Griffin,24.0000,432.00
202311,st0017,Nadia,Khan,24.0000,408.00
202311,st0019,Ethan,Cole,24.0000,408.00
202311,st0028,Maya,Griffin,24.0000,432.00
202311,st0025,Ryan,Foster,24.0000,432.00
202311,st0029,Jayden,Cruz,24.0000,432.00
202312,st0016,Amrit,Greaves,24.0000,408.00
202312,st0019,Ethan,Cole,24.0000,408.00
202312,st0024,Sophia,Bennett,24.0000,408.00
202312,st0025,Ryan,Foster,24.0000,432.00
202312,st0029,Jayden,Cruz,24.0000,432.00
202312,st0030,Hannah,Ward,24.0000,432.00
202313,st0008,Zachery,Robins,16.0000,368.00
202313,st0018,Omar,Sheikh,24.0000,408.00
202313,st0016,Amrit,Greaves,24.0000,408.00
202313,st0024,Sophia,Bennett,24.0000,408.00
202313,st0028,Maya,Griffin,24.0000,432.00
202313,st0027,Lucas,Price,24.0000,432.00
202313,st0029,Jayden,Cruz,24.0000,432.00
202314,st0015,Amiyah,Lambert,24.0000,408.00
202314,st0027,Lucas,Price,24.0000,432.00
202314,st0029,Jayden,Cruz,24.0000,432.00
202314,st0025,Ryan,Foster,24.0000,432.00
202315,st0003,Sana,Black,16.0000,432.00
202315,st0017,Nadia,Khan,24.0000,408.00
202315,st0015,Amiyah,Lambert,24.0000,408.00
202315,st0022,Ava,Brooks,24.0000,408.00
202315,st0028,Maya,Griffin,24.0000,432.00
202315,st0025,Ryan,Foster,24.0000,432.00
202315,st0029,Jayden,Cruz,24.0000,432.00
202316,st0014,Areeb,Vasquez,24.0000,408.00
202316,st0021,Liam,Turner,24.0000,408.00
202316,st0023,Noah,Hayes,24.0000,408.00
202316,st0028,Maya,Griffin,24.0000,432.00
202316,st0030,Hannah,Ward,24.0000,432.00
202316,st0026,Zoe,Simmons,24.0000,432.00
202317,st0003,Sana,Black,16.0000,432.00
202317,st0014,Areeb,Vasquez,24.0000,408.00
202317,st0017,Nadia,Khan,24.0000,408.00
202317,st0028,Maya,Griffin,24.0000,432.00
202317,st0029,Jayden,Cruz,24.0000,432.00
202317,st0027,Lucas,Price,24.0000,432.00
202318,st0016,Amrit,Greaves,24.0000,408.00
202318,st0015,Amiyah,Lambert,24.0000,408.00
202318,st0019,Ethan,Cole,24.0000,408.00
202318,st0029,Jayden,Cruz,24.0000,432.00
202318,st0026,Zoe,Simmons,24.0000,432.00
202318,st0027,Lucas,Price,24.0000,432.00
202319,st0015,Amiyah,Lambert,24.0000,408.00
202319,st0026,Zoe,Simmons,24.0000,432.00
202319,st0028,Maya,Griffin,24.0000,432.00
202319,st0027,Lucas,Price,24.0000,432.00
202320,st0008,Zachery,Robins,8.0000,184.00
202320,st0017,Nadia,Khan,24.0000,408.00
202320,st0024,Sophia,Bennett,24.0000,408.00
202320,st0030,Hannah,Ward,24.0000,432.00
202320,st0027,Lucas,Price,24.0000,432.00
202320,st0025,Ryan,Foster,24.0000,432.00
202321,st0006,Seren,Lindsey,8.0000,184.00
202321,st0018,Omar,Sheikh,24.0000,408.00
202321,st0020,Olivia,Reed,24.0000,408.00
202321,st0023,Noah,Hayes,24.0000,408.00
202321,st0027,Lucas,Price,24.0000,432.00
202321,st0028,Maya,Griffin,24.0000,432.00
202321,st0030,Hannah,Ward,24.0000,432.00
202322,st0014,Areeb,Vasquez,24.0000,408.00
202322,st0019,Ethan,Cole,24.0000,408.00
202322,st0028,Maya,Griffin,24.0000,432.00
202322,st0030,Hannah,Ward,24.0000,432.00
202322,st0025,Ryan,Foster,24.0000,432.00
202323,st0015,Amiyah,Lambert,24.0000,408.00
202323,st0021,Liam,Turner,24.0000,408.00
202323,st0027,Lucas,Price,24.0000,432.00
202323,st0025,Ryan,Foster,24.0000,432.00
202323,st0030,Hannah,Ward,24.0000,432.00
202324,st0015,Amiyah,Lambert,24.0000,408.00
202324,st0016,Amrit,Greaves,24.0000,408.00
202324,st0023,Noah,Hayes,24.0000,408.00
202324,st0020,Olivia,Reed,24.0000,408.00
202324,st0028,Maya,Griffin,24.0000,432.00
202324,st0030,Hannah,Ward,24.0000,432.00
202324,st0025,Ryan,Foster,24.0000,432.00
202325,st0017,Nadia,Khan,24.0000,408.00
202325,st0028,Maya,Griffin,24.0000,432.00
202325,st0030,Hannah,Ward,24.0000,432.00
202325,st0027,Lucas,Price,24.0000,432.00
202326,st0014,Areeb,Vasquez,24.0000,408.00
202326,st0017,Nadia,Khan,24.0000,408.00
202326,st0019,Ethan,Cole,24.0000,408.00
202326,st0020,Olivia,Reed,24.0000,408.00
202326,st0030,Hannah,Ward,24.0000,432.00
202326,st0029,Jayden,Cruz,24.0000,432.00
202326,st0026,Zoe,Simmons,24.0000,432.00
202327,st0015,Amiyah,Lambert,24.0000,408.00
202327,st0025,Ryan,Foster,24.0000,432.00
202327,st0029,Jayden,Cruz,24.0000,432.00
202327,st0027,Lucas,Price,24.0000,432.00
202328,st0017,Nadia,Khan,24.0000,408.00
202328,st0016,Amrit,Greaves,24.0000,408.00
202328,st0024,Sophia,Bennett,24.0000,408.00
202328,st0021,Liam,Turner,24.0000,408.00
202328,st0026,Zoe,Simmons,24.0000,432.00
202328,st0027,Lucas,Price,24.0000,432.00
202328,st0028,Maya,Griffin,24.0000,432.00
202329,st0016,Amrit,Greaves,24.0000,408.00
202329,st0022,Ava,Brooks,24.0000,408.00
202329,st0029,Jayden,Cruz,24.0000,432.00
202329,st0025,Ryan,Foster,24.0000,432.00
202329,st0030,Hannah,Ward,24.0000,432.00
202329,st0032,Chloe,Kelly,24.0000,720.00
202330,st0002,Luqman,Cantu,16.0000,432.00
202330,st0016,Amrit,Greaves,24.0000,408.00
202330,st0023,Noah,Hayes,24.0000,408.00
202330,st0029,Jayden,Cruz,24.0000,432.00
202330,st0026,Zoe,Simmons,24.0000,432.00
202330,st0030,Hannah,Ward,24.0000,432.00
202331,st0018,Omar,Sheikh,24.0000,408.00
202331,st0023,Noah,Hayes,24.0000,408.00
202331,st0027,Lucas,Price,24.0000,432.00
202331,st0030,Hannah,Ward,24.0000,432.00
202331,st0026,Zoe,Simmons,24.0000,432.00
202332,st0018,Omar,Sheikh,24.0000,408.00
202332,st0028,Maya,Griffin,24.0000,432.00
202332,st0025,Ryan,Foster,24.0000,432.00
202332,st0027,Lucas,Price,24.0000,432.00
202333,st0016,Amrit,Greaves,24.0000,408.00
202333,st0017,Nadia,Khan,24.0000,408.00
202333,st0024,Sophia,Bennett,24.0000,408.00
202333,st0025,Ryan,Foster,24.0000,432.00
202333,st0029,Jayden,Cruz,24.0000,432.00
202333,st0027,Lucas,Price,24.0000,432.00
202334,st0015,Amiyah,Lambert,24.0000,408.00
202334,st0016,Amrit,Greaves,24.0000,408.00
202334,st0025,Ryan,Foster,24.0000,432.00
202334,st0028,Maya,Griffin,24.0000,432.00
202334,st0027,Lucas,Price,24.0000,432.00
202335,st0018,Omar,Sheikh,24.0000,408.00
202335,st0023,Noah,Hayes,24.0000,408.00
202335,st0026,Zoe,Simmons,24.0000,432.00
202335,st0027,Lucas,Price,24.0000,432.00
202335,st0029,Jayden,Cruz,24.0000,432.00
202336,st0004,Faraz,Peck,16.0000,432.00
202336,st0015,Amiyah,Lambert,24.0000,408.00
202336,st0020,Olivia,Reed,24.0000,408.00
202336,st0022,Ava,Brooks,24.0000,408.00
202336,st0030,Hannah,Ward,24.0000,432.00
202336,st0025,Ryan,Foster,24.0000,432.00
202336,st0026,Zoe,Simmons,24.0000,432.00
202337,st0015,Amiyah,Lambert,24.0000,408.00
202337,st0017,Nadia,Khan,24.0000,408.00
202337,st0027,Lucas,Price,24.0000,432.00
202337,st0028,Maya,Griffin,24.0000,432.00
202337,st0025,Ryan,Foster,24.0000,432.00
202338,st0017,Nadia,Khan,24.0000,408.00
202338,st0015,Amiyah,Lambert,24.0000,408.00
202338,st0026,Zoe,Simmons,24.0000,432.00
202338,st0028,Maya,Griffin,24.0000,432.00
202338,st0030,Hannah,Ward,24.0000,432.00
202339,st0014,Areeb,Vasquez,24.0000,408.00
202339,st0017,Nadia,Khan,24.0000,408.00
202339,st0021,Liam,Turner,24.0000,408.00
202339,st0027,Lucas,Price,24.0000,432.00
202339,st0026,Zoe,Simmons,24.0000,432.00
202339,st0028,Maya,Griffin,24.0000,432.00
202340,st0016,Amrit,Greaves,24.0000,408.00
202340,st0015,Amiyah,Lambert,24.0000,408.00
202340,st0030,Hannah,Ward,24.0000,432.00
202340,st0026,Zoe,Simmons,24.0000,432.00
202340,st0025,Ryan,Foster,24.0000,432.00
202341,st0014,Areeb,Vasquez,24.0000,408.00
202341,st0018,Omar,Sheikh,24.0000,408.00
202341,st0023,Noah,Hayes,24.0000,408.00
202341,st0030,Hannah,Ward,24.0000,432.00
202341,st0028,Maya,Griffin,24.0000,432.00
202341,st0025,Ryan,Foster,24.0000,432.00
202342,st0017,Nadia,Khan,24.0000,408.00
202342,st0021,Liam,Turner,24.0000,408.00
202342,st0029,Jayden,Cruz,24.0000,432.00
202342,st0026,Zoe,Simmons,24.0000,432.00
202342,st0025,Ryan,Foster,24.0000,432.00
202343,st0018,Omar,Sheikh,24.0000,408.00
202343,st0023,Noah,Hayes,24.0000,408.00
202343,st0022,Ava,Brooks,24.0000,408.00
202343,st0030,Hannah,Ward,24.0000,432.00
202343,st0029,Jayden,Cruz,24.0000,432.00
202343,st0025,Ryan,Foster,24.0000,432.00
202344,st0028,Maya,Griffin,24.0000,432.00
202344,st0029,Jayden,Cruz,24.0000,432.00
202344,st0030,Hannah,Ward,24.0000,432.00
202345,st0014,Areeb,Vasquez,24.0000,408.00
202345,st0024,Sophia,Bennett,24.0000,408.00
202345,st0030,Hannah,Ward,24.0000,432.00
202345,st0027,Lucas,Price,24.0000,432.00
202345,st0025,Ryan,Foster,24.0000,432.00
202346,st0017,Nadia,Khan,24.0000,408.00
202346,st0022,Ava,Brooks,24.0000,408.00
202346,st0030,Hannah,Ward,24.0000,432.00
202346,st0025,Ryan,Foster,24.0000,432.00
202346,st0028,Maya,Griffin,24.0000,432.00
202347,st0014,Areeb,Vasquez,24.0000,408.00
202347,st0030,Hannah,Ward,24.0000,432.00
202347,st0028,Maya,Griffin,24.0000,432.00
202347,st0026,Zoe,Simmons,24.0000,432.00
202348,st0001,Mindy,Sloan,16.0000,432.00
202348,st0017,Nadia,Khan,24.0000,408.00
202348,st0014,Areeb,Vasquez,24.0000,408.00
202348,st0019,Ethan,Cole,24.0000,408.00
202348,st0030,Hannah,Ward,24.0000,432.00
202348,st0028,Maya,Griffin,24.0000,432.00
202348,st0025,Ryan,Foster,24.0000,432.00
202349,st0017,Nadia,Khan,24.0000,408.00
202349,st0021,Liam,Turner,24.0000,408.00
202349,st0027,Lucas,Price,24.0000,432.00
202349,st0028,Maya,Griffin,24.0000,432.00
202349,st0026,Zoe,Simmons,24.0000,432.00
202350,st0015,Amiyah,Lambert,24.0000,408.00
202350,st0019,Ethan,Cole,24.0000,408.00
202350,st0028,Maya,Griffin,24.0000,432.00
202350,st0025,Ryan,Foster,24.0000,432.00
202350,st0030,Hannah,Ward,24.0000,432.00
202351,st0019,Ethan,Cole,24.0000,408.00
202351,st0025,Ryan,Foster,24.0000,432.00
202351,st0028,Maya,Griffin,24.0000,432.00
202351,st0030,Hannah,Ward,24.0000,432.00
202352,st0018,Omar,Sheikh,24.0000,408.00
202352,st0016,Amrit,Greaves,24.0000,408.00
202352,st0023,Noah,Hayes,24.0000,408.00
202352,st0029,Jayden,Cruz,24.0000,432.00
202352,st0028,Maya,Griffin,24.0000,432.00
202352,st0027,Lucas,Price,24.0000,432.00
202401,st0029,Jayden,Cruz,24.0000,432.00
202401,st0025,Ryan,Foster,24.0000,432.00
202401,st0028,Maya,Griffin,24.0000,432.00
202402,st0018,Omar,Sheikh,24.0000,408.00
202402,st0016,Amrit,Greaves,24.0000,408.00
202402,st0023,Noah,Hayes,24.0000,408.00
202402,st0029,Jayden,Cruz,24.0000,432.00
202402,st0025,Ryan,Foster,24.0000,432.00
202402,st0026,Zoe,Simmons,24.0000,432.00
202403,st0017,Nadia,Khan,24.0000,408.00
202403,st0023,Noah,Hayes,24.0000,408.00
202403,st0027,Lucas,Price,24.0000,432.00
202403,st0030,Hannah,Ward,24.0000,432.00
202403,st0028,Maya,Griffin,24.0000,432.00
202404,st0016,Amrit,Greaves,24.0000,408.00
202404,st0018,Omar,Sheikh,24.0000,408.00
202404,st0021,Liam,Turner,24.0000,408.00
202404,st0028,Maya,Griffin,24.0000,432.00
202404,st0025,Ryan,Foster,24.0000,432.00
202404,st0026,Zoe,Simmons,24.0000,432.00
202405,st0016,Amrit,Greaves,24.0000,408.00
202405,st0026,Zoe,Simmons,24.0000,432.00
202405,st0030,Hannah,Ward,24.0000,432.00
202405,st0028,Maya,Griffin,24.0000,432.00
202406,st0024,Sophia,Bennett,24.0000,408.00
202406,st0028,Maya,Griffin,24.0000,432.00
202406,st0030,Hannah,Ward,24.0000,432.00
202406,st0029,Jayden,Cruz,24.0000,432.00
202407,st0014,Areeb,Vasquez,24.0000,408.00
202407,st0029,Jayden,Cruz,24.0000,432.00
202407,st0030,Hannah,Ward,24.0000,432.00
202407,st0025,Ryan,Foster,24.0000,432.00
202408,st0016,Amrit,Greaves,24.0000,408.00
202408,st0021,Liam,Turner,24.0000,408.00
202408,st0028,Maya,Griffin,24.0000,432.00
202408,st0027,Lucas,Price,24.0000,432.00
202408,st0030,Hannah,Ward,24.0000,432.00
202409,st0018,Omar,Sheikh,24.0000,408.00
202409,st0022,Ava,Brooks,24.0000,408.00
202409,st0030,Hannah,Ward,24.0000,432.00
202409,st0029,Jayden,Cruz,24.0000,432.00
202409,st0026,Zoe,Simmons,24.0000,432.00
202410,st0014,Areeb,Vasquez,24.0000,408.00
202410,st0027,Lucas,Price,24.0000,432.00
202410,st0025,Ryan,Foster,24.0000,432.00
202410,st0028,Maya,Griffin,24.0000,432.00
202411,st0017,Nadia,Khan,24.0000,408.00
202411,st0024,Sophia,Bennett,24.0000,408.00
202411,st0019,Ethan,Cole,24.0000,408.00
202411,st0025,Ryan,Foster,24.0000,432.00
202411,st0027,Lucas,Price,24.0000,432.00
202411,st0030,Hannah,Ward,24.0000,432.00
202412,st0015,Amiyah,Lambert,24.0000,408.00
202412,st0017,Nadia,Khan,24.0000,408.00
202412,st0024,Sophia,Bennett,24.0000,408.00
202412,st0030,Hannah,Ward,24.0000,432.00
202412,st0027,Lucas,Price,24.0000,432.00
202412,st0029,Jayden,Cruz,24.0000,432.00
202413,st0018,Omar,Sheikh,24.0000,408.00
202413,st0024,Sophia,Bennett,24.0000,408.00
202413,st0023,Noah,Hayes,24.0000,408.00
202413,st0028,Maya,Griffin,24.0000,432.00
202413,st0026,Zoe,Simmons,24.0000,432.00
202413,st0030,Hannah,Ward,24.0000,432.00
202414,st0016,Amrit,Greaves,24.0000,408.00
202414,st0018,Omar,Sheikh,24.0000,408.00
202414,st0025,Ryan,Foster,24.0000,432.00
202414,st0029,Jayden,Cruz,24.0000,432.00
202414,st0028,Maya,Griffin,24.0000,432.00
202414,st0032,Chloe,Kelly,16.0000,480.00
202415,st0004,Faraz,Peck,16.0000,432.00
202415,st0014,Areeb,Vasquez,24.0000,408.00
202415,st0024,Sophia,Bennett,24.0000,408.00
202415,st0026,Zoe,Simmons,24.0000,432.00
202415,st0030,Hannah,Ward,24.0000,432.00
202415,st0025,Ryan,Foster,24.0000,432.00
202416,st0018,Omar,Sheikh,24.0000,408.00
202416,st0024,Sophia,Bennett,24.0000,408.00
202416,st0021,Liam,Turner,24.0000,408.00
202416,st0026,Zoe,Simmons,24.0000,432.00
202416,st0028,Maya,Griffin,24.0000,432.00
202416,st0029,Jayden,Cruz,24.0000,432.00
202417,st0018,Omar,Sheikh,24.0000,408.00
202417,st0014,Areeb,Vasquez,24.0000,408.00
202417,st0024,Sophia,Bennett,24.0000,408.00
202417,st0023,Noah,Hayes,24.0000,408.00
202417,st0026,Zoe,Simmons,24.0000,432.00
202417,st0027,Lucas,Price,24.0000,432.00
202417,st0025,Ryan,Foster,24.0000,432.00
202418,st0014,Areeb,Vasquez,24.0000,408.00
202418,st0030,Hannah,Ward,24.0000,432.00
202418,st0028,Maya,Griffin,24.0000,432.00
202418,st0027,Lucas,Price,24.0000,432.00
202419,st0016,Amrit,Greaves,24.0000,408.00
202419,st0015,Amiyah,Lambert,24.0000,408.00
202419,st0029,Jayden,Cruz,24.0000,432.00
202419,st0030,Hannah,Ward,24.0000,432.00
202419,st0026,Zoe,Simmons,24.0000,432.00
202420,st0014,Areeb,Vasquez,24.0000,408.00
202420,st0024,Sophia,Bennett,24.0000,408.00
202420,st0021,Liam,Turner,24.0000,408.00
202420,st0026,Zoe,Simmons,24.0000,432.00
202420,st0025,Ryan,Foster,24.0000,432.00
202420,st0030,Hannah,Ward,24.0000,432.00
202421,st0004,Faraz,Peck,24.0000,648.00
202421,st0016,Amrit,Greaves,24.0000,408.00
202421,st0023,Noah,Hayes,24.0000,408.00
202421,st0028,Maya,Griffin,24.0000,432.00
202421,st0029,Jayden,Cruz,24.0000,432.00
202421,st0025,Ryan,Foster,24.0000,432.00
202422,st0005,Arran,Hodgson,16.0000,368.00
202422,st0014,Areeb,Vasquez,24.0000,408.00
202422,st0023,Noah,Hayes,24.0000,408.00
202422,st0025,Ryan,Foster,24.0000,432.00
202422,st0027,Lucas,Price,24.0000,432.00
202422,st0029,Jayden,Cruz,24.0000,432.00
202423,st0014,Areeb,Vasquez,24.0000,408.00
202423,st0015,Amiyah,Lambert,24.0000,408.00
202423,st0027,Lucas,Price,24.0000,432.00
202423,st0025,Ryan,Foster,24.0000,432.00
202423,st0030,Hannah,Ward,24.0000,432.00
202424,st0017,Nadia,Khan,24.0000,408.00
202424,st0019,Ethan,Cole,24.0000,408.00
202424,st0022,Ava,Brooks,24.0000,408.00
202424,st0030,Hannah,Ward,24.0000,432.00
202424,st0027,Lucas,Price,24.0000,432.00
202424,st0026,Zoe,Simmons,24.0000,432.00
202425,st0014,Areeb,Vasquez,24.0000,408.00
202425,st0024,Sophia,Bennett,24.0000,408.00
202425,st0027,Lucas,Price,24.0000,432.00
202425,st0028,Maya,Griffin,24.0000,432.00
202425,st0029,Jayden,Cruz,24.0000,432.00
202426,st0019,Ethan,Cole,24.0000,408.00
202426,st0029,Jayden,Cruz,24.0000,432.00
202426,st0027,Lucas,Price,24.0000,432.00
202426,st0026,Zoe,Simmons,24.0000,432.00
202427,st0015,Amiyah,Lambert,24.0000,408.00
202427,st0021,Liam,Turner,24.0000,408.00
202427,st0028,Maya,Griffin,24.0000,432.00
202427,st0025,Ryan,Foster,24.0000,432.00
202427,st0029,Jayden,Cruz,24.0000,432.00
202428,st0018,Omar,Sheikh,24.0000,408.00
202428,st0019,Ethan,Cole,24.0000,408.00
202428,st0021,Liam,Turner,24.0000,408.00
202428,st0028,Maya,Griffin,24.0000,432.00
202428,st0029,Jayden,Cruz,24.0000,432.00
202428,st0027,Lucas,Price,24.0000,432.00
202429,st0016,Amrit,Greaves,24.0000,408.00
202429,st0018,Omar,Sheikh,24.0000,408.00
202429,st0028,Maya,Griffin,24.0000,432.00
202429,st0029,Jayden,Cruz,24.0000,432.00
202429,st0030,Hannah,Ward,24.0000,432.00
202430,st0018,Omar,Sheikh,24.0000,408.00
202430,st0015,Amiyah,Lambert,24.0000,408.00
202430,st0029,Jayden,Cruz,24.0000,432.00
202430,st0028,Maya,Griffin,24.0000,432.00
202430,st0025,Ryan,Foster,24.0000,432.00
202431,st0014,Areeb,Vasquez,24.0000,408.00
202431,st0019,Ethan,Cole,24.0000,408.00
202431,st0028,Maya,Griffin,24.0000,432.00
202431,st0027,Lucas,Price,24.0000,432.00
202431,st0029,Jayden,Cruz,24.0000,432.00
202432,st0004,Faraz,Peck,8.0000,216.00
202432,st0005,Arran,Hodgson,24.0000,552.00
202432,st0018,Omar,Sheikh,24.0000,408.00
202432,st0015,Amiyah,Lambert,24.0000,408.00
202432,st0030,Hannah,Ward,24.0000,432.00
202432,st0027,Lucas,Price,24.0000,432.00
202432,st0025,Ryan,Foster,24.0000,432.00
202433,st0016,Amrit,Greaves,24.0000,408.00
202433,st0020,Olivia,Reed,24.0000,408.00
202433,st0030,Hannah,Ward,24.0000,432.00
202433,st0026,Zoe,Simmons,24.0000,432.00
202433,st0028,Maya,Griffin,24.0000,432.00
202434,st0014,Areeb,Vasquez,24.0000,408.00
202434,st0023,Noah,Hayes,24.0000,408.00
202434,st0027,Lucas,Price,24.0000,432.00
202434,st0026,Zoe,Simmons,24.0000,432.00
202434,st0030,Hannah,Ward,24.0000,432.00
202435,st0007,Talha,Portillo,8.0000,184.00
202435,st0015,Amiyah,Lambert,24.0000,408.00
202435,st0019,Ethan,Cole,24.0000,408.00
202435,st0030,Hannah,Ward,24.0000,432.00
202435,st0025,Ryan,Foster,24.0000,432.00
202435,st0026,Zoe,Simmons,24.0000,432.00
202436,st0018,Omar,Sheikh,24.0000,408.00
202436,st0028,Maya,Griffin,24.0000,432.00
202436,st0025,Ryan,Foster,24.0000,432.00
202436,st0026,Zoe,Simmons,24.0000,432.00
202436,st0032,Chloe,Kelly,16.0000,480.00
202437,st0015,Amiyah,Lambert,24.0000,408.00
202437,st0017,Nadia,Khan,24.0000,408.00
202437,st0022,Ava,Brooks,24.0000,408.00
202437,st0030,Hannah,Ward,24.0000,432.00
202437,st0029,Jayden,Cruz,24.0000,432.00
202437,st0028,Maya,Griffin,24.0000,432.00
202438,st0017,Nadia,Khan,24.0000,408.00
202438,st0014,Areeb,Vasquez,24.0000,408.00
202438,st0024,Sophia,Bennett,24.0000,408.00
202438,st0027,Lucas,Price,24.0000,432.00
202438,st0029,Jayden,Cruz,24.0000,432.00
202438,st0025,Ryan,Foster,24.0000,432.00
202439,st0017,Nadia,Khan,24.0000,408.00
202439,st0021,Liam,Turner,24.0000,408.00
202439,st0028,Maya,Griffin,24.0000,432.00
202439,st0026,Zoe,Simmons,24.0000,432.00
202439,st0025,Ryan,Foster,24.0000,432.00
202440,st0016,Amrit,Greaves,24.0000,408.00
202440,st0014,Areeb,Vasquez,24.0000,408.00
202440,st0021,Liam,Turner,24.0000,408.00
202440,st0020,Olivia,Reed,24.0000,408.00
202440,st0027,Lucas,Price,24.0000,432.00
202440,st0030,Hannah,Ward,24.0000,432.00
202440,st0025,Ryan,Foster,24.0000,432.00
202441,st0015,Amiyah,Lambert,24.0000,408.00
202441,st0024,Sophia,Bennett,24.0000,408.00
202441,st0028,Maya,Griffin,24.0000,432.00
202441,st0030,Hannah,Ward,24.0000,432.00
202441,st0027,Lucas,Price,24.0000,432.00
202442,st0016,Amrit,Greaves,24.0000,408.00
202442,st0018,Omar,Sheikh,24.0000,408.00
202442,st0029,Jayden,Cruz,24.0000,432.00
202442,st0030,Hannah,Ward,24.0000,432.00
202442,st0027,Lucas,Price,24.0000,432.00
202443,st0018,Omar,Sheikh,24.0000,408.00
202443,st0014,Areeb,Vasquez,24.0000,408.00
202443,st0022,Ava,Brooks,24.0000,408.00
202443,st0025,Ryan,Foster,24.0000,432.00
202443,st0027,Lucas,Price,24.0000,432.00
202443,st0028,Maya,Griffin,24.0000,432.00
202444,st0017,Nadia,Khan,24.0000,408.00
202444,st0014,Areeb,Vasquez,24.0000,408.00
202444,st0020,Olivia,Reed,24.0000,408.00
202444,st0025,Ryan,Foster,24.0000,432.00
202444,st0030,Hannah,Ward,24.0000,432.00
202444,st0027,Lucas,Price,24.0000,432.00
202445,st0015,Amiyah,Lambert,24.0000,408.00
202445,st0017,Nadia,Khan,24.0000,408.00
202445,st0023,Noah,Hayes,24.0000,408.00
202445,st0027,Lucas,Price,24.0000,432.00
202445,st0030,Hannah,Ward,24.0000,432.00
202445,st0028,Maya,Griffin,24.0000,432.00
202446,st0015,Amiyah,Lambert,24.0000,408.00
202446,st0019,Ethan,Cole,24.0000,408.00
202446,st0026,Zoe,Simmons,24.0000,432.00
202446,st0025,Ryan,Foster,24.0000,432.00
202446,st0030,Hannah,Ward,24.0000,432.00
202447,st0016,Amrit,Greaves,24.0000,408.00
202447,st0021,Liam,Turner,24.0000,408.00
202447,st0022,Ava,Brooks,24.0000,408.00
202447,st0030,Hannah,Ward,24.0000,432.00
202447,st0026,Zoe,Simmons,24.0000,432.00
202447,st0027,Lucas,Price,24.0000,432.00
202448,st0016,Amrit,Greaves,24.0000,408.00
202448,st0019,Ethan,Cole,24.0000,408.00
202448,st0025,Ryan,Foster,24.0000,432.00
202448,st0029,Jayden,Cruz,24.0000,432.00
202448,st0028,Maya,Griffin,24.0000,432.00
202449,st0017,Nadia,Khan,24.0000,408.00
202449,st0018,Omar,Sheikh,24.0000,408.00
202449,st0023,Noah,Hayes,24.0000,408.00
202449,st0029,Jayden,Cruz,24.0000,432.00
202449,st0030,Hannah,Ward,24.0000,432.00
202449,st0026,Zoe,Simmons,24.0000,432.00
202450,st0018,Omar,Sheikh,24.0000,408.00
202450,st0014,Areeb,Vasquez,24.0000,408.00
202450,st0025,Ryan,Foster,24.0000,432.00
202450,st0028,Maya,Griffin,24.0000,432.00
202450,st0029,Jayden,Cruz,24.0000,432.00
202451,st0017,Nadia,Khan,24.0000,408.00
202451,st0023,Noah,Hayes,24.0000,408.00
202451,st0019,Ethan,Cole,24.0000,408.00
202451,st0029,Jayden,Cruz,24.0000,432.00
202451,st0030,Hannah,Ward,24.0000,432.00
202451,st0025,Ryan,Foster,24.0000,432.00
202452,st0014,Areeb,Vasquez,24.0000,408.00
202452,st0021,Liam,Turner,24.0000,408.00
202452,st0029,Jayden,Cruz,24.0000,432.00
202452,st0027,Lucas,Price,24.0000,432.00
202452,st0030,Hannah,Ward,24.0000,432.00
202501,st0001,Mindy,Sloan,16.0000,432.00
202501,st0015,Amiyah,Lambert,24.0000,408.00
202501,st0018,Omar,Sheikh,24.0000,408.00
202501,st0023,Noah,Hayes,24.0000,408.00
202501,st0024,Sophia,Bennett,24.0000,408.00
202501,st0028,Maya,Griffin,24.0000,432.00
202501,st0026,Zoe,Simmons,24.0000,432.00
202501,st0030,Hannah,Ward,24.0000,432.00
202502,st0016,Amrit,Greaves,24.0000,408.00
202502,st0015,Amiyah,Lambert,24.0000,408.00
202502,st0019,Ethan,Cole,24.0000,408.00
202502,st0022,Ava,Brooks,24.0000,408.00
202502,st0028,Maya,Griffin,24.0000,432.00
202502,st0029,Jayden,Cruz,24.0000,432.00
202502,st0026,Zoe,Simmons,24.0000,432.00
202503,st0015,Amiyah,Lambert,24.0000,408.00
202503,st0024,Sophia,Bennett,24.0000,408.00
202503,st0022,Ava,Brooks,24.0000,408.00
202503,st0030,Hannah,Ward,24.0000,432.00
202503,st0026,Zoe,Simmons,24.0000,432.00
202503,st0025,Ryan,Foster,24.0000,432.00
202504,st0016,Amrit,Greaves,24.0000,408.00
202504,st0021,Liam,Turner,24.0000,408.00
202504,st0029,Jayden,Cruz,24.0000,432.00
202504,st0028,Maya,Griffin,24.0000,432.00
202504,st0030,Hannah,Ward,24.0000,432.00
202505,st0015,Amiyah,Lambert,24.0000,408.00
202505,st0021,Liam,Turner,24.0000,408.00
202505,st0029,Jayden,Cruz,24.0000,432.00
202505,st0028,Maya,Griffin,24.0000,432.00
202505,st0027,Lucas,Price,24.0000,432.00
202506,st0015,Amiyah,Lambert,24.0000,408.00
202506,st0021,Liam,Turner,24.0000,408.00
202506,st0028,Maya,Griffin,24.0000,432.00
202506,st0026,Zoe,Simmons,24.0000,432.00
202506,st0030,Hannah,Ward,24.0000,432.00
202507,st0004,Faraz,Peck,16.0000,432.00
202507,st0017,Nadia,Khan,24.0000,408.00
202507,st0016,Amrit,Greaves,24.0000,408.00
202507,st0021,Liam,Turner,24.0000,408.00
202507,st0026,Zoe,Simmons,24.0000,432.00
202507,st0025,Ryan,Foster,24.0000,432.00
202507,st0028,Maya,Griffin,24.0000,432.00
202508,st0015,Amiyah,Lambert,24.0000,408.00
202508,st0021,Liam,Turner,24.0000,408.00
202508,st0026,Zoe,Simmons,24.0000,432.00
202508,st0029,Jayden,Cruz,24.0000,432.00
202508,st0028,Maya,Griffin,24.0000,432.00
202509,st0018,Omar,Sheikh,24.0000,408.00
202509,st0026,Zoe,Simmons,24.0000,432.00
202509,st0025,Ryan,Foster,24.0000,432.00
202509,st0028,Maya,Griffin,24.0000,432.00
202510,st0021,Liam,Turner,24.0000,408.00
202510,st0022,Ava,Brooks,24.0000,408.00
202510,st0027,Lucas,Price,24.0000,432.00
202510,st0028,Maya,Griffin,24.0000,432.00
202510,st0026,Zoe,Simmons,24.0000,432.00
202511,st0023,Noah,Hayes,24.0000,408.00
202511,st0022,Ava,Brooks,24.0000,408.00
202511,st0030,Hannah,Ward,24.0000,432.00
202511,st0027,Lucas,Price,24.0000,432.00
202511,st0025,Ryan,Foster,24.0000,432.00
202512,st0014,Areeb,Vasquez,24.0000,408.00
202512,st0020,Olivia,Reed,24.0000,408.00
202512,st0024,Sophia,Bennett,24.0000,408.00
202512,st0029,Jayden,Cruz,24.0000,432.00
202512,st0025,Ryan,Foster,24.0000,432.00
202512,st0028,Maya,Griffin,24.0000,432.00
202513,st0014,Areeb,Vasquez,24.0000,408.00
202513,st0029,Jayden,Cruz,24.0000,432.00
202513,st0030,Hannah,Ward,24.0000,432.00
202513,st0025,Ryan,Foster,24.0000,432.00
202514,st0017,Nadia,Khan,24.0000,408.00
202514,st0015,Amiyah,Lambert,24.0000,408.00
202514,st0020,Olivia,Reed,24.0000,408.00
202514,st0029,Jayden,Cruz,24.0000,432.00
202514,st0027,Lucas,Price,24.0000,432.00
202514,st0025,Ryan,Foster,24.0000,432.00
202515,st0018,Omar,Sheikh,24.0000,408.00
202515,st0016,Amrit,Greaves,24.0000,408.00
202515,st0026,Zoe,Simmons,24.0000,432.00
202515,st0027,Lucas,Price,24.0000,432.00
202515,st0025,Ryan,Foster,24.0000,432.00
202516,st0015,Amiyah,Lambert,24.0000,408.00
202516,st0016,Amrit,Greaves,24.0000,408.00
202516,st0030,Hannah,Ward,24.0000,432.00
202516,st0026,Zoe,Simmons,24.0000,432.00
202516,st0025,Ryan,Foster,24.0000,432.00
202517,st0015,Amiyah,Lambert,24.0000,408.00
202517,st0022,Ava,Brooks,24.0000,408.00
202517,st0028,Maya,Griffin,24.0000,432.00
202517,st0030,Hannah,Ward,24.0000,432.00
202517,st0027,Lucas,Price,24.0000,432.00
202518,st0015,Amiyah,Lambert,24.0000,408.00
202518,st0020,Olivia,Reed,24.0000,408.00
202518,st0027,Lucas,Price,24.0000,432.00
202518,st0030,Hannah,Ward,24.0000,432.00
202518,st0029,Jayden,Cruz,24.0000,432.00
202519,st0018,Omar,Sheikh,24.0000,408.00
202519,st0022,Ava,Brooks,24.0000,408.00
202519,st0024,Sophia,Bennett,24.0000,408.00
202519,st0029,Jayden,Cruz,24.0000,432.00
202519,st0026,Zoe,Simmons,24.0000,432.00
202519,st0025,Ryan,Foster,24.0000,432.00
202520,st0015,Amiyah,Lambert,24.0000,408.00
202520,st0023,Noah,Hayes,24.0000,408.00
202520,st0025,Ryan,Foster,24.0000,432.00
202520,st0026,Zoe,Simmons,24.0000,432.00
202520,st0028,Maya,Griffin,24.0000,432.00
202521,st0006,Seren,Lindsey,16.0000,368.00
202521,st0015,Amiyah,Lambert,24.0000,408.00
202521,st0021,Liam,Turner,24.0000,408.00
202521,st0028,Maya,Griffin,24.0000,432.00
202521,st0026,Zoe,Simmons,24.0000,432.00
202521,st0029,Jayden,Cruz,24.0000,432.00
202522,st0015,Amiyah,Lambert,24.0000,408.00
202522,st0030,Hannah,Ward,24.0000,432.00
202522,st0027,Lucas,Price,24.0000,432.00
202522,st0025,Ryan,Foster,24.0000,432.00
202523,st0018,Omar,Sheikh,24.0000,408.00
202523,st0022,Ava,Brooks,24.0000,408.00
202523,st0024,Sophia,Bennett,24.0000,408.00
202523,st0027,Lucas,Price,24.0000,432.00
202523,st0025,Ryan,Foster,24.0000,432.00
202523,st0029,Jayden,Cruz,24.0000,432.00
202524,st0018,Omar,Sheikh,24.0000,408.00
202524,st0029,Jayden,Cruz,24.0000,432.00
202524,st0027,Lucas,Price,24.0000,432.00
202524,st0030,Hannah,Ward,24.0000,432.00
202525,st0018,Omar,Sheikh,24.0000,408.00
202525,st0026,Zoe,Simmons,24.0000,432.00
202525,st0027,Lucas,Price,24.0000,432.00
202525,st0025,Ryan,Foster,24.0000,432.00
202526,st0015,Amiyah,Lambert,24.0000,408.00
202526,st0018,Omar,Sheikh,24.0000,408.00
202526,st0025,Ryan,Foster,24.0000,432.00
202526,st0026,Zoe,Simmons,24.0000,432.00
202526,st0029,Jayden,Cruz,24.0000,432.00
202526,st0031,Daniel,Morris,24.0000,720.00
202527,st0016,Amrit,Greaves,24.0000,408.00
202527,st0015,Amiyah,Lambert,24.0000,408.00
202527,st0019,Ethan,Cole,24.0000,408.00
202527,st0030,Hannah,Ward,24.0000,432.00
202527,st0026,Zoe,Simmons,24.0000,432.00
202527,st0027,Lucas,Price,24.0000,432.00
202528,st0015,Amiyah,Lambert,24.0000,408.00
202528,st0019,Ethan,Cole,24.0000,408.00
202528,st0023,Noah,Hayes,24.0000,408.00
202528,st0025,Ryan,Foster,24.0000,432.00
202528,st0030,Hannah,Ward,24.0000,432.00
202528,st0029,Jayden,Cruz,24.0000,432.00
202529,st0016,Amrit,Greaves,24.0000,408.00
202529,st0018,Omar,Sheikh,24.0000,408.00
202529,st0029,Jayden,Cruz,24.0000,432.00
202529,st0027,Lucas,Price,24.0000,432.00
202529,st0025,Ryan,Foster,24.0000,432.00
202530,st0017,Nadia,Khan,24.0000,408.00
202530,st0023,Noah,Hayes,24.0000,408.00
202530,st0024,Sophia,Bennett,24.0000,408.00
202530,st0029,Jayden,Cruz,24.0000,432.00
202530,st0027,Lucas,Price,24.0000,432.00
202530,st0025,Ryan,Foster,24.0000,432.00
202531,st0014,Areeb,Vasquez,24.0000,408.00
202531,st0018,Omar,Sheikh,24.0000,408.00
202531,st0021,Liam,Turner,24.0000,408.00
202531,st0028,Maya,Griffin,24.0000,432.00
202531,st0026,Zoe,Simmons,24.0000,432.00
202531,st0025,Ryan,Foster,24.0000,432.00
202532,st0018,Omar,Sheikh,24.0000,408.00
202532,st0019,Ethan,Cole,24.0000,408.00
202532,st0027,Lucas,Price,24.0000,432.00
202532,st0025,Ryan,Foster,24.0000,432.00
202532,st0029,Jayden,Cruz,24.0000,432.00
202533,st0018,Omar,Sheikh,24.0000,408.00
202533,st0019,Ethan,Cole,24.0000,408.00
202533,st0028,Maya,Griffin,24.0000,432.00
202533,st0029,Jayden,Cruz,24.0000,432.00
202533,st0030,Hannah,Ward,24.0000,432.00
202534,st0016,Amrit,Greaves,24.0000,408.00
202534,st0020,Olivia,Reed,24.0000,408.00
202534,st0028,Maya,Griffin,24.0000,432.00
202534,st0030,Hannah,Ward,24.0000,432.00
202534,st0025,Ryan,Foster,24.0000,432.00
202535,st0030,Hannah,Ward,24.0000,432.00
202535,st0028,Maya,Griffin,24.0000,432.00
202535,st0025,Ryan,Foster,24.0000,432.00
202536,st0018,Omar,Sheikh,24.0000,408.00
202536,st0030,Hannah,Ward,24.0000,432.00
202536,st0028,Maya,Griffin,24.0000,432.00
202536,st0029,Jayden,Cruz,24.0000,432.00
202537,st0014,Areeb,Vasquez,24.0000,408.00
202537,st0030,Hannah,Ward,24.0000,432.00
202537,st0027,Lucas,Price,24.0000,432.00
202537,st0028,Maya,Griffin,24.0000,432.00
202538,st0018,Omar,Sheikh,24.0000,408.00
202538,st0027,Lucas,Price,24.0000,432.00
202538,st0030,Hannah,Ward,24.0000,432.00
202538,st0026,Zoe,Simmons,24.0000,432.00
202539,st0018,Omar,Sheikh,24.0000,408.00
202539,st0021,Liam,Turner,24.0000,408.00
202539,st0023,Noah,Hayes,24.0000,408.00
202539,st0026,Zoe,Simmons,24.0000,432.00
202539,st0027,Lucas,Price,24.0000,432.00
202539,st0028,Maya,Griffin,24.0000,432.00
202540,st0016,Amrit,Greaves,24.0000,408.00
202540,st0023,Noah,Hayes,24.0000,408.00
202540,st0025,Ryan,Foster,24.0000,432.00
202540,st0026,Zoe,Simmons,24.0000,432.00
202540,st0030,Hannah,Ward,24.0000,432.00
202541,st0017,Nadia,Khan,24.0000,408.00
202541,st0015,Amiyah,Lambert,24.0000,408.00
202541,st0030,Hannah,Ward,24.0000,432.00
202541,st0027,Lucas,Price,24.0000,432.00
202541,st0029,Jayden,Cruz,24.0000,432.00
202542,st0025,Ryan,Foster,24.0000,432.00
202542,st0026,Zoe,Simmons,24.0000,432.00
202542,st0030,Hannah,Ward,24.0000,432.00
202543,st0016,Amrit,Greaves,24.0000,408.00
202543,st0014,Areeb,Vasquez,24.0000,408.00
202543,st0029,Jayden,Cruz,24.0000,432.00
202543,st0025,Ryan,Foster,24.0000,432.00
202543,st0026,Zoe,Simmons,24.0000,432.00
202308,st0018,Omar,Sheikh,24.0000,408.00
202308,st0016,Amrit,Greaves,24.0000,408.00
202308,st0026,Zoe,Simmons,24.0000,432.00
202308,st0030,Hannah,Ward,24.0000,432.00
202308,st0025,Ryan,Foster,24.0000,432.00
202309,st0016,Amrit,Greaves,24.0000,408.00
202309,st0018,Omar,Sheikh,24.0000,408.00
202309,st0024,Sophia,Bennett,24.0000,408.00
202309,st0022,Ava,Brooks,24.0000,408.00
202309,st0030,Hannah,Ward,24.0000,432.00
202309,st0025,Ryan,Foster,24.0000,432.00
202309,st0027,Lucas,Price,24.0000,432.00
202310,st0016,Amrit,Greaves,24.0000,408.00
202310,st0019,Ethan,Cole,24.0000,408.00
202310,st0029,Jayden,Cruz,24.0000,432.00
202310,st0027,Lucas,Price,24.0000,432.00
202310,st0030,Hannah,Ward,24.0000,432.00
202311,st0002,Luqman,Cantu,24.0000,648.00
202311,st0016,Amrit,Greaves,24.0000,408.00
202311,st0018,Omar,Sheikh,24.0000,408.00
202311,st0023,Noah,Hayes,24.0000,408.00
202311,st0030,Hannah,Ward,24.0000,432.00
202311,st0027,Lucas,Price,24.0000,432.00
202311,st0026,Zoe,Simmons,24.0000,432.00
202312,st0017,Nadia,Khan,24.0000,408.00
202312,st0015,Amiyah,Lambert,24.0000,408.00
202312,st0021,Liam,Turner,24.0000,408.00
202312,st0027,Lucas,Price,24.0000,432.00
202312,st0026,Zoe,Simmons,24.0000,432.00
202312,st0028,Maya,Griffin,24.0000,432.00
202313,st0017,Nadia,Khan,24.0000,408.00
202313,st0015,Amiyah,Lambert,24.0000,408.00
202313,st0021,Liam,Turner,24.0000,408.00
202313,st0023,Noah,Hayes,24.0000,408.00
202313,st0025,Ryan,Foster,24.0000,432.00
202313,st0030,Hannah,Ward,24.0000,432.00
202313,st0026,Zoe,Simmons,24.0000,432.00
202314,st0016,Amrit,Greaves,24.0000,408.00
202314,st0014,Areeb,Vasquez,24.0000,408.00
202314,st0021,Liam,Turner,24.0000,408.00
202314,st0030,Hannah,Ward,24.0000,432.00
202314,st0026,Zoe,Simmons,24.0000,432.00
202314,st0028,Maya,Griffin,24.0000,432.00
202315,st0016,Amrit,Greaves,24.0000,408.00
202315,st0019,Ethan,Cole,24.0000,408.00
202315,st0020,Olivia,Reed,24.0000,408.00
202315,st0026,Zoe,Simmons,24.0000,432.00
202315,st0030,Hannah,Ward,24.0000,432.00
202315,st0027,Lucas,Price,24.0000,432.00
202316,st0016,Amrit,Greaves,24.0000,408.00
202316,st0025,Ryan,Foster,24.0000,432.00
202316,st0029,Jayden,Cruz,24.0000,432.00
202316,st0027,Lucas,Price,24.0000,432.00
202317,st0016,Amrit,Greaves,24.0000,408.00
202317,st0022,Ava,Brooks,24.0000,408.00
202317,st0024,Sophia,Bennett,24.0000,408.00
202317,st0030,Hannah,Ward,24.0000,432.00
202317,st0026,Zoe,Simmons,24.0000,432.00
202317,st0025,Ryan,Foster,24.0000,432.00
202318,st0025,Ryan,Foster,24.0000,432.00
202318,st0028,Maya,Griffin,24.0000,432.00
202318,st0030,Hannah,Ward,24.0000,432.00
202319,st0017,Nadia,Khan,24.0000,408.00
202319,st0024,Sophia,Bennett,24.0000,408.00
202319,st0025,Ryan,Foster,24.0000,432.00
202319,st0029,Jayden,Cruz,24.0000,432.00
202319,st0030,Hannah,Ward,24.0000,432.00
202320,st0015,Amiyah,Lambert,24.0000,408.00
202320,st0023,Noah,Hayes,24.0000,408.00
202320,st0029,Jayden,Cruz,24.0000,432.00
202320,st0026,Zoe,Simmons,24.0000,432.00
202320,st0028,Maya,Griffin,24.0000,432.00
202321,st0016,Amrit,Greaves,24.0000,408.00
202321,st0025,Ryan,Foster,24.0000,432.00
202321,st0026,Zoe,Simmons,24.0000,432.00
202321,st0029,Jayden,Cruz,24.0000,432.00
202322,st0018,Omar,Sheikh,24.0000,408.00
202322,st0016,Amrit,Greaves,24.0000,408.00
202322,st0023,Noah,Hayes,24.0000,408.00
202322,st0026,Zoe,Simmons,24.0000,432.00
202322,st0027,Lucas,Price,24.0000,432.00
202322,st0029,Jayden,Cruz,24.0000,432.00
202323,st0017,Nadia,Khan,24.0000,408.00
202323,st0024,Sophia,Bennett,24.0000,408.00
202323,st0029,Jayden,Cruz,24.0000,432.00
202323,st0028,Maya,Griffin,24.0000,432.00
202323,st0026,Zoe,Simmons,24.0000,432.00
202324,st0017,Nadia,Khan,24.0000,408.00
202324,st0027,Lucas,Price,24.0000,432.00
202324,st0026,Zoe,Simmons,24.0000,432.00
202324,st0029,Jayden,Cruz,24.0000,432.00
202325,st0018,Omar,Sheikh,24.0000,408.00
202325,st0019,Ethan,Cole,24.0000,408.00
202325,st0029,Jayden,Cruz,24.0000,432.00
202325,st0026,Zoe,Simmons,24.0000,432.00
202325,st0025,Ryan,Foster,24.0000,432.00
202326,st0018,Omar,Sheikh,24.0000,408.00
202326,st0024,Sophia,Bennett,24.0000,408.00
202326,st0027,Lucas,Price,24.0000,432.00
202326,st0028,Maya,Griffin,24.0000,432.00
202326,st0025,Ryan,Foster,24.0000,432.00
202327,st0004,Faraz,Peck,16.0000,432.00
202327,st0014,Areeb,Vasquez,24.0000,408.00
202327,st0023,Noah,Hayes,24.0000,408.00
202327,st0030,Hannah,Ward,24.0000,432.00
202327,st0028,Maya,Griffin,24.0000,432.00
202327,st0026,Zoe,Simmons,24.0000,432.00
202328,st0018,Omar,Sheikh,24.0000,408.00
202328,st0029,Jayden,Cruz,24.0000,432.00
202328,st0030,Hannah,Ward,24.0000,432.00
202328,st0025,Ryan,Foster,24.0000,432.00
202329,st0002,Luqman,Cantu,16.0000,432.00
202329,st0014,Areeb,Vasquez,24.0000,408.00
202329,st0024,Sophia,Bennett,24.0000,408.00
202329,st0027,Lucas,Price,24.0000,432.00
202329,st0028,Maya,Griffin,24.0000,432.00
202329,st0026,Zoe,Simmons,24.0000,432.00
202330,st0008,Zachery,Robins,24.0000,552.00
202330,st0018,Omar,Sheikh,24.0000,408.00
202330,st0014,Areeb,Vasquez,24.0000,408.00
202330,st0024,Sophia,Bennett,24.0000,408.00
202330,st0025,Ryan,Foster,24.0000,432.00
202330,st0028,Maya,Griffin,24.0000,432.00
202330,st0027,Lucas,Price,24.0000,432.00
202331,st0017,Nadia,Khan,24.0000,408.00
202331,st0029,Jayden,Cruz,24.0000,432.00
202331,st0028,Maya,Griffin,24.0000,432.00
202331,st0025,Ryan,Foster,24.0000,432.00
202332,st0014,Areeb,Vasquez,24.0000,408.00
202332,st0015,Amiyah,Lambert,24.0000,408.00
202332,st0020,Olivia,Reed,24.0000,408.00
202332,st0029,Jayden,Cruz,24.0000,432.00
202332,st0026,Zoe,Simmons,24.0000,432.00
202332,st0030,Hannah,Ward,24.0000,432.00
202333,st0023,Noah,Hayes,24.0000,408.00
202333,st0026,Zoe,Simmons,24.0000,432.00
202333,st0028,Maya,Griffin,24.0000,432.00
202333,st0030,Hannah,Ward,24.0000,432.00
202334,st0021,Liam,Turner,24.0000,408.00
202334,st0026,Zoe,Simmons,24.0000,432.00
202334,st0029,Jayden,Cruz,24.0000,432.00
202334,st0030,Hannah,Ward,24.0000,432.00
202335,st0017,Nadia,Khan,24.0000,408.00
202335,st0019,Ethan,Cole,24.0000,408.00
202335,st0030,Hannah,Ward,24.0000,432.00
202335,st0025,Ryan,Foster,24.0000,432.00
202335,st0028,Maya,Griffin,24.0000,432.00
202336,st0018,Omar,Sheikh,24.0000,408.00
202336,st0021,Liam,Turner,24.0000,408.00
202336,st0028,Maya,Griffin,24.0000,432.00
202336,st0027,Lucas,Price,24.0000,432.00
202336,st0029,Jayden,Cruz,24.0000,432.00
202337,st0016,Amrit,Greaves,24.0000,408.00
202337,st0022,Ava,Brooks,24.0000,408.00
202337,st0023,Noah,Hayes,24.0000,408.00
202337,st0030,Hannah,Ward,24.0000,432.00
202337,st0029,Jayden,Cruz,24.0000,432.00
202337,st0026,Zoe,Simmons,24.0000,432.00
202338,st0016,Amrit,Greaves,24.0000,408.00
202338,st0018,Omar,Sheikh,24.0000,408.00
202338,st0019,Ethan,Cole,24.0000,408.00
202338,st0027,Lucas,Price,24.0000,432.00
202338,st0025,Ryan,Foster,24.0000,432.00
202338,st0029,Jayden,Cruz,24.0000,432.00
202339,st0015,Amiyah,Lambert,24.0000,408.00
202339,st0018,Omar,Sheikh,24.0000,408.00
202339,st0023,Noah,Hayes,24.0000,408.00
202339,st0029,Jayden,Cruz,24.0000,432.00
202339,st0025,Ryan,Foster,24.0000,432.00
202339,st0030,Hannah,Ward,24.0000,432.00
202340,st0017,Nadia,Khan,24.0000,408.00
202340,st0022,Ava,Brooks,24.0000,408.00
202340,st0023,Noah,Hayes,24.0000,408.00
202340,st0027,Lucas,Price,24.0000,432.00
202340,st0029,Jayden,Cruz,24.0000,432.00
202340,st0028,Maya,Griffin,24.0000,432.00
202341,st0017,Nadia,Khan,24.0000,408.00
202341,st0015,Amiyah,Lambert,24.0000,408.00
202341,st0022,Ava,Brooks,24.0000,408.00
202341,st0026,Zoe,Simmons,24.0000,432.00
202341,st0029,Jayden,Cruz,24.0000,432.00
202341,st0027,Lucas,Price,24.0000,432.00
202342,st0014,Areeb,Vasquez,24.0000,408.00
202342,st0027,Lucas,Price,24.0000,432.00
202342,st0030,Hannah,Ward,24.0000,432.00
202342,st0028,Maya,Griffin,24.0000,432.00
202343,st0006,Seren,Lindsey,16.0000,368.00
202343,st0016,Amrit,Greaves,24.0000,408.00
202343,st0028,Maya,Griffin,24.0000,432.00
202343,st0026,Zoe,Simmons,24.0000,432.00
202343,st0027,Lucas,Price,24.0000,432.00
202344,st0015,Amiyah,Lambert,24.0000,408.00
202344,st0018,Omar,Sheikh,24.0000,408.00
202344,st0021,Liam,Turner,24.0000,408.00
202344,st0022,Ava,Brooks,24.0000,408.00
202344,st0025,Ryan,Foster,24.0000,432.00
202344,st0026,Zoe,Simmons,24.0000,432.00
202344,st0027,Lucas,Price,24.0000,432.00
202345,st0018,Omar,Sheikh,24.0000,408.00
202345,st0015,Amiyah,Lambert,24.0000,408.00
202345,st0020,Olivia,Reed,24.0000,408.00
202345,st0026,Zoe,Simmons,24.0000,432.00
202345,st0029,Jayden,Cruz,24.0000,432.00
202345,st0028,Maya,Griffin,24.0000,432.00
202346,st0018,Omar,Sheikh,24.0000,408.00
202346,st0023,Noah,Hayes,24.0000,408.00
202346,st0019,Ethan,Cole,24.0000,408.00
202346,st0026,Zoe,Simmons,24.0000,432.00
202346,st0027,Lucas,Price,24.0000,432.00
202346,st0029,Jayden,Cruz,24.0000,432.00
202347,st0017,Nadia,Khan,24.0000,408.00
202347,st0015,Amiyah,Lambert,24.0000,408.00
202347,st0024,Sophia,Bennett,24.0000,408.00
202347,st0022,Ava,Brooks,24.0000,408.00
202347,st0029,Jayden,Cruz,24.0000,432.00
202347,st0025,Ryan,Foster,24.0000,432.00
202347,st0027,Lucas,Price,24.0000,432.00
202348,st0018,Omar,Sheikh,24.0000,408.00
202348,st0022,Ava,Brooks,24.0000,408.00
202348,st0020,Olivia,Reed,24.0000,408.00
202348,st0029,Jayden,Cruz,24.0000,432.00
202348,st0027,Lucas,Price,24.0000,432.00
202348,st0026,Zoe,Simmons,24.0000,432.00
202349,st0015,Amiyah,Lambert,24.0000,408.00
202349,st0016,Amrit,Greaves,24.0000,408.00
202349,st0024,Sophia,Bennett,24.0000,408.00
202349,st0025,Ryan,Foster,24.0000,432.00
202349,st0030,Hannah,Ward,24.0000,432.00
202349,st0029,Jayden,Cruz,24.0000,432.00
202350,st0018,Omar,Sheikh,24.0000,408.00
202350,st0021,Liam,Turner,24.0000,408.00
202350,st0027,Lucas,Price,24.0000,432.00
202350,st0029,Jayden,Cruz,24.0000,432.00
202350,st0026,Zoe,Simmons,24.0000,432.00
202351,st0017,Nadia,Khan,24.0000,408.00
202351,st0015,Amiyah,Lambert,24.0000,408.00
202351,st0026,Zoe,Simmons,24.0000,432.00
202351,st0029,Jayden,Cruz,24.0000,432.00
202351,st0027,Lucas,Price,24.0000,432.00
202352,st0017,Nadia,Khan,24.0000,408.00
202352,st0025,Ryan,Foster,24.0000,432.00
202352,st0026,Zoe,Simmons,24.0000,432.00
202352,st0030,Hannah,Ward,24.0000,432.00
202401,st0017,Nadia,Khan,24.0000,408.00
202401,st0016,Amrit,Greaves,24.0000,408.00
202401,st0021,Liam,Turner,24.0000,408.00
202401,st0027,Lucas,Price,24.0000,432.00
202401,st0030,Hannah,Ward,24.0000,432.00
202401,st0026,Zoe,Simmons,24.0000,432.00
202402,st0015,Amiyah,Lambert,24.0000,408.00
202402,st0020,Olivia,Reed,24.0000,408.00
202402,st0027,Lucas,Price,24.0000,432.00
202402,st0030,Hannah,Ward,24.0000,432.00
202402,st0028,Maya,Griffin,24.0000,432.00
202403,st0018,Omar,Sheikh,24.0000,408.00
202403,st0021,Liam,Turner,24.0000,408.00
202403,st0025,Ryan,Foster,24.0000,432.00
202403,st0029,Jayden,Cruz,24.0000,432.00
202403,st0026,Zoe,Simmons,24.0000,432.00
202404,st0017,Nadia,Khan,24.0000,408.00
202404,st0014,Areeb,Vasquez,24.0000,408.00
202404,st0030,Hannah,Ward,24.0000,432.00
202404,st0027,Lucas,Price,24.0000,432.00
202404,st0029,Jayden,Cruz,24.0000,432.00
202405,st0015,Amiyah,Lambert,24.0000,408.00
202405,st0017,Nadia,Khan,24.0000,408.00
202405,st0024,Sophia,Bennett,24.0000,408.00
202405,st0022,Ava,Brooks,24.0000,408.00
202405,st0029,Jayden,Cruz,24.0000,432.00
202405,st0027,Lucas,Price,24.0000,432.00
202405,st0025,Ryan,Foster,24.0000,432.00
202406,st0003,Sana,Black,16.0000,432.00
202406,st0015,Amiyah,Lambert,24.0000,408.00
202406,st0014,Areeb,Vasquez,24.0000,408.00
202406,st0026,Zoe,Simmons,24.0000,432.00
202406,st0027,Lucas,Price,24.0000,432.00
202406,st0025,Ryan,Foster,24.0000,432.00
202407,st0017,Nadia,Khan,24.0000,408.00
202407,st0023,Noah,Hayes,24.0000,408.00
202407,st0028,Maya,Griffin,24.0000,432.00
202407,st0026,Zoe,Simmons,24.0000,432.00
202407,st0027,Lucas,Price,24.0000,432.00
202408,st0014,Areeb,Vasquez,24.0000,408.00
202408,st0018,Omar,Sheikh,24.0000,408.00
202408,st0019,Ethan,Cole,24.0000,408.00
202408,st0025,Ryan,Foster,24.0000,432.00
202408,st0026,Zoe,Simmons,24.0000,432.00
202408,st0029,Jayden,Cruz,24.0000,432.00
202409,st0015,Amiyah,Lambert,24.0000,408.00
202409,st0014,Areeb,Vasquez,24.0000,408.00
202409,st0021,Liam,Turner,24.0000,408.00
202409,st0028,Maya,Griffin,24.0000,432.00
202409,st0025,Ryan,Foster,24.0000,432.00
202409,st0027,Lucas,Price,24.0000,432.00
202410,st0015,Amiyah,Lambert,24.0000,408.00
202410,st0018,Omar,Sheikh,24.0000,408.00
202410,st0023,Noah,Hayes,24.0000,408.00
202410,st0020,Olivia,Reed,24.0000,408.00
202410,st0026,Zoe,Simmons,24.0000,432.00
202410,st0029,Jayden,Cruz,24.0000,432.00
202410,st0030,Hannah,Ward,24.0000,432.00
202411,st0018,Omar,Sheikh,24.0000,408.00
202411,st0014,Areeb,Vasquez,24.0000,408.00
202411,st0029,Jayden,Cruz,24.0000,432.00
202411,st0026,Zoe,Simmons,24.0000,432.00
202411,st0028,Maya,Griffin,24.0000,432.00
202412,st0014,Areeb,Vasquez,24.0000,408.00
202412,st0020,Olivia,Reed,24.0000,408.00
202412,st0028,Maya,Griffin,24.0000,432.00
202412,st0025,Ryan,Foster,24.0000,432.00
202412,st0026,Zoe,Simmons,24.0000,432.00
202413,st0014,Areeb,Vasquez,24.0000,408.00
202413,st0029,Jayden,Cruz,24.0000,432.00
202413,st0027,Lucas,Price,24.0000,432.00
202413,st0025,Ryan,Foster,24.0000,432.00
202414,st0017,Nadia,Khan,24.0000,408.00
202414,st0015,Amiyah,Lambert,24.0000,408.00
202414,st0022,Ava,Brooks,24.0000,408.00
202414,st0024,Sophia,Bennett,24.0000,408.00
202414,st0027,Lucas,Price,24.0000,432.00
202414,st0030,Hannah,Ward,24.0000,432.00
202414,st0026,Zoe,Simmons,24.0000,432.00
202415,st0018,Omar,Sheikh,24.0000,408.00
202415,st0019,Ethan,Cole,24.0000,408.00
202415,st0028,Maya,Griffin,24.0000,432.00
202415,st0029,Jayden,Cruz,24.0000,432.00
202415,st0027,Lucas,Price,24.0000,432.00
202416,st0016,Amrit,Greaves,24.0000,408.00
202416,st0023,Noah,Hayes,24.0000,408.00
202416,st0030,Hannah,Ward,24.0000,432.00
202416,st0025,Ryan,Foster,24.0000,432.00
202416,st0027,Lucas,Price,24.0000,432.00
202417,st0017,Nadia,Khan,24.0000,408.00
202417,st0019,Ethan,Cole,24.0000,408.00
202417,st0028,Maya,Griffin,24.0000,432.00
202417,st0030,Hannah,Ward,24.0000,432.00
202417,st0029,Jayden,Cruz,24.0000,432.00
202418,st0015,Amiyah,Lambert,24.0000,408.00
202418,st0021,Liam,Turner,24.0000,408.00
202418,st0019,Ethan,Cole,24.0000,408.00
202418,st0026,Zoe,Simmons,24.0000,432.00
202418,st0029,Jayden,Cruz,24.0000,432.00
202418,st0025,Ryan,Foster,24.0000,432.00
202419,st0019,Ethan,Cole,24.0000,408.00
202419,st0027,Lucas,Price,24.0000,432.00
202419,st0028,Maya,Griffin,24.0000,432.00
202419,st0025,Ryan,Foster,24.0000,432.00
202420,st0015,Amiyah,Lambert,24.0000,408.00
202420,st0020,Olivia,Reed,24.0000,408.00
202420,st0028,Maya,Griffin,24.0000,432.00
202420,st0027,Lucas,Price,24.0000,432.00
202420,st0029,Jayden,Cruz,24.0000,432.00
202421,st0018,Omar,Sheikh,24.0000,408.00
202421,st0014,Areeb,Vasquez,24.0000,408.00
202421,st0021,Liam,Turner,24.0000,408.00
202421,st0027,Lucas,Price,24.0000,432.00
202421,st0030,Hannah,Ward,24.0000,432.00
202421,st0026,Zoe,Simmons,24.0000,432.00
202422,st0016,Amrit,Greaves,24.0000,408.00
202422,st0020,Olivia,Reed,24.0000,408.00
202422,st0028,Maya,Griffin,24.0000,432.00
202422,st0030,Hannah,Ward,24.0000,432.00
202422,st0026,Zoe,Simmons,24.0000,432.00
202423,st0017,Nadia,Khan,24.0000,408.00
202423,st0023,Noah,Hayes,24.0000,408.00
202423,st0021,Liam,Turner,24.0000,408.00
202423,st0026,Zoe,Simmons,24.0000,432.00
202423,st0029,Jayden,Cruz,24.0000,432.00
202423,st0028,Maya,Griffin,24.0000,432.00
202424,st0016,Amrit,Greaves,24.0000,408.00
202424,st0015,Amiyah,Lambert,24.0000,408.00
202424,st0025,Ryan,Foster,24.0000,432.00
202424,st0028,Maya,Griffin,24.0000,432.00
202424,st0029,Jayden,Cruz,24.0000,432.00
202425,st0015,Amiyah,Lambert,24.0000,408.00
202425,st0020,Olivia,Reed,24.0000,408.00
202425,st0026,Zoe,Simmons,24.0000,432.00
202425,st0025,Ryan,Foster,24.0000,432.00
202425,st0030,Hannah,Ward,24.0000,432.00
202426,st0014,Areeb,Vasquez,24.0000,408.00
202426,st0016,Amrit,Greaves,24.0000,408.00
202426,st0024,Sophia,Bennett,24.0000,408.00
202426,st0025,Ryan,Foster,24.0000,432.00
202426,st0030,Hannah,Ward,24.0000,432.00
202426,st0028,Maya,Griffin,24.0000,432.00
202427,st0018,Omar,Sheikh,24.0000,408.00
202427,st0020,Olivia,Reed,24.0000,408.00
202427,st0027,Lucas,Price,24.0000,432.00
202427,st0026,Zoe,Simmons,24.0000,432.00
202427,st0030,Hannah,Ward,24.0000,432.00
202428,st0016,Amrit,Greaves,24.0000,408.00
202428,st0017,Nadia,Khan,24.0000,408.00
202428,st0024,Sophia,Bennett,24.0000,408.00
202428,st0026,Zoe,Simmons,24.0000,432.00
202428,st0025,Ryan,Foster,24.0000,432.00
202428,st0030,Hannah,Ward,24.0000,432.00
202429,st0014,Areeb,Vasquez,24.0000,408.00
202429,st0023,Noah,Hayes,24.0000,408.00
202429,st0027,Lucas,Price,24.0000,432.00
202429,st0026,Zoe,Simmons,24.0000,432.00
202429,st0025,Ryan,Foster,24.0000,432.00
202430,st0023,Noah,Hayes,24.0000,408.00
202430,st0021,Liam,Turner,24.0000,408.00
202430,st0027,Lucas,Price,24.0000,432.00
202430,st0026,Zoe,Simmons,24.0000,432.00
202430,st0030,Hannah,Ward,24.0000,432.00
202431,st0018,Omar,Sheikh,24.0000,408.00
202431,st0017,Nadia,Khan,24.0000,408.00
202431,st0022,Ava,Brooks,24.0000,408.00
202431,st0026,Zoe,Simmons,24.0000,432.00
202431,st0025,Ryan,Foster,24.0000,432.00
202431,st0030,Hannah,Ward,24.0000,432.00
202432,st0014,Areeb,Vasquez,24.0000,408.00
202432,st0023,Noah,Hayes,24.0000,408.00
202432,st0026,Zoe,Simmons,24.0000,432.00
202432,st0028,Maya,Griffin,24.0000,432.00
202432,st0029,Jayden,Cruz,24.0000,432.00
202433,st0003,Sana,Black,16.0000,432.00
202433,st0014,Areeb,Vasquez,24.0000,408.00
202433,st0021,Liam,Turner,24.0000,408.00
202433,st0027,Lucas,Price,24.0000,432.00
202433,st0025,Ryan,Foster,24.0000,432.00
202433,st0029,Jayden,Cruz,24.0000,432.00
202434,st0018,Omar,Sheikh,24.0000,408.00
202434,st0024,Sophia,Bennett,24.0000,408.00
202434,st0029,Jayden,Cruz,24.0000,432.00
202434,st0025,Ryan,Foster,24.0000,432.00
202434,st0028,Maya,Griffin,24.0000,432.00
202435,st0016,Amrit,Greaves,24.0000,408.00
202435,st0023,Noah,Hayes,24.0000,408.00
202435,st0029,Jayden,Cruz,24.0000,432.00
202435,st0027,Lucas,Price,24.0000,432.00
202435,st0028,Maya,Griffin,24.0000,432.00
202436,st0014,Areeb,Vasquez,24.0000,408.00
202436,st0021,Liam,Turner,24.0000,408.00
202436,st0029,Jayden,Cruz,24.0000,432.00
202436,st0030,Hannah,Ward,24.0000,432.00
202436,st0027,Lucas,Price,24.0000,432.00
202437,st0021,Liam,Turner,24.0000,408.00
202437,st0027,Lucas,Price,24.0000,432.00
202437,st0025,Ryan,Foster,24.0000,432.00
202437,st0026,Zoe,Simmons,24.0000,432.00
202438,st0018,Omar,Sheikh,24.0000,408.00
202438,st0015,Amiyah,Lambert,24.0000,408.00
202438,st0026,Zoe,Simmons,24.0000,432.00
202438,st0028,Maya,Griffin,24.0000,432.00
202438,st0030,Hannah,Ward,24.0000,432.00
202439,st0018,Omar,Sheikh,24.0000,408.00
202439,st0030,Hannah,Ward,24.0000,432.00
202439,st0027,Lucas,Price,24.0000,432.00
202439,st0029,Jayden,Cruz,24.0000,432.00
202440,st0002,Luqman,Cantu,8.0000,216.00
202440,st0017,Nadia,Khan,24.0000,408.00
202440,st0029,Jayden,Cruz,24.0000,432.00
202440,st0026,Zoe,Simmons,24.0000,432.00
202440,st0028,Maya,Griffin,24.0000,432.00
202441,st0018,Omar,Sheikh,24.0000,408.00
202441,st0017,Nadia,Khan,24.0000,408.00
202441,st0023,Noah,Hayes,24.0000,408.00
202441,st0029,Jayden,Cruz,24.0000,432.00
202441,st0026,Zoe,Simmons,24.0000,432.00
202441,st0025,Ryan,Foster,24.0000,432.00
202442,st0014,Areeb,Vasquez,24.0000,408.00
202442,st0024,Sophia,Bennett,24.0000,408.00
202442,st0026,Zoe,Simmons,24.0000,432.00
202442,st0025,Ryan,Foster,24.0000,432.00
202442,st0028,Maya,Griffin,24.0000,432.00
202443,st0020,Olivia,Reed,24.0000,408.00
202443,st0029,Jayden,Cruz,24.0000,432.00
202443,st0030,Hannah,Ward,24.0000,432.00
202443,st0026,Zoe,Simmons,24.0000,432.00
202444,st0018,Omar,Sheikh,24.0000,408.00
202444,st0026,Zoe,Simmons,24.0000,432.00
202444,st0028,Maya,Griffin,24.0000,432.00
202444,st0029,Jayden,Cruz,24.0000,432.00
202445,st0018,Omar,Sheikh,24.0000,408.00
202445,st0022,Ava,Brooks,24.0000,408.00
202445,st0029,Jayden,Cruz,24.0000,432.00
202445,st0026,Zoe,Simmons,24.0000,432.00
202445,st0025,Ryan,Foster,24.0000,432.00
202446,st0005,Arran,Hodgson,16.0000,368.00
202446,st0016,Amrit,Greaves,24.0000,408.00
202446,st0029,Jayden,Cruz,24.0000,432.00
202446,st0028,Maya,Griffin,24.0000,432.00
202446,st0027,Lucas,Price,24.0000,432.00
202447,st0018,Omar,Sheikh,24.0000,408.00
202447,st0017,Nadia,Khan,24.0000,408.00
202447,st0025,Ryan,Foster,24.0000,432.00
202447,st0029,Jayden,Cruz,24.0000,432.00
202447,st0028,Maya,Griffin,24.0000,432.00
202448,st0003,Sana,Black,24.0000,648.00
202448,st0014,Areeb,Vasquez,24.0000,408.00
202448,st0020,Olivia,Reed,24.0000,408.00
202448,st0026,Zoe,Simmons,24.0000,432.00
202448,st0027,Lucas,Price,24.0000,432.00
202448,st0030,Hannah,Ward,24.0000,432.00
202449,st0020,Olivia,Reed,24.0000,408.00
202449,st0025,Ryan,Foster,24.0000,432.00
202449,st0028,Maya,Griffin,24.0000,432.00
202449,st0027,Lucas,Price,24.0000,432.00
202450,st0016,Amrit,Greaves,24.0000,408.00
202450,st0022,Ava,Brooks,24.0000,408.00
202450,st0026,Zoe,Simmons,24.0000,432.00
202450,st0027,Lucas,Price,24.0000,432.00
202450,st0030,Hannah,Ward,24.0000,432.00
202451,st0014,Areeb,Vasquez,24.0000,408.00
202451,st0027,Lucas,Price,24.0000,432.00
202451,st0026,Zoe,Simmons,24.0000,432.00
202451,st0028,Maya,Griffin,24.0000,432.00
202452,st0018,Omar,Sheikh,24.0000,408.00
202452,st0024,Sophia,Bennett,24.0000,408.00
202452,st0028,Maya,Griffin,24.0000,432.00
202452,st0025,Ryan,Foster,24.0000,432.00
202452,st0026,Zoe,Simmons,24.0000,432.00
202501,st0017,Nadia,Khan,24.0000,408.00
202501,st0027,Lucas,Price,24.0000,432.00
202501,st0025,Ryan,Foster,24.0000,432.00
202501,st0029,Jayden,Cruz,24.0000,432.00
202502,st0030,Hannah,Ward,24.0000,432.00
202502,st0027,Lucas,Price,24.0000,432.00
202502,st0025,Ryan,Foster,24.0000,432.00
202503,st0017,Nadia,Khan,24.0000,408.00
202503,st0029,Jayden,Cruz,24.0000,432.00
202503,st0027,Lucas,Price,24.0000,432.00
202503,st0028,Maya,Griffin,24.0000,432.00
202504,st0017,Nadia,Khan,24.0000,408.00
202504,st0014,Areeb,Vasquez,24.0000,408.00
202504,st0023,Noah,Hayes,24.0000,408.00
202504,st0024,Sophia,Bennett,24.0000,408.00
202504,st0027,Lucas,Price,24.0000,432.00
202504,st0025,Ryan,Foster,24.0000,432.00
202504,st0026,Zoe,Simmons,24.0000,432.00
202505,st0014,Areeb,Vasquez,24.0000,408.00
202505,st0017,Nadia,Khan,24.0000,408.00
202505,st0023,Noah,Hayes,24.0000,408.00
202505,st0030,Hannah,Ward,24.0000,432.00
202505,st0026,Zoe,Simmons,24.0000,432.00
202505,st0025,Ryan,Foster,24.0000,432.00
202506,st0014,Areeb,Vasquez,24.0000,408.00
202506,st0022,Ava,Brooks,24.0000,408.00
202506,st0029,Jayden,Cruz,24.0000,432.00
202506,st0027,Lucas,Price,24.0000,432.00
202506,st0025,Ryan,Foster,24.0000,432.00
202507,st0018,Omar,Sheikh,24.0000,408.00
202507,st0023,Noah,Hayes,24.0000,408.00
202507,st0029,Jayden,Cruz,24.0000,432.00
202507,st0027,Lucas,Price,24.0000,432.00
202507,st0030,Hannah,Ward,24.0000,432.00
202508,st0014,Areeb,Vasquez,24.0000,408.00
202508,st0027,Lucas,Price,24.0000,432.00
202508,st0025,Ryan,Foster,24.0000,432.00
202508,st0030,Hannah,Ward,24.0000,432.00
202509,st0014,Areeb,Vasquez,24.0000,408.00
202509,st0021,Liam,Turner,24.0000,408.00
202509,st0027,Lucas,Price,24.0000,432.00
202509,st0029,Jayden,Cruz,24.0000,432.00
202509,st0030,Hannah,Ward,24.0000,432.00
202510,st0015,Amiyah,Lambert,24.0000,408.00
202510,st0014,Areeb,Vasquez,24.0000,408.00
202510,st0019,Ethan,Cole,24.0000,408.00
202510,st0030,Hannah,Ward,24.0000,432.00
202510,st0029,Jayden,Cruz,24.0000,432.00
202510,st0025,Ryan,Foster,24.0000,432.00
202511,st0016,Amrit,Greaves,24.0000,408.00
202511,st0018,Omar,Sheikh,24.0000,408.00
202511,st0026,Zoe,Simmons,24.0000,432.00
202511,st0028,Maya,Griffin,24.0000,432.00
202511,st0029,Jayden,Cruz,24.0000,432.00
202512,st0015,Amiyah,Lambert,24.0000,408.00
202512,st0018,Omar,Sheikh,24.0000,408.00
202512,st0022,Ava,Brooks,24.0000,408.00
202512,st0030,Hannah,Ward,24.0000,432.00
202512,st0027,Lucas,Price,24.0000,432.00
202512,st0026,Zoe,Simmons,24.0000,432.00
202513,st0015,Amiyah,Lambert,24.0000,408.00
202513,st0019,Ethan,Cole,24.0000,408.00
202513,st0020,Olivia,Reed,24.0000,408.00
202513,st0028,Maya,Griffin,24.0000,432.00
202513,st0026,Zoe,Simmons,24.0000,432.00
202513,st0027,Lucas,Price,24.0000,432.00
202514,st0024,Sophia,Bennett,24.0000,408.00
202514,st0026,Zoe,Simmons,24.0000,432.00
202514,st0028,Maya,Griffin,24.0000,432.00
202514,st0030,Hannah,Ward,24.0000,432.00
202515,st0014,Areeb,Vasquez,24.0000,408.00
202515,st0015,Amiyah,Lambert,24.0000,408.00
202515,st0020,Olivia,Reed,24.0000,408.00
202515,st0021,Liam,Turner,24.0000,408.00
202515,st0028,Maya,Griffin,24.0000,432.00
202515,st0030,Hannah,Ward,24.0000,432.00
202515,st0029,Jayden,Cruz,24.0000,432.00
202516,st0017,Nadia,Khan,24.0000,408.00
202516,st0027,Lucas,Price,24.0000,432.00
202516,st0028,Maya,Griffin,24.0000,432.00
202516,st0029,Jayden,Cruz,24.0000,432.00
202517,st0017,Nadia,Khan,24.0000,408.00
202517,st0024,Sophia,Bennett,24.0000,408.00
202517,st0026,Zoe,Simmons,24.0000,432.00
202517,st0029,Jayden,Cruz,24.0000,432.00
202517,st0025,Ryan,Foster,24.0000,432.00
202518,st0018,Omar,Sheikh,24.0000,408.00
202518,st0016,Amrit,Greaves,24.0000,408.00
202518,st0019,Ethan,Cole,24.0000,408.00
202518,st0023,Noah,Hayes,24.0000,408.00
202518,st0026,Zoe,Simmons,24.0000,432.00
202518,st0028,Maya,Griffin,24.0000,432.00
202518,st0025,Ryan,Foster,24.0000,432.00
202519,st0008,Zachery,Robins,8.0000,184.00
202519,st0017,Nadia,Khan,24.0000,408.00
202519,st0027,Lucas,Price,24.0000,432.00
202519,st0030,Hannah,Ward,24.0000,432.00
202519,st0028,Maya,Griffin,24.0000,432.00
202520,st0017,Nadia,Khan,24.0000,408.00
202520,st0016,Amrit,Greaves,24.0000,408.00
202520,st0030,Hannah,Ward,24.0000,432.00
202520,st0029,Jayden,Cruz,24.0000,432.00
202520,st0027,Lucas,Price,24.0000,432.00
202521,st0014,Areeb,Vasquez,24.0000,408.00
202521,st0016,Amrit,Greaves,24.0000,408.00
202521,st0023,Noah,Hayes,24.0000,408.00
202521,st0027,Lucas,Price,24.0000,432.00
202521,st0025,Ryan,Foster,24.0000,432.00
202521,st0030,Hannah,Ward,24.0000,432.00
202522,st0007,Talha,Portillo,8.0000,184.00
202522,st0018,Omar,Sheikh,24.0000,408.00
202522,st0014,Areeb,Vasquez,24.0000,408.00
202522,st0020,Olivia,Reed,24.0000,408.00
202522,st0026,Zoe,Simmons,24.0000,432.00
202522,st0028,Maya,Griffin,24.0000,432.00
202522,st0029,Jayden,Cruz,24.0000,432.00
202523,st0017,Nadia,Khan,24.0000,408.00
202523,st0015,Amiyah,Lambert,24.0000,408.00
202523,st0028,Maya,Griffin,24.0000,432.00
202523,st0030,Hannah,Ward,24.0000,432.00
202523,st0026,Zoe,Simmons,24.0000,432.00
202524,st0014,Areeb,Vasquez,24.0000,408.00
202524,st0019,Ethan,Cole,24.0000,408.00
202524,st0026,Zoe,Simmons,24.0000,432.00
202524,st0028,Maya,Griffin,24.0000,432.00
202524,st0025,Ryan,Foster,24.0000,432.00
202525,st0016,Amrit,Greaves,24.0000,408.00
202525,st0014,Areeb,Vasquez,24.0000,408.00
202525,st0020,Olivia,Reed,24.0000,408.00
202525,st0022,Ava,Brooks,24.0000,408.00
202525,st0030,Hannah,Ward,24.0000,432.00
202525,st0028,Maya,Griffin,24.0000,432.00
202525,st0029,Jayden,Cruz,24.0000,432.00
202526,st0016,Amrit,Greaves,24.0000,408.00
202526,st0024,Sophia,Bennett,24.0000,408.00
202526,st0021,Liam,Turner,24.0000,408.00
202526,st0027,Lucas,Price,24.0000,432.00
202526,st0030,Hannah,Ward,24.0000,432.00
202526,st0028,Maya,Griffin,24.0000,432.00
202527,st0022,Ava,Brooks,24.0000,408.00
202527,st0028,Maya,Griffin,24.0000,432.00
202527,st0029,Jayden,Cruz,24.0000,432.00
202527,st0025,Ryan,Foster,24.0000,432.00
202528,st0017,Nadia,Khan,24.0000,408.00
202528,st0028,Maya,Griffin,24.0000,432.00
202528,st0026,Zoe,Simmons,24.0000,432.00
202528,st0027,Lucas,Price,24.0000,432.00
202529,st0014,Areeb,Vasquez,24.0000,408.00
202529,st0024,Sophia,Bennett,24.0000,408.00
202529,st0022,Ava,Brooks,24.0000,408.00
202529,st0030,Hannah,Ward,24.0000,432.00
202529,st0028,Maya,Griffin,24.0000,432.00
202529,st0026,Zoe,Simmons,24.0000,432.00
202530,st0005,Arran,Hodgson,16.0000,368.00
202530,st0018,Omar,Sheikh,24.0000,408.00
202530,st0014,Areeb,Vasquez,24.0000,408.00
202530,st0019,Ethan,Cole,24.0000,408.00
202530,st0030,Hannah,Ward,24.0000,432.00
202530,st0026,Zoe,Simmons,24.0000,432.00
202530,st0028,Maya,Griffin,24.0000,432.00
202531,st0017,Nadia,Khan,24.0000,408.00
202531,st0016,Amrit,Greaves,24.0000,408.00
202531,st0024,Sophia,Bennett,24.0000,408.00
202531,st0030,Hannah,Ward,24.0000,432.00
202531,st0029,Jayden,Cruz,24.0000,432.00
202531,st0027,Lucas,Price,24.0000,432.00
202532,st0015,Amiyah,Lambert,24.0000,408.00
202532,st0017,Nadia,Khan,24.0000,408.00
202532,st0022,Ava,Brooks,24.0000,408.00
202532,st0021,Liam,Turner,24.0000,408.00
202532,st0028,Maya,Griffin,24.0000,432.00
202532,st0030,Hannah,Ward,24.0000,432.00
202532,st0026,Zoe,Simmons,24.0000,432.00
202533,st0014,Areeb,Vasquez,24.0000,408.00
202533,st0023,Noah,Hayes,24.0000,408.00
202533,st0025,Ryan,Foster,24.0000,432.00
202533,st0026,Zoe,Simmons,24.0000,432.00
202533,st0027,Lucas,Price,24.0000,432.00
202534,st0014,Areeb,Vasquez,24.0000,408.00
202534,st0015,Amiyah,Lambert,24.0000,408.00
202534,st0021,Liam,Turner,24.0000,408.00
202534,st0026,Zoe,Simmons,24.0000,432.00
202534,st0029,Jayden,Cruz,24.0000,432.00
202534,st0027,Lucas,Price,24.0000,432.00
202535,st0017,Nadia,Khan,24.0000,408.00
202535,st0016,Amrit,Greaves,24.0000,408.00
202535,st0024,Sophia,Bennett,24.0000,408.00
202535,st0029,Jayden,Cruz,24.0000,432.00
202535,st0027,Lucas,Price,24.0000,432.00
202535,st0026,Zoe,Simmons,24.0000,432.00
202536,st0014,Areeb,Vasquez,24.0000,408.00
202536,st0015,Amiyah,Lambert,24.0000,408.00
202536,st0021,Liam,Turner,24.0000,408.00
202536,st0020,Olivia,Reed,24.0000,408.00
202536,st0025,Ryan,Foster,24.0000,432.00
202536,st0026,Zoe,Simmons,24.0000,432.00
202536,st0027,Lucas,Price,24.0000,432.00
202537,st0015,Amiyah,Lambert,24.0000,408.00
202537,st0021,Liam,Turner,24.0000,408.00
202537,st0020,Olivia,Reed,24.0000,408.00
202537,st0029,Jayden,Cruz,24.0000,432.00
202537,st0026,Zoe,Simmons,24.0000,432.00
202537,st0025,Ryan,Foster,24.0000,432.00
202538,st0015,Amiyah,Lambert,24.0000,408.00
202538,st0023,Noah,Hayes,24.0000,408.00
202538,st0028,Maya,Griffin,24.0000,432.00
202538,st0029,Jayden,Cruz,24.0000,432.00
202538,st0025,Ryan,Foster,24.0000,432.00
202539,st0016,Amrit,Greaves,24.0000,408.00
202539,st0020,Olivia,Reed,24.0000,408.00
202539,st0022,Ava,Brooks,24.0000,408.00
202539,st0029,Jayden,Cruz,24.0000,432.00
202539,st0030,Hannah,Ward,24.0000,432.00
202539,st0025,Ryan,Foster,24.0000,432.00
202540,st0014,Areeb,Vasquez,24.0000,408.00
202540,st0019,Ethan,Cole,24.0000,408.00
202540,st0027,Lucas,Price,24.0000,432.00
202540,st0029,Jayden,Cruz,24.0000,432.00
202540,st0028,Maya,Griffin,24.0000,432.00
202541,st0014,Areeb,Vasquez,24.0000,408.00
202541,st0022,Ava,Brooks,24.0000,408.00
202541,st0028,Maya,Griffin,24.0000,432.00
202541,st0025,Ryan,Foster,24.0000,432.00
202541,st0026,Zoe,Simmons,24.0000,432.00
202542,st0018,Omar,Sheikh,24.0000,408.00
202542,st0017,Nadia,Khan,24.0000,408.00
202542,st0024,Sophia,Bennett,24.0000,408.00
202542,st0022,Ava,Brooks,24.0000,408.00
202542,st0028,Maya,Griffin,24.0000,432.00
202542,st0029,Jayden,Cruz,24.0000,432.00
202542,st0027,Lucas,Price,24.0000,432.00
202543,st0018,Omar,Sheikh,24.0000,408.00
202543,st0020,Olivia,Reed,24.0000,408.00
202543,st0019,Ethan,Cole,24.0000,408.00
202543,st0028,Maya,Griffin,24.0000,432.00
202543,st0027,Lucas,Price,24.0000,432.00
202543,st0030,Hannah,Ward,24.0000,432.00
202323,st0008,Zachery,Robins,16.0000,368.00
202331,st0005,Arran,Hodgson,8.0000,184.00
202409,st0032,Chloe,Kelly,16.0000,480.00
202414,st0005,Arran,Hodgson,16.0000,368.00
202442,st0008,Zachery,Robins,16.0000,368.00
202504,st0008,Zachery,Robins,8.0000,184.00
202506,st0006,Seren,Lindsey,8.0000,184.00
202540,st0007,Talha,Portillo,8.0000,184.00
202543,st0005,Arran,Hodgson,8.0000,184.00
202308,st0033,Isaac,Stone,8.0000,136.00
202309,st0034,Leah,Perry,8.0000,136.00
202312,st0034,Leah,Perry,8.0000,136.00
202316,st0033,Isaac,Stone,8.0000,136.00
202320,st0033,Isaac,Stone,8.0000,136.00
202321,st0033,Isaac,Stone,8.0000,136.00
202324,st0033,Isaac,Stone,8.0000,136.00
202325,st0034,Leah,Perry,8.0000,136.00
202326,st0034,Leah,Perry,8.0000,136.00
202327,st0033,Isaac,Stone,8.0000,136.00
202328,st0001,Mindy,Sloan,16.0000,432.00
202328,st0034,Leah,Perry,8.0000,136.00
202329,st0033,Isaac,Stone,8.0000,136.00
202330,st0034,Leah,Perry,8.0000,136.00
202333,st0034,Leah,Perry,8.0000,136.00
202335,st0034,Leah,Perry,8.0000,136.00
202338,st0005,Arran,Hodgson,8.0000,184.00
202339,st0033,Isaac,Stone,8.0000,136.00
202342,st0033,Isaac,Stone,8.0000,136.00
202343,st0001,Mindy,Sloan,8.0000,216.00
202344,st0033,Isaac,Stone,8.0000,136.00
202345,st0034,Leah,Perry,8.0000,136.00
202347,st0033,Isaac,Stone,8.0000,136.00
202348,st0034,Leah,Perry,8.0000,136.00
202349,st0034,Leah,Perry,8.0000,136.00
202404,st0034,Leah,Perry,8.0000,136.00
202406,st0034,Leah,Perry,8.0000,136.00
202407,st0033,Isaac,Stone,8.0000,136.00
202410,st0007,Talha,Portillo,16.0000,368.00
202412,st0033,Isaac,Stone,8.0000,136.00
202413,st0034,Leah,Perry,8.0000,136.00
202414,st0034,Leah,Perry,8.0000,136.00
202419,st0034,Leah,Perry,8.0000,136.00
202421,st0033,Isaac,Stone,8.0000,136.00
202422,st0033,Isaac,Stone,8.0000,136.00
202423,st0033,Isaac,Stone,8.0000,136.00
202424,st0034,Leah,Perry,8.0000,136.00
202425,st0033,Isaac,Stone,8.0000,136.00
202426,st0034,Leah,Perry,8.0000,136.00
202427,st0034,Leah,Perry,8.0000,136.00
202428,st0004,Faraz,Peck,16.0000,432.00
202432,st0034,Leah,Perry,8.0000,136.00
202436,st0034,Leah,Perry,8.0000,136.00
202437,st0033,Isaac,Stone,8.0000,136.00
202440,st0033,Isaac,Stone,8.0000,136.00
202441,st0033,Isaac,Stone,8.0000,136.00
202442,st0034,Leah,Perry,8.0000,136.00
202444,st0033,Isaac,Stone,8.0000,136.00
202446,st0033,Isaac,Stone,8.0000,136.00
202448,st0033,Isaac,Stone,8.0000,136.00
202449,st0034,Leah,Perry,8.0000,136.00
202450,st0033,Isaac,Stone,8.0000,136.00
202452,st0034,Leah,Perry,8.0000,136.00
202502,st0033,Isaac,Stone,8.0000,136.00
202503,st0033,Isaac,Stone,8.0000,136.00
202509,st0033,Isaac,Stone,8.0000,136.00
202510,st0033,Isaac,Stone,8.0000,136.00
202511,st0033,Isaac,Stone,8.0000,136.00
202512,st0033,Isaac,Stone,8.0000,136.00
202513,st0034,Leah,Perry,8.0000,136.00
202516,st0034,Leah,Perry,8.0000,136.00
202517,st0033,Isaac,Stone,8.0000,136.00
202518,st0033,Isaac,Stone,8.0000,136.00
202520,st0033,Isaac,Stone,8.0000,136.00
202521,st0034,Leah,Perry,8.0000,136.00
202524,st0034,Leah,Perry,8.0000,136.00
202533,st0034,Leah,Perry,8.0000,136.00
202534,st0003,Sana,Black,16.0000,432.00
202534,st0033,Isaac,Stone,8.0000,136.00
202537,st0034,Leah,Perry,8.0000,136.00
202538,st0033,Isaac,Stone,8.0000,136.00
202539,st0034,Leah,Perry,8.0000,136.00
202540,st0033,Isaac,Stone,8.0000,136.00
202541,st0034,Leah,Perry,8.0000,136.00
202543,st0003,Sana,Black,8.0000,216.00
202543,st0033,Isaac,Stone,8.0000,136.00
202349,st0001,Mindy,Sloan,8.0000,216.00
202434,st0006,Seren,Lindsey,8.0000,184.00
202517,st0007,Talha,Portillo,8.0000,184.00
202529,st0004,Faraz,Peck,8.0000,216.00
202308,st0002,Luqman,Cantu,8.0000,216.00
202538,st0002,Luqman,Cantu,8.0000,216.00
