transaction_id,ing_id,transaction_date,transaction_type,change_qty,supplier_id,previous_receipt_date,order_burst_days
txn00030,ing001,2023-02-22,PURCHASE_ORDER,18,sup002,2023-02-21,1
txn00060,ing001,2023-02-25,PURCHASE_ORDER,19,sup002,2023-02-21,4
txn00091,ing001,2023-02-28,PURCHASE_ORDER,17,sup001,2023-02-25,3
txn00143,ing001,2023-03-05,PURCHASE_ORDER,32,sup001,2023-02-28,5
txn00188,ing001,2023-03-10,PURCHASE_ORDER,27,sup002,2023-03-05,5
txn00224,ing001,2023-03-13,PURCHASE_ORDER,20,sup002,2023-03-10,3
txn00251,ing001,2023-03-16,PURCHASE_ORDER,20,sup005,2023-03-13,3
txn00287,ing001,2023-03-20,PURCHASE_ORDER,15,sup002,2023-03-18,2
txn00326,ing001,2023-03-23,PURCHASE_ORDER,21,sup001,2023-03-18,5
txn00376,ing001,2023-03-28,PURCHASE_ORDER,29,sup002,2023-03-23,5
txn00413,ing001,2023-03-31,PURCHASE_ORDER,18,sup005,2023-03-28,3
txn00445,ing001,2023-04-03,PURCHASE_ORDER,16,sup001,2023-04-02,1
txn00507,ing001,2023-04-08,PURCHASE_ORDER,36,sup001,2023-04-02,6
txn00555,ing001,2023-04-13,PURCHASE_ORDER,29,sup002,2023-04-08,5
txn00591,ing001,2023-04-16,PURCHASE_ORDER,17,sup001,2023-04-13,3
txn00643,ing001,2023-04-21,PURCHASE_ORDER,26,sup002,2023-04-16,5
txn00673,ing001,2023-04-24,PURCHASE_ORDER,17,sup002,2023-04-21,3
txn00704,ing001,2023-04-27,PURCHASE_ORDER,16,sup001,2023-04-24,3
txn00753,ing001,2023-05-02,PURCHASE_ORDER,24,sup002,2023-04-27,5
txn00782,ing001,2023-05-05,PURCHASE_ORDER,20,sup005,2023-05-02,3
txn00833,ing001,2023-05-09,PURCHASE_ORDER,20,sup005,2023-05-07,2
txn00863,ing001,2023-05-13,PURCHASE_ORDER,19,sup001,2023-05-11,2
txn00919,ing001,2023-05-18,PURCHASE_ORDER,22,sup001,2023-05-11,7
txn00967,ing001,2023-05-23,PURCHASE_ORDER,22,sup005,2023-05-18,5
txn00997,ing001,2023-05-26,PURCHASE_ORDER,18,sup002,2023-05-25,1
txn01028,ing001,2023-05-29,PURCHASE_ORDER,16,sup001,2023-05-25,4
txn01085,ing001,2023-06-03,PURCHASE_ORDER,25,sup005,2023-05-29,5
txn01108,ing001,2023-06-05,PURCHASE_ORDER,15,sup005,2023-06-03,2
txn01138,ing001,2023-06-08,PURCHASE_ORDER,16,sup001,2023-06-07,1
txn01195,ing001,2023-06-13,PURCHASE_ORDER,30,sup002,2023-06-07,6
txn01225,ing001,2023-06-16,PURCHASE_ORDER,16,sup002,2023-06-13,3
txn01260,ing001,2023-06-19,PURCHASE_ORDER,15,sup001,2023-06-16,3
txn01314,ing001,2023-06-24,PURCHASE_ORDER,27,sup002,2023-06-19,5
txn01343,ing001,2023-06-27,PURCHASE_ORDER,19,sup002,2023-06-24,3
txn01377,ing001,2023-06-30,PURCHASE_ORDER,18,sup001,2023-06-27,3
txn01427,ing001,2023-07-05,PURCHASE_ORDER,23,sup001,2023-06-30,5
txn01476,ing001,2023-07-10,PURCHASE_ORDER,29,sup005,2023-07-05,5
txn01505,ing001,2023-07-12,PURCHASE_ORDER,15,sup001,2023-07-10,2
txn01569,ing001,2023-07-17,PURCHASE_ORDER,31,sup005,2023-07-12,5
txn01595,ing001,2023-07-20,PURCHASE_ORDER,17,sup001,2023-07-19,1
txn01651,ing001,2023-07-25,PURCHASE_ORDER,32,sup002,2023-07-19,6
txn01694,ing001,2023-07-29,PURCHASE_ORDER,22,sup002,2023-07-28,1
txn01744,ing001,2023-08-02,PURCHASE_ORDER,17,sup005,2023-08-01,1
txn01761,ing001,2023-08-04,PURCHASE_ORDER,15,sup001,2023-08-01,3
txn01818,ing001,2023-08-09,PURCHASE_ORDER,34,sup002,2023-08-04,5
txn01842,ing001,2023-08-12,PURCHASE_ORDER,16,sup002,2023-08-09,3
txn01885,ing001,2023-08-16,PURCHASE_ORDER,19,sup001,2023-08-15,1
txn01936,ing001,2023-08-21,PURCHASE_ORDER,25,sup002,2023-08-15,6
txn01961,ing001,2023-08-24,PURCHASE_ORDER,16,sup002,2023-08-21,3
txn02007,ing001,2023-08-28,PURCHASE_ORDER,18,sup005,2023-08-27,1
txn02026,ing001,2023-08-30,PURCHASE_ORDER,17,sup005,2023-08-27,3
txn02061,ing001,2023-09-02,PURCHASE_ORDER,15,sup005,2023-09-01,1
txn02095,ing001,2023-09-05,PURCHASE_ORDER,16,sup001,2023-09-04,1
txn02157,ing001,2023-09-10,PURCHASE_ORDER,30,sup001,2023-09-04,6
txn02207,ing001,2023-09-15,PURCHASE_ORDER,27,sup005,2023-09-10,5
txn02234,ing001,2023-09-18,PURCHASE_ORDER,16,sup005,2023-09-17,1
txn02263,ing001,2023-09-21,PURCHASE_ORDER,15,sup005,2023-09-20,1
txn02296,ing001,2023-09-24,PURCHASE_ORDER,15,sup002,2023-09-23,1
txn02326,ing001,2023-09-27,PURCHASE_ORDER,16,sup001,2023-09-23,4
txn02381,ing001,2023-10-02,PURCHASE_ORDER,27,sup002,2023-09-27,5
txn02423,ing001,2023-10-05,PURCHASE_ORDER,16,sup005,2023-10-02,3
txn02452,ing001,2023-10-08,PURCHASE_ORDER,16,sup002,2023-10-07,1
txn02487,ing001,2023-10-11,PURCHASE_ORDER,15,sup005,2023-10-07,4
txn02517,ing001,2023-10-14,PURCHASE_ORDER,16,sup005,2023-10-13,1
txn02546,ing001,2023-10-17,PURCHASE_ORDER,16,sup002,2023-10-16,1
txn02579,ing001,2023-10-20,PURCHASE_ORDER,17,sup005,2023-10-16,4
txn02611,ing001,2023-10-23,PURCHASE_ORDER,16,sup005,2023-10-22,1
txn02646,ing001,2023-10-26,PURCHASE_ORDER,18,sup005,2023-10-25,1
txn02685,ing001,2023-10-30,PURCHASE_ORDER,20,sup005,2023-10-28,2
txn02733,ing001,2023-11-03,PURCHASE_ORDER,18,sup002,2023-11-01,2
txn02759,ing001,2023-11-06,PURCHASE_ORDER,15,sup005,2023-11-01,5
txn02793,ing001,2023-11-10,PURCHASE_ORDER,15,sup005,2023-11-08,2
txn02828,ing001,2023-11-13,PURCHASE_ORDER,17,sup005,2023-11-12,1
txn02862,ing001,2023-11-17,PURCHASE_ORDER,20,sup002,2023-11-15,2
txn02899,ing001,2023-11-20,PURCHASE_ORDER,16,sup005,2023-11-15,5
txn02928,ing001,2023-11-23,PURCHASE_ORDER,15,sup002,2023-11-22,1
txn02969,ing001,2023-11-27,PURCHASE_ORDER,18,sup002,2023-11-26,1
txn03009,ing001,2023-11-30,PURCHASE_ORDER,16,sup001,2023-11-26,4
txn03060,ing001,2023-12-05,PURCHASE_ORDER,36,sup002,2023-11-30,5
txn03099,ing001,2023-12-08,PURCHASE_ORDER,18,sup002,2023-12-05,3
txn03135,ing001,2023-12-11,PURCHASE_ORDER,18,sup002,2023-12-08,3
txn03165,ing001,2023-12-14,PURCHASE_ORDER,16,sup001,2023-12-11,3
txn03211,ing001,2023-12-19,PURCHASE_ORDER,34,sup005,2023-12-14,5
txn03242,ing001,2023-12-22,PURCHASE_ORDER,16,sup002,2023-12-21,1
txn03277,ing001,2023-12-25,PURCHASE_ORDER,16,sup001,2023-12-21,4
txn03329,ing001,2023-12-30,PURCHASE_ORDER,34,sup005,2023-12-25,5
txn03365,ing001,2024-01-02,PURCHASE_ORDER,16,sup002,2024-01-01,1
txn03409,ing001,2024-01-06,PURCHASE_ORDER,22,sup005,2024-01-05,1
txn03437,ing001,2024-01-09,PURCHASE_ORDER,18,sup005,2024-01-08,1
txn03476,ing001,2024-01-12,PURCHASE_ORDER,16,sup002,2024-01-11,1
txn03512,ing001,2024-01-16,PURCHASE_ORDER,19,sup005,2024-01-15,1
txn03534,ing001,2024-01-18,PURCHASE_ORDER,18,sup001,2024-01-15,3
txn03591,ing001,2024-01-23,PURCHASE_ORDER,33,sup001,2024-01-18,5
txn03650,ing001,2024-01-28,PURCHASE_ORDER,30,sup002,2024-01-23,5
txn03682,ing001,2024-01-31,PURCHASE_ORDER,15,sup001,2024-01-28,3
txn03731,ing001,2024-02-05,PURCHASE_ORDER,26,sup005,2024-01-31,5
txn03766,ing001,2024-02-08,PURCHASE_ORDER,19,sup001,2024-02-07,1
txn03810,ing001,2024-02-13,PURCHASE_ORDER,29,sup005,2024-02-07,6
txn03831,ing001,2024-02-15,PURCHASE_ORDER,17,sup001,2024-02-13,2
txn03900,ing001,2024-02-20,PURCHASE_ORDER,30,sup001,2024-02-15,5
txn03946,ing001,2024-02-25,PURCHASE_ORDER,19,sup002,2024-02-20,5
txn03972,ing001,2024-02-28,PURCHASE_ORDER,18,sup001,2024-02-25,3
txn04026,ing001,2024-03-04,PURCHASE_ORDER,24,sup001,2024-02-28,5
txn04080,ing001,2024-03-09,PURCHASE_ORDER,37,sup001,2024-03-04,5
txn04131,ing001,2024-03-14,PURCHASE_ORDER,32,sup005,2024-03-09,5
txn04167,ing001,2024-03-17,PURCHASE_ORDER,15,sup001,2024-03-16,1
txn04216,ing001,2024-03-22,PURCHASE_ORDER,30,sup001,2024-03-16,6
txn04271,ing001,2024-03-27,PURCHASE_ORDER,29,sup005,2024-03-22,5
txn04306,ing001,2024-03-30,PURCHASE_ORDER,18,sup005,2024-03-29,1
txn04351,ing001,2024-04-03,PURCHASE_ORDER,24,sup005,2024-04-01,2
txn04382,ing001,2024-04-06,PURCHASE_ORDER,15,sup001,2024-04-05,1
txn04431,ing001,2024-04-11,PURCHASE_ORDER,22,sup005,2024-04-05,6
txn04467,ing001,2024-04-14,PURCHASE_ORDER,18,sup005,2024-04-13,1
txn04504,ing001,2024-04-18,PURCHASE_ORDER,17,sup001,2024-04-16,2
txn04552,ing001,2024-04-23,PURCHASE_ORDER,27,sup001,2024-04-16,7
txn04611,ing001,2024-04-28,PURCHASE_ORDER,33,sup002,2024-04-23,5
txn04647,ing001,2024-05-01,PURCHASE_ORDER,15,sup001,2024-04-28,3
txn04697,ing001,2024-05-06,PURCHASE_ORDER,25,sup001,2024-05-01,5
txn04745,ing001,2024-05-11,PURCHASE_ORDER,32,sup005,2024-05-06,5
txn04772,ing001,2024-05-14,PURCHASE_ORDER,15,sup001,2024-05-13,1
txn04838,ing001,2024-05-19,PURCHASE_ORDER,32,sup002,2024-05-13,6
txn04870,ing001,2024-05-23,PURCHASE_ORDER,18,sup001,2024-05-22,1
txn04923,ing001,2024-05-28,PURCHASE_ORDER,30,sup002,2024-05-22,6
txn04954,ing001,2024-05-31,PURCHASE_ORDER,16,sup002,2024-05-28,3
txn04984,ing001,2024-06-03,PURCHASE_ORDER,16,sup001,2024-05-31,3
txn05029,ing001,2024-06-08,PURCHASE_ORDER,28,sup005,2024-06-03,5
txn05059,ing001,2024-06-11,PURCHASE_ORDER,17,sup002,2024-06-10,1
txn05092,ing001,2024-06-14,PURCHASE_ORDER,15,sup005,2024-06-10,4
txn05113,ing001,2024-06-16,PURCHASE_ORDER,16,sup005,2024-06-14,2
txn05151,ing001,2024-06-19,PURCHASE_ORDER,16,sup005,2024-06-18,1
txn05188,ing001,2024-06-22,PURCHASE_ORDER,18,sup002,2024-06-21,1
txn05215,ing001,2024-06-25,PURCHASE_ORDER,19,sup001,2024-06-21,4
txn05255,ing001,2024-06-30,PURCHASE_ORDER,33,sup002,2024-06-25,5
txn05294,ing001,2024-07-04,PURCHASE_ORDER,19,sup002,2024-07-03,1
txn05333,ing001,2024-07-07,PURCHASE_ORDER,16,sup001,2024-07-03,4
txn05392,ing001,2024-07-12,PURCHASE_ORDER,24,sup001,2024-07-07,5
txn05436,ing001,2024-07-17,PURCHASE_ORDER,25,sup001,2024-07-12,5
txn05490,ing001,2024-07-22,PURCHASE_ORDER,28,sup002,2024-07-17,5
txn05525,ing001,2024-07-25,PURCHASE_ORDER,16,sup002,2024-07-22,3
txn05550,ing001,2024-07-28,PURCHASE_ORDER,17,sup001,2024-07-25,3
txn05595,ing001,2024-08-02,PURCHASE_ORDER,31,sup002,2024-07-28,5
txn05632,ing001,2024-08-05,PURCHASE_ORDER,16,sup005,2024-08-02,3
txn05661,ing001,2024-08-08,PURCHASE_ORDER,17,sup001,2024-08-07,1
txn05708,ing001,2024-08-13,PURCHASE_ORDER,24,sup001,2024-08-07,6
txn05763,ing001,2024-08-18,PURCHASE_ORDER,29,sup005,2024-08-13,5
txn05789,ing001,2024-08-20,PURCHASE_ORDER,18,sup005,2024-08-18,2
txn05823,ing001,2024-08-23,PURCHASE_ORDER,17,sup001,2024-08-22,1
txn05870,ing001,2024-08-28,PURCHASE_ORDER,29,sup005,2024-08-22,6
txn05907,ing001,2024-09-01,PURCHASE_ORDER,21,sup001,2024-08-30,2
txn05955,ing001,2024-09-06,PURCHASE_ORDER,23,sup005,2024-08-30,7
txn05983,ing001,2024-09-09,PURCHASE_ORDER,21,sup001,2024-09-08,1
txn06032,ing001,2024-09-14,PURCHASE_ORDER,28,sup005,2024-09-08,6
txn06066,ing001,2024-09-18,PURCHASE_ORDER,16,sup005,2024-09-16,2
txn06105,ing001,2024-09-22,PURCHASE_ORDER,19,sup002,2024-09-20,2
txn06136,ing001,2024-09-25,PURCHASE_ORDER,19,sup005,2024-09-20,5
txn06178,ing001,2024-09-29,PURCHASE_ORDER,19,sup001,2024-09-27,2
txn06229,ing001,2024-10-04,PURCHASE_ORDER,26,sup001,2024-09-27,7
txn06279,ing001,2024-10-09,PURCHASE_ORDER,24,sup005,2024-10-04,5
txn06313,ing001,2024-10-13,PURCHASE_ORDER,19,sup005,2024-10-11,2
txn06341,ing001,2024-10-16,PURCHASE_ORDER,17,sup001,2024-10-15,1
txn06401,ing001,2024-10-21,PURCHASE_ORDER,26,sup001,2024-10-15,6
txn06451,ing001,2024-10-26,PURCHASE_ORDER,28,sup005,2024-10-21,5
txn06483,ing001,2024-10-29,PURCHASE_ORDER,17,sup002,2024-10-28,1
txn06516,ing001,2024-11-02,PURCHASE_ORDER,18,sup001,2024-11-01,1
txn06567,ing001,2024-11-07,PURCHASE_ORDER,29,sup002,2024-11-01,6
txn06599,ing001,2024-11-10,PURCHASE_ORDER,17,sup002,2024-11-07,3
txn06631,ing001,2024-11-14,PURCHASE_ORDER,19,sup001,2024-11-13,1
txn06690,ing001,2024-11-19,PURCHASE_ORDER,25,sup002,2024-11-13,6
txn06717,ing001,2024-11-22,PURCHASE_ORDER,17,sup005,2024-11-19,3
txn06752,ing001,2024-11-26,PURCHASE_ORDER,19,sup005,2024-11-24,2
txn06785,ing001,2024-11-29,PURCHASE_ORDER,21,sup001,2024-11-28,1
txn06829,ing001,2024-12-04,PURCHASE_ORDER,24,sup001,2024-11-28,6
txn06880,ing001,2024-12-09,PURCHASE_ORDER,28,sup002,2024-12-04,5
txn06907,ing001,2024-12-12,PURCHASE_ORDER,17,sup001,2024-12-09,3
txn06958,ing001,2024-12-17,PURCHASE_ORDER,25,sup002,2024-12-12,5
txn06996,ing001,2024-12-21,PURCHASE_ORDER,19,sup001,2024-12-20,1
txn07045,ing001,2024-12-26,PURCHASE_ORDER,28,sup002,2024-12-20,6
txn07076,ing001,2024-12-29,PURCHASE_ORDER,17,sup001,2024-12-26,3
txn07137,ing001,2025-01-03,PURCHASE_ORDER,27,sup002,2024-12-29,5
txn07165,ing001,2025-01-06,PURCHASE_ORDER,16,sup001,2025-01-03,3
txn07212,ing001,2025-01-11,PURCHASE_ORDER,21,sup001,2025-01-06,5
txn07266,ing001,2025-01-16,PURCHASE_ORDER,33,sup002,2025-01-11,5
txn07296,ing001,2025-01-19,PURCHASE_ORDER,18,sup002,2025-01-16,3
txn07334,ing001,2025-01-22,PURCHASE_ORDER,16,sup002,2025-01-19,3
txn07372,ing001,2025-01-25,PURCHASE_ORDER,15,sup002,2025-01-22,3
txn07399,ing001,2025-01-28,PURCHASE_ORDER,17,sup005,2025-01-25,3
txn07427,ing001,2025-01-30,PURCHASE_ORDER,15,sup001,2025-01-28,2
txn07480,ing001,2025-02-04,PURCHASE_ORDER,33,sup001,2025-01-30,5
txn07528,ing001,2025-02-09,PURCHASE_ORDER,26,sup005,2025-02-04,5
txn07564,ing001,2025-02-12,PURCHASE_ORDER,16,sup001,2025-02-11,1
txn07611,ing001,2025-02-17,PURCHASE_ORDER,24,sup002,2025-02-11,6
txn07641,ing001,2025-02-20,PURCHASE_ORDER,21,sup005,2025-02-17,3
txn07681,ing001,2025-02-23,PURCHASE_ORDER,18,sup002,2025-02-22,1
txn07710,ing001,2025-02-26,PURCHASE_ORDER,20,sup005,2025-02-22,4
txn07741,ing001,2025-03-01,PURCHASE_ORDER,17,sup002,2025-02-28,1
txn07776,ing001,2025-03-04,PURCHASE_ORDER,18,sup001,2025-02-28,4
txn07822,ing001,2025-03-09,PURCHASE_ORDER,28,sup005,2025-03-04,5
txn07863,ing001,2025-03-12,PURCHASE_ORDER,19,sup005,2025-03-11,1
txn07896,ing001,2025-03-15,PURCHASE_ORDER,18,sup001,2025-03-14,1
txn07950,ing001,2025-03-20,PURCHASE_ORDER,31,sup005,2025-03-14,6
txn07988,ing001,2025-03-24,PURCHASE_ORDER,21,sup005,2025-03-22,2
txn08030,ing001,2025-03-27,PURCHASE_ORDER,16,sup001,2025-03-26,1
txn08083,ing001,2025-04-01,PURCHASE_ORDER,32,sup002,2025-03-26,6
txn08116,ing001,2025-04-04,PURCHASE_ORDER,18,sup002,2025-04-01,3
txn08161,ing001,2025-04-08,PURCHASE_ORDER,17,sup001,2025-04-07,1
txn08206,ing001,2025-04-13,PURCHASE_ORDER,29,sup001,2025-04-07,6
txn08251,ing001,2025-04-18,PURCHASE_ORDER,29,sup001,2025-04-13,5
txn08306,ing001,2025-04-23,PURCHASE_ORDER,25,sup001,2025-04-18,5
txn08353,ing001,2025-04-28,PURCHASE_ORDER,26,sup002,2025-04-23,5
txn08380,ing001,2025-05-01,PURCHASE_ORDER,17,sup002,2025-04-28,3
txn08415,ing001,2025-05-05,PURCHASE_ORDER,20,sup002,2025-05-04,1
txn08446,ing001,2025-05-08,PURCHASE_ORDER,15,sup005,2025-05-04,4
txn08482,ing001,2025-05-12,PURCHASE_ORDER,20,sup002,2025-05-10,2
txn08513,ing001,2025-05-15,PURCHASE_ORDER,18,sup001,2025-05-10,5
txn08566,ing001,2025-05-20,PURCHASE_ORDER,29,sup002,2025-05-15,5
txn08606,ing001,2025-05-24,PURCHASE_ORDER,17,sup005,2025-05-23,1
txn08635,ing001,2025-05-27,PURCHASE_ORDER,15,sup001,2025-05-26,1
txn08680,ing001,2025-06-01,PURCHASE_ORDER,27,sup001,2025-05-26,6
txn08738,ing001,2025-06-06,PURCHASE_ORDER,24,sup005,2025-06-01,5
txn08777,ing001,2025-06-09,PURCHASE_ORDER,17,sup002,2025-06-08,1
txn08800,ing001,2025-06-12,PURCHASE_ORDER,16,sup001,2025-06-08,4
txn08844,ing001,2025-06-17,PURCHASE_ORDER,23,sup002,2025-06-12,5
txn08883,ing001,2025-06-20,PURCHASE_ORDER,16,sup002,2025-06-17,3
txn08904,ing001,2025-06-23,PURCHASE_ORDER,19,sup001,2025-06-20,3
txn08954,ing001,2025-06-28,PURCHASE_ORDER,23,sup002,2025-06-23,5
txn08984,ing001,2025-07-01,PURCHASE_ORDER,17,sup002,2025-06-28,3
txn09011,ing001,2025-07-04,PURCHASE_ORDER,16,sup001,2025-07-01,3
txn09065,ing001,2025-07-09,PURCHASE_ORDER,30,sup005,2025-07-04,5
txn09093,ing001,2025-07-12,PURCHASE_ORDER,17,sup005,2025-07-11,1
txn09135,ing001,2025-07-16,PURCHASE_ORDER,19,sup005,2025-07-14,2
txn09170,ing001,2025-07-19,PURCHASE_ORDER,15,sup005,2025-07-18,1
txn09208,ing001,2025-07-22,PURCHASE_ORDER,20,sup002,2025-07-21,1
txn09244,ing001,2025-07-25,PURCHASE_ORDER,23,sup005,2025-07-21,4
txn09273,ing001,2025-07-28,PURCHASE_ORDER,16,sup001,2025-07-27,1
txn09317,ing001,2025-08-02,PURCHASE_ORDER,25,sup002,2025-07-27,6
txn09362,ing001,2025-08-06,PURCHASE_ORDER,21,sup001,2025-08-05,1
txn09414,ing001,2025-08-11,PURCHASE_ORDER,20,sup002,2025-08-05,6
txn09446,ing001,2025-08-14,PURCHASE_ORDER,15,sup001,2025-08-11,3
txn09507,ing001,2025-08-19,PURCHASE_ORDER,33,sup005,2025-08-14,5
txn09545,ing001,2025-08-22,PURCHASE_ORDER,19,sup005,2025-08-21,1
txn09575,ing001,2025-08-25,PURCHASE_ORDER,17,sup005,2025-08-24,1
txn09606,ing001,2025-08-28,PURCHASE_ORDER,21,sup002,2025-08-27,1
txn09647,ing001,2025-09-01,PURCHASE_ORDER,16,sup002,2025-08-31,1
txn09678,ing001,2025-09-04,PURCHASE_ORDER,19,sup005,2025-08-31,4
txn09718,ing001,2025-09-08,PURCHASE_ORDER,20,sup002,2025-09-06,2
txn09750,ing001,2025-09-11,PURCHASE_ORDER,15,sup002,2025-09-06,5
txn09773,ing001,2025-09-14,PURCHASE_ORDER,16,sup002,2025-09-11,3
txn09806,ing001,2025-09-17,PURCHASE_ORDER,21,sup002,2025-09-14,3
txn09847,ing001,2025-09-20,PURCHASE_ORDER,16,sup005,2025-09-17,3
txn09878,ing001,2025-09-23,PURCHASE_ORDER,18,sup001,2025-09-22,1
txn09923,ing001,2025-09-28,PURCHASE_ORDER,25,sup005,2025-09-22,6
txn09955,ing001,2025-10-01,PURCHASE_ORDER,18,sup001,2025-09-30,1
txn10014,ing001,2025-10-06,PURCHASE_ORDER,27,sup002,2025-09-30,6
txn10048,ing001,2025-10-10,PURCHASE_ORDER,18,sup005,2025-10-09,1
txn10086,ing001,2025-10-13,PURCHASE_ORDER,18,sup002,2025-10-12,1
txn10115,ing001,2025-10-16,PURCHASE_ORDER,17,sup005,2025-10-12,4
txn10142,ing001,2025-10-18,PURCHASE_ORDER,15,sup001,2025-10-16,2
txn10193,ing001,2025-10-23,PURCHASE_ORDER,19,sup001,2025-10-18,5
txn01160,ing002,2023-06-10,PURCHASE_ORDER,9,sup002,2023-04-18,53
txn01454,ing002,2023-07-08,PURCHASE_ORDER,9,sup002,2023-06-14,24
txn01652,ing002,2023-07-25,PURCHASE_ORDER,9,sup002,2023-07-12,13
txn01921,ing002,2023-08-20,PURCHASE_ORDER,9,sup002,2023-07-29,22
txn02367,ing002,2023-10-01,PURCHASE_ORDER,9,sup004,2023-08-24,38
txn02637,ing002,2023-10-25,PURCHASE_ORDER,9,sup002,2023-10-04,21
txn03136,ing002,2023-12-11,PURCHASE_ORDER,9,sup002,2023-10-29,43
txn03535,ing002,2024-01-18,PURCHASE_ORDER,9,sup002,2023-12-15,34
txn03918,ing002,2024-02-22,PURCHASE_ORDER,9,sup004,2024-01-22,31
txn04307,ing002,2024-03-30,PURCHASE_ORDER,9,sup002,2024-02-25,34
txn04704,ing002,2024-05-07,PURCHASE_ORDER,9,sup004,2024-04-03,34
txn04995,ing002,2024-06-04,PURCHASE_ORDER,9,sup004,2024-05-10,25
txn05304,ing002,2024-07-05,PURCHASE_ORDER,9,sup004,2024-06-07,28
txn05773,ing002,2024-08-19,PURCHASE_ORDER,9,sup004,2024-07-08,42
txn06461,ing002,2024-10-27,PURCHASE_ORDER,9,sup004,2024-08-22,66
txn06919,ing002,2024-12-13,PURCHASE_ORDER,9,sup002,2024-10-30,44
txn07247,ing002,2025-01-14,PURCHASE_ORDER,9,sup002,2024-12-17,28
txn07733,ing002,2025-02-28,PURCHASE_ORDER,9,sup002,2025-01-18,41
txn08194,ing002,2025-04-12,PURCHASE_ORDER,9,sup004,2025-03-04,39
txn08701,ing002,2025-06-03,PURCHASE_ORDER,9,sup002,2025-04-15,49
txn09209,ing002,2025-07-22,PURCHASE_ORDER,9,sup004,2025-06-07,45
txn09546,ing002,2025-08-22,PURCHASE_ORDER,9,sup004,2025-07-25,28
txn09856,ing002,2025-09-21,PURCHASE_ORDER,9,sup004,2025-08-25,27
txn00110,ing003,2023-03-02,PURCHASE_ORDER,6,sup003,2023-02-23,7
txn00189,ing003,2023-03-10,PURCHASE_ORDER,6,sup003,2023-03-04,6
txn00270,ing003,2023-03-18,PURCHASE_ORDER,6,sup003,2023-03-12,6
txn00335,ing003,2023-03-24,PURCHASE_ORDER,6,sup003,2023-03-20,4
txn00446,ing003,2023-04-03,PURCHASE_ORDER,6,sup003,2023-03-26,8
txn00518,ing003,2023-04-09,PURCHASE_ORDER,6,sup003,2023-04-05,4
txn00566,ing003,2023-04-14,PURCHASE_ORDER,6,sup003,2023-04-11,3
txn00608,ing003,2023-04-18,PURCHASE_ORDER,6,sup003,2023-04-16,2
txn00663,ing003,2023-04-23,PURCHASE_ORDER,6,sup003,2023-04-20,3
txn00773,ing003,2023-05-04,PURCHASE_ORDER,6,sup003,2023-04-25,9
txn00857,ing003,2023-05-12,PURCHASE_ORDER,6,sup003,2023-05-06,6
txn00939,ing003,2023-05-20,PURCHASE_ORDER,6,sup003,2023-05-14,6
txn00988,ing003,2023-05-25,PURCHASE_ORDER,6,sup003,2023-05-22,3
txn01047,ing003,2023-05-31,PURCHASE_ORDER,6,sup003,2023-05-27,4
txn01161,ing003,2023-06-10,PURCHASE_ORDER,6,sup003,2023-06-02,8
txn01226,ing003,2023-06-16,PURCHASE_ORDER,6,sup003,2023-06-12,4
txn01303,ing003,2023-06-23,PURCHASE_ORDER,6,sup003,2023-06-18,5
txn01363,ing003,2023-06-29,PURCHASE_ORDER,6,sup003,2023-06-25,4
txn01428,ing003,2023-07-05,PURCHASE_ORDER,6,sup003,2023-07-01,4
txn01492,ing003,2023-07-11,PURCHASE_ORDER,7,sup003,2023-07-07,4
txn01557,ing003,2023-07-16,PURCHASE_ORDER,6,sup003,2023-07-13,3
txn01607,ing003,2023-07-21,PURCHASE_ORDER,6,sup003,2023-07-18,3
txn01653,ing003,2023-07-25,PURCHASE_ORDER,7,sup003,2023-07-23,2
txn01731,ing003,2023-08-01,PURCHASE_ORDER,6,sup003,2023-07-27,5
txn01795,ing003,2023-08-07,PURCHASE_ORDER,6,sup003,2023-08-03,4
txn01856,ing003,2023-08-13,PURCHASE_ORDER,6,sup003,2023-08-09,4
txn01922,ing003,2023-08-20,PURCHASE_ORDER,6,sup003,2023-08-15,5
txn02008,ing003,2023-08-28,PURCHASE_ORDER,6,sup003,2023-08-22,6
txn02062,ing003,2023-09-02,PURCHASE_ORDER,6,sup003,2023-08-30,3
txn02130,ing003,2023-09-08,PURCHASE_ORDER,6,sup003,2023-09-04,4
txn02217,ing003,2023-09-16,PURCHASE_ORDER,6,sup003,2023-09-10,6
txn02307,ing003,2023-09-25,PURCHASE_ORDER,6,sup003,2023-09-18,7
txn02359,ing003,2023-09-30,PURCHASE_ORDER,6,sup003,2023-09-27,3
txn02424,ing003,2023-10-05,PURCHASE_ORDER,7,sup003,2023-10-02,3
txn02488,ing003,2023-10-11,PURCHASE_ORDER,6,sup003,2023-10-07,4
txn02558,ing003,2023-10-18,PURCHASE_ORDER,6,sup003,2023-10-13,5
txn02638,ing003,2023-10-25,PURCHASE_ORDER,6,sup003,2023-10-20,5
txn02724,ing003,2023-11-02,PURCHASE_ORDER,6,sup003,2023-10-27,6
txn02794,ing003,2023-11-10,PURCHASE_ORDER,6,sup003,2023-11-04,6
txn02854,ing003,2023-11-16,PURCHASE_ORDER,6,sup003,2023-11-12,4
txn02946,ing003,2023-11-25,PURCHASE_ORDER,6,sup003,2023-11-18,7
txn03038,ing003,2023-12-03,PURCHASE_ORDER,6,sup003,2023-11-27,6
txn03100,ing003,2023-12-08,PURCHASE_ORDER,6,sup003,2023-12-05,3
txn03173,ing003,2023-12-15,PURCHASE_ORDER,6,sup003,2023-12-10,5
txn03243,ing003,2023-12-22,PURCHASE_ORDER,6,sup003,2023-12-17,5
txn03310,ing003,2023-12-28,PURCHASE_ORDER,6,sup003,2023-12-24,4
txn03378,ing003,2024-01-03,PURCHASE_ORDER,6,sup003,2023-12-30,4
txn03424,ing003,2024-01-08,PURCHASE_ORDER,6,sup003,2024-01-05,3
txn03513,ing003,2024-01-16,PURCHASE_ORDER,6,sup003,2024-01-10,6
txn03555,ing003,2024-01-20,PURCHASE_ORDER,7,sup003,2024-01-18,2
txn03617,ing003,2024-01-25,PURCHASE_ORDER,6,sup003,2024-01-22,3
txn03721,ing003,2024-02-04,PURCHASE_ORDER,6,sup003,2024-01-27,8
txn03779,ing003,2024-02-10,PURCHASE_ORDER,6,sup003,2024-02-06,4
txn03874,ing003,2024-02-18,PURCHASE_ORDER,6,sup003,2024-02-12,6
txn03933,ing003,2024-02-24,PURCHASE_ORDER,6,sup003,2024-02-20,4
txn04001,ing003,2024-03-02,PURCHASE_ORDER,6,sup003,2024-02-26,5
txn04056,ing003,2024-03-07,PURCHASE_ORDER,7,sup003,2024-03-04,3
txn04117,ing003,2024-03-13,PURCHASE_ORDER,6,sup003,2024-03-09,4
txn04205,ing003,2024-03-21,PURCHASE_ORDER,6,sup003,2024-03-15,6
txn04308,ing003,2024-03-30,PURCHASE_ORDER,7,sup003,2024-03-23,7
txn04361,ing003,2024-04-04,PURCHASE_ORDER,6,sup003,2024-04-01,3
txn04443,ing003,2024-04-12,PURCHASE_ORDER,6,sup003,2024-04-06,6
txn04505,ing003,2024-04-18,PURCHASE_ORDER,6,sup003,2024-04-14,4
txn04553,ing003,2024-04-23,PURCHASE_ORDER,6,sup003,2024-04-20,3
txn04631,ing003,2024-04-30,PURCHASE_ORDER,6,sup003,2024-04-25,5
txn04718,ing003,2024-05-08,PURCHASE_ORDER,6,sup003,2024-05-02,6
txn04767,ing003,2024-05-13,PURCHASE_ORDER,6,sup003,2024-05-10,3
txn04823,ing003,2024-05-18,PURCHASE_ORDER,6,sup003,2024-05-15,3
txn04891,ing003,2024-05-25,PURCHASE_ORDER,6,sup003,2024-05-20,5
txn04975,ing003,2024-06-02,PURCHASE_ORDER,6,sup003,2024-05-27,6
txn05018,ing003,2024-06-07,PURCHASE_ORDER,6,sup003,2024-06-04,3
txn05080,ing003,2024-06-13,PURCHASE_ORDER,6,sup003,2024-06-09,4
txn05136,ing003,2024-06-18,PURCHASE_ORDER,6,sup003,2024-06-15,3
txn05203,ing003,2024-06-24,PURCHASE_ORDER,6,sup003,2024-06-20,4
txn05256,ing003,2024-06-30,PURCHASE_ORDER,6,sup003,2024-06-26,4
txn05305,ing003,2024-07-05,PURCHASE_ORDER,6,sup003,2024-07-02,3
txn05369,ing003,2024-07-10,PURCHASE_ORDER,6,sup003,2024-07-07,3
txn05481,ing003,2024-07-21,PURCHASE_ORDER,6,sup003,2024-07-12,9
txn05551,ing003,2024-07-28,PURCHASE_ORDER,6,sup003,2024-07-23,5
txn05633,ing003,2024-08-05,PURCHASE_ORDER,6,sup003,2024-07-30,6
txn05698,ing003,2024-08-12,PURCHASE_ORDER,6,sup003,2024-08-07,5
txn05774,ing003,2024-08-19,PURCHASE_ORDER,6,sup003,2024-08-14,5
txn05838,ing003,2024-08-25,PURCHASE_ORDER,6,sup003,2024-08-21,4
txn05908,ing003,2024-09-01,PURCHASE_ORDER,7,sup003,2024-08-27,5
txn05975,ing003,2024-09-08,PURCHASE_ORDER,6,sup003,2024-09-03,5
txn06033,ing003,2024-09-14,PURCHASE_ORDER,6,sup003,2024-09-10,4
txn06094,ing003,2024-09-21,PURCHASE_ORDER,6,sup003,2024-09-16,5
txn06189,ing003,2024-09-30,PURCHASE_ORDER,6,sup003,2024-09-23,7
txn06290,ing003,2024-10-10,PURCHASE_ORDER,6,sup003,2024-10-02,8
txn06353,ing003,2024-10-17,PURCHASE_ORDER,6,sup003,2024-10-12,5
txn06462,ing003,2024-10-27,PURCHASE_ORDER,6,sup003,2024-10-19,8
txn06527,ing003,2024-11-03,PURCHASE_ORDER,6,sup003,2024-10-29,5
txn06600,ing003,2024-11-10,PURCHASE_ORDER,6,sup003,2024-11-05,5
txn06718,ing003,2024-11-22,PURCHASE_ORDER,6,sup003,2024-11-12,10
txn06802,ing003,2024-12-01,PURCHASE_ORDER,6,sup003,2024-11-24,7
txn06859,ing003,2024-12-07,PURCHASE_ORDER,6,sup003,2024-12-03,4
txn06897,ing003,2024-12-11,PURCHASE_ORDER,6,sup003,2024-12-09,2
txn06986,ing003,2024-12-20,PURCHASE_ORDER,7,sup003,2024-12-13,7
txn07027,ing003,2024-12-24,PURCHASE_ORDER,6,sup003,2024-12-22,2
txn07084,ing003,2024-12-30,PURCHASE_ORDER,6,sup003,2024-12-26,4
txn07153,ing003,2025-01-05,PURCHASE_ORDER,6,sup003,2025-01-01,4
txn07233,ing003,2025-01-13,PURCHASE_ORDER,6,sup003,2025-01-07,6
txn07322,ing003,2025-01-21,PURCHASE_ORDER,6,sup003,2025-01-15,6
txn07400,ing003,2025-01-28,PURCHASE_ORDER,6,sup003,2025-01-23,5
txn07473,ing003,2025-02-03,PURCHASE_ORDER,8,sup003,2025-01-30,4
txn07556,ing003,2025-02-11,PURCHASE_ORDER,6,sup003,2025-02-05,6
txn07633,ing003,2025-02-19,PURCHASE_ORDER,7,sup003,2025-02-13,6
txn07711,ing003,2025-02-26,PURCHASE_ORDER,6,sup003,2025-02-21,5
txn07777,ing003,2025-03-04,PURCHASE_ORDER,6,sup003,2025-02-28,4
txn07845,ing003,2025-03-11,PURCHASE_ORDER,6,sup003,2025-03-06,5
txn07914,ing003,2025-03-17,PURCHASE_ORDER,6,sup003,2025-03-13,4
txn07998,ing003,2025-03-25,PURCHASE_ORDER,6,sup003,2025-03-19,6
txn08072,ing003,2025-03-31,PURCHASE_ORDER,6,sup003,2025-03-27,4
txn08140,ing003,2025-04-06,PURCHASE_ORDER,6,sup003,2025-04-02,4
txn08212,ing003,2025-04-14,PURCHASE_ORDER,6,sup003,2025-04-08,6
txn08293,ing003,2025-04-22,PURCHASE_ORDER,6,sup003,2025-04-16,6
txn08362,ing003,2025-04-29,PURCHASE_ORDER,6,sup003,2025-04-24,5
txn08447,ing003,2025-05-08,PURCHASE_ORDER,6,sup003,2025-05-01,7
txn08546,ing003,2025-05-18,PURCHASE_ORDER,6,sup003,2025-05-10,8
txn08616,ing003,2025-05-25,PURCHASE_ORDER,6,sup003,2025-05-20,5
txn08690,ing003,2025-06-02,PURCHASE_ORDER,6,sup003,2025-05-27,6
txn08763,ing003,2025-06-08,PURCHASE_ORDER,6,sup003,2025-06-04,4
txn08829,ing003,2025-06-15,PURCHASE_ORDER,6,sup003,2025-06-10,5
txn08905,ing003,2025-06-23,PURCHASE_ORDER,6,sup003,2025-06-17,6
txn08972,ing003,2025-06-30,PURCHASE_ORDER,7,sup003,2025-06-25,5
txn09042,ing003,2025-07-07,PURCHASE_ORDER,7,sup003,2025-07-02,5
txn09117,ing003,2025-07-14,PURCHASE_ORDER,6,sup003,2025-07-09,5
txn09179,ing003,2025-07-20,PURCHASE_ORDER,6,sup003,2025-07-16,4
txn09261,ing003,2025-07-27,PURCHASE_ORDER,8,sup003,2025-07-22,5
txn09363,ing003,2025-08-06,PURCHASE_ORDER,6,sup003,2025-07-29,8
txn09482,ing003,2025-08-17,PURCHASE_ORDER,6,sup003,2025-08-08,9
txn09560,ing003,2025-08-23,PURCHASE_ORDER,6,sup003,2025-08-19,4
txn09623,ing003,2025-08-29,PURCHASE_ORDER,6,sup003,2025-08-25,4
txn09665,ing003,2025-09-03,PURCHASE_ORDER,6,sup003,2025-08-31,3
txn09756,ing003,2025-09-12,PURCHASE_ORDER,6,sup003,2025-09-05,7
txn09832,ing003,2025-09-19,PURCHASE_ORDER,6,sup003,2025-09-14,5
txn09879,ing003,2025-09-23,PURCHASE_ORDER,6,sup003,2025-09-21,2
txn09956,ing003,2025-10-01,PURCHASE_ORDER,6,sup003,2025-09-25,6
txn10023,ing003,2025-10-07,PURCHASE_ORDER,6,sup003,2025-10-03,4
txn10127,ing003,2025-10-17,PURCHASE_ORDER,6,sup003,2025-10-09,8
txn10206,ing003,2025-10-24,PURCHASE_ORDER,6,sup003,2025-10-19,5
txn00597,ing004,2023-04-17,PURCHASE_ORDER,11,sup002,2023-03-26,22
txn01182,ing004,2023-06-12,PURCHASE_ORDER,11,sup002,2023-04-20,53
txn01455,ing004,2023-07-08,PURCHASE_ORDER,11,sup002,2023-06-15,23
txn01662,ing004,2023-07-26,PURCHASE_ORDER,11,sup002,2023-07-11,15
txn01995,ing004,2023-08-27,PURCHASE_ORDER,11,sup004,2023-07-29,29
txn02347,ing004,2023-09-29,PURCHASE_ORDER,11,sup004,2023-08-31,29
txn02639,ing004,2023-10-25,PURCHASE_ORDER,11,sup002,2023-10-03,22
txn02922,ing004,2023-11-22,PURCHASE_ORDER,11,sup002,2023-10-28,25
txn03289,ing004,2023-12-26,PURCHASE_ORDER,11,sup004,2023-11-25,31
txn03606,ing004,2024-01-24,PURCHASE_ORDER,11,sup002,2023-12-30,25
txn03919,ing004,2024-02-22,PURCHASE_ORDER,11,sup004,2024-01-27,26
txn04182,ing004,2024-03-19,PURCHASE_ORDER,11,sup004,2024-02-26,22
txn04544,ing004,2024-04-22,PURCHASE_ORDER,11,sup002,2024-03-23,30
txn04871,ing004,2024-05-23,PURCHASE_ORDER,11,sup002,2024-04-25,28
txn05114,ing004,2024-06-16,PURCHASE_ORDER,11,sup004,2024-05-26,21
txn05399,ing004,2024-07-13,PURCHASE_ORDER,11,sup004,2024-06-20,23
txn05653,ing004,2024-08-07,PURCHASE_ORDER,11,sup002,2024-07-17,21
txn05909,ing004,2024-09-01,PURCHASE_ORDER,11,sup002,2024-08-10,22
txn06342,ing004,2024-10-16,PURCHASE_ORDER,11,sup004,2024-09-04,42
txn06753,ing004,2024-11-26,PURCHASE_ORDER,11,sup004,2024-10-20,37
txn06931,ing004,2024-12-14,PURCHASE_ORDER,11,sup004,2024-11-30,14
txn07220,ing004,2025-01-12,PURCHASE_ORDER,11,sup002,2024-12-18,25
txn07734,ing004,2025-02-28,PURCHASE_ORDER,11,sup004,2025-01-15,44
txn08038,ing004,2025-03-28,PURCHASE_ORDER,11,sup002,2025-03-04,24
txn08381,ing004,2025-05-01,PURCHASE_ORDER,11,sup002,2025-03-31,31
txn08681,ing004,2025-06-01,PURCHASE_ORDER,11,sup004,2025-05-04,28
txn08973,ing004,2025-06-30,PURCHASE_ORDER,11,sup002,2025-06-05,25
txn09434,ing004,2025-08-13,PURCHASE_ORDER,11,sup004,2025-07-03,41
txn09666,ing004,2025-09-03,PURCHASE_ORDER,11,sup002,2025-08-17,17
txn09906,ing004,2025-09-26,PURCHASE_ORDER,11,sup004,2025-09-06,20
txn01048,ing005,2023-05-31,PURCHASE_ORDER,7,sup002,2023-04-16,45
txn01493,ing005,2023-07-11,PURCHASE_ORDER,7,sup002,2023-06-05,36
txn01673,ing005,2023-07-27,PURCHASE_ORDER,7,sup002,2023-07-16,11
txn02121,ing005,2023-09-07,PURCHASE_ORDER,7,sup004,2023-08-01,37
txn02425,ing005,2023-10-05,PURCHASE_ORDER,7,sup004,2023-09-11,24
txn02993,ing005,2023-11-29,PURCHASE_ORDER,7,sup004,2023-10-09,51
txn03302,ing005,2023-12-27,PURCHASE_ORDER,7,sup002,2023-12-03,24
txn03618,ing005,2024-01-25,PURCHASE_ORDER,7,sup002,2024-01-01,24
txn04043,ing005,2024-03-06,PURCHASE_ORDER,7,sup004,2024-01-30,36
txn04352,ing005,2024-04-03,PURCHASE_ORDER,7,sup002,2024-03-10,24
txn04788,ing005,2024-05-15,PURCHASE_ORDER,7,sup002,2024-04-08,37
txn05104,ing005,2024-06-15,PURCHASE_ORDER,7,sup004,2024-05-20,26
txn05482,ing005,2024-07-21,PURCHASE_ORDER,7,sup004,2024-06-19,32
txn05871,ing005,2024-08-28,PURCHASE_ORDER,7,sup004,2024-07-25,34
txn06719,ing005,2024-11-22,PURCHASE_ORDER,7,sup004,2024-09-01,82
txn07015,ing005,2024-12-23,PURCHASE_ORDER,7,sup002,2024-11-26,27
txn07417,ing005,2025-01-29,PURCHASE_ORDER,7,sup004,2024-12-28,32
txn08049,ing005,2025-03-29,PURCHASE_ORDER,7,sup004,2025-02-02,55
txn08636,ing005,2025-05-27,PURCHASE_ORDER,7,sup002,2025-04-02,55
txn09118,ing005,2025-07-14,PURCHASE_ORDER,7,sup002,2025-06-01,43
txn09629,ing005,2025-08-30,PURCHASE_ORDER,7,sup004,2025-07-19,42
txn09957,ing005,2025-10-01,PURCHASE_ORDER,7,sup004,2025-09-03,28
txn00111,ing006,2023-03-02,PURCHASE_ORDER,5,sup004,2023-02-25,5
txn00179,ing006,2023-03-09,PURCHASE_ORDER,5,sup004,2023-03-04,5
txn00225,ing006,2023-03-13,PURCHASE_ORDER,5,sup004,2023-03-11,2
txn00315,ing006,2023-03-22,PURCHASE_ORDER,5,sup004,2023-03-15,7
txn00402,ing006,2023-03-30,PURCHASE_ORDER,5,sup004,2023-03-24,6
txn00478,ing006,2023-04-06,PURCHASE_ORDER,6,sup004,2023-04-01,5
txn00539,ing006,2023-04-11,PURCHASE_ORDER,5,sup004,2023-04-08,3
txn00644,ing006,2023-04-21,PURCHASE_ORDER,5,sup004,2023-04-13,8
txn00718,ing006,2023-04-29,PURCHASE_ORDER,5,sup004,2023-04-23,6
txn00774,ing006,2023-05-04,PURCHASE_ORDER,6,sup004,2023-05-01,3
txn00888,ing006,2023-05-15,PURCHASE_ORDER,5,sup004,2023-05-06,9
txn00998,ing006,2023-05-26,PURCHASE_ORDER,6,sup004,2023-05-17,9
txn01086,ing006,2023-06-03,PURCHASE_ORDER,5,sup004,2023-05-28,6
txn01148,ing006,2023-06-09,PURCHASE_ORDER,5,sup004,2023-06-05,4
txn01205,ing006,2023-06-14,PURCHASE_ORDER,5,sup004,2023-06-11,3
txn01273,ing006,2023-06-20,PURCHASE_ORDER,5,sup004,2023-06-16,4
txn01333,ing006,2023-06-26,PURCHASE_ORDER,5,sup004,2023-06-22,4
txn01397,ing006,2023-07-02,PURCHASE_ORDER,5,sup004,2023-06-28,4
txn01442,ing006,2023-07-07,PURCHASE_ORDER,5,sup004,2023-07-04,3
txn01522,ing006,2023-07-13,PURCHASE_ORDER,5,sup004,2023-07-09,4
txn01608,ing006,2023-07-21,PURCHASE_ORDER,5,sup004,2023-07-15,6
txn01704,ing006,2023-07-30,PURCHASE_ORDER,5,sup004,2023-07-23,7
txn01772,ing006,2023-08-05,PURCHASE_ORDER,5,sup004,2023-08-01,4
txn01843,ing006,2023-08-12,PURCHASE_ORDER,5,sup004,2023-08-07,5
txn01943,ing006,2023-08-22,PURCHASE_ORDER,6,sup004,2023-08-14,8
txn02027,ing006,2023-08-30,PURCHASE_ORDER,5,sup004,2023-08-24,6
txn02122,ing006,2023-09-07,PURCHASE_ORDER,5,sup004,2023-09-01,6
txn02176,ing006,2023-09-12,PURCHASE_ORDER,5,sup004,2023-09-09,3
txn02251,ing006,2023-09-20,PURCHASE_ORDER,5,sup004,2023-09-14,6
txn02315,ing006,2023-09-26,PURCHASE_ORDER,5,sup004,2023-09-22,4
txn02426,ing006,2023-10-05,PURCHASE_ORDER,5,sup004,2023-09-28,7
txn02527,ing006,2023-10-15,PURCHASE_ORDER,5,sup004,2023-10-07,8
txn02612,ing006,2023-10-23,PURCHASE_ORDER,5,sup004,2023-10-17,6
txn02709,ing006,2023-11-01,PURCHASE_ORDER,5,sup004,2023-10-25,7
txn02795,ing006,2023-11-10,PURCHASE_ORDER,5,sup004,2023-11-03,7
txn02863,ing006,2023-11-17,PURCHASE_ORDER,5,sup004,2023-11-12,5
txn02958,ing006,2023-11-26,PURCHASE_ORDER,5,sup004,2023-11-19,7
txn03061,ing006,2023-12-05,PURCHASE_ORDER,5,sup004,2023-11-28,7
txn03121,ing006,2023-12-10,PURCHASE_ORDER,5,sup004,2023-12-07,3
txn03193,ing006,2023-12-17,PURCHASE_ORDER,5,sup004,2023-12-12,5
txn03244,ing006,2023-12-22,PURCHASE_ORDER,6,sup004,2023-12-19,3
txn03303,ing006,2023-12-27,PURCHASE_ORDER,5,sup004,2023-12-24,3
txn03379,ing006,2024-01-03,PURCHASE_ORDER,5,sup004,2023-12-29,5
txn03448,ing006,2024-01-10,PURCHASE_ORDER,6,sup004,2024-01-05,5
txn03493,ing006,2024-01-14,PURCHASE_ORDER,5,sup004,2024-01-12,2
txn03548,ing006,2024-01-19,PURCHASE_ORDER,5,sup004,2024-01-16,3
txn03607,ing006,2024-01-24,PURCHASE_ORDER,5,sup004,2024-01-21,3
txn03651,ing006,2024-01-28,PURCHASE_ORDER,5,sup004,2024-01-26,2
txn03722,ing006,2024-02-04,PURCHASE_ORDER,5,sup004,2024-01-30,5
txn03798,ing006,2024-02-12,PURCHASE_ORDER,5,sup004,2024-02-06,6
txn03857,ing006,2024-02-17,PURCHASE_ORDER,5,sup004,2024-02-14,3
txn03957,ing006,2024-02-26,PURCHASE_ORDER,5,sup004,2024-02-19,7
txn03979,ing006,2024-02-29,PURCHASE_ORDER,5,sup004,2024-02-28,1
txn04104,ing006,2024-03-12,PURCHASE_ORDER,6,sup004,2024-03-02,10
txn04183,ing006,2024-03-19,PURCHASE_ORDER,5,sup004,2024-03-14,5
txn04238,ing006,2024-03-24,PURCHASE_ORDER,5,sup004,2024-03-21,3
txn04297,ing006,2024-03-29,PURCHASE_ORDER,5,sup004,2024-03-26,3
txn04375,ing006,2024-04-05,PURCHASE_ORDER,5,sup004,2024-03-31,5
txn04468,ing006,2024-04-14,PURCHASE_ORDER,5,sup004,2024-04-07,7
txn04525,ing006,2024-04-20,PURCHASE_ORDER,5,sup004,2024-04-16,4
txn04673,ing006,2024-05-04,PURCHASE_ORDER,5,sup004,2024-04-22,12
txn04732,ing006,2024-05-10,PURCHASE_ORDER,5,sup004,2024-05-06,4
txn04789,ing006,2024-05-15,PURCHASE_ORDER,5,sup004,2024-05-12,3
txn04872,ing006,2024-05-23,PURCHASE_ORDER,5,sup004,2024-05-17,6
txn04976,ing006,2024-06-02,PURCHASE_ORDER,5,sup004,2024-05-25,8
txn05019,ing006,2024-06-07,PURCHASE_ORDER,5,sup004,2024-06-04,3
txn05137,ing006,2024-06-18,PURCHASE_ORDER,5,sup004,2024-06-09,9
txn05204,ing006,2024-06-24,PURCHASE_ORDER,5,sup004,2024-06-20,4
txn05237,ing006,2024-06-28,PURCHASE_ORDER,5,sup004,2024-06-26,2
txn05289,ing006,2024-07-03,PURCHASE_ORDER,5,sup004,2024-06-30,3
txn05424,ing006,2024-07-16,PURCHASE_ORDER,5,sup004,2024-07-05,11
txn05491,ing006,2024-07-22,PURCHASE_ORDER,5,sup004,2024-07-18,4
txn05552,ing006,2024-07-28,PURCHASE_ORDER,5,sup004,2024-07-24,4
txn05596,ing006,2024-08-02,PURCHASE_ORDER,5,sup004,2024-07-30,3
txn05690,ing006,2024-08-11,PURCHASE_ORDER,5,sup004,2024-08-04,7
txn05775,ing006,2024-08-19,PURCHASE_ORDER,5,sup004,2024-08-13,6
txn05872,ing006,2024-08-28,PURCHASE_ORDER,5,sup004,2024-08-21,7
txn05956,ing006,2024-09-06,PURCHASE_ORDER,5,sup004,2024-08-30,7
txn06023,ing006,2024-09-13,PURCHASE_ORDER,5,sup004,2024-09-08,5
txn06073,ing006,2024-09-19,PURCHASE_ORDER,5,sup004,2024-09-15,4
txn06137,ing006,2024-09-25,PURCHASE_ORDER,5,sup004,2024-09-21,4
txn06209,ing006,2024-10-02,PURCHASE_ORDER,5,sup004,2024-09-27,5
txn06268,ing006,2024-10-08,PURCHASE_ORDER,5,sup004,2024-10-04,4
txn06329,ing006,2024-10-15,PURCHASE_ORDER,5,sup004,2024-10-10,5
txn06452,ing006,2024-10-26,PURCHASE_ORDER,5,sup004,2024-10-17,9
txn06528,ing006,2024-11-03,PURCHASE_ORDER,5,sup004,2024-10-28,6
txn06590,ing006,2024-11-09,PURCHASE_ORDER,5,sup004,2024-11-05,4
txn06643,ing006,2024-11-15,PURCHASE_ORDER,5,sup004,2024-11-11,4
txn06735,ing006,2024-11-24,PURCHASE_ORDER,5,sup004,2024-11-17,7
txn06786,ing006,2024-11-29,PURCHASE_ORDER,5,sup004,2024-11-26,3
txn06869,ing006,2024-12-08,PURCHASE_ORDER,5,sup004,2024-12-01,7
txn06946,ing006,2024-12-16,PURCHASE_ORDER,5,sup004,2024-12-10,6
txn07037,ing006,2024-12-25,PURCHASE_ORDER,5,sup004,2024-12-18,7
txn07108,ing006,2025-01-01,PURCHASE_ORDER,5,sup004,2024-12-27,5
txn07176,ing006,2025-01-07,PURCHASE_ORDER,5,sup004,2025-01-03,4
txn07221,ing006,2025-01-12,PURCHASE_ORDER,5,sup004,2025-01-09,3
txn07323,ing006,2025-01-21,PURCHASE_ORDER,5,sup004,2025-01-14,7
txn07401,ing006,2025-01-28,PURCHASE_ORDER,6,sup004,2025-01-23,5
txn07529,ing006,2025-02-09,PURCHASE_ORDER,6,sup004,2025-01-30,10
txn07586,ing006,2025-02-14,PURCHASE_ORDER,5,sup004,2025-02-11,3
txn07642,ing006,2025-02-20,PURCHASE_ORDER,5,sup004,2025-02-16,4
txn07712,ing006,2025-02-26,PURCHASE_ORDER,5,sup004,2025-02-22,4
txn07802,ing006,2025-03-07,PURCHASE_ORDER,5,sup004,2025-02-28,7
txn07887,ing006,2025-03-14,PURCHASE_ORDER,5,sup004,2025-03-09,5
txn07939,ing006,2025-03-19,PURCHASE_ORDER,5,sup004,2025-03-16,3
txn08031,ing006,2025-03-27,PURCHASE_ORDER,5,sup004,2025-03-21,6
txn08092,ing006,2025-04-02,PURCHASE_ORDER,5,sup004,2025-03-29,4
txn08151,ing006,2025-04-07,PURCHASE_ORDER,5,sup004,2025-04-04,3
txn08240,ing006,2025-04-17,PURCHASE_ORDER,5,sup004,2025-04-09,8
txn08281,ing006,2025-04-21,PURCHASE_ORDER,5,sup004,2025-04-19,2
txn08382,ing006,2025-05-01,PURCHASE_ORDER,5,sup004,2025-04-23,8
txn08471,ing006,2025-05-11,PURCHASE_ORDER,5,sup004,2025-05-03,8
txn08534,ing006,2025-05-17,PURCHASE_ORDER,5,sup004,2025-05-13,4
txn08637,ing006,2025-05-27,PURCHASE_ORDER,5,sup004,2025-05-19,8
txn08712,ing006,2025-06-04,PURCHASE_ORDER,5,sup004,2025-05-29,6
txn08837,ing006,2025-06-16,PURCHASE_ORDER,5,sup004,2025-06-06,10
txn08899,ing006,2025-06-22,PURCHASE_ORDER,5,sup004,2025-06-18,4
txn08965,ing006,2025-06-29,PURCHASE_ORDER,6,sup004,2025-06-24,5
txn09020,ing006,2025-07-05,PURCHASE_ORDER,5,sup004,2025-07-01,4
txn09066,ing006,2025-07-09,PURCHASE_ORDER,5,sup004,2025-07-07,2
txn09124,ing006,2025-07-15,PURCHASE_ORDER,5,sup004,2025-07-11,4
txn09192,ing006,2025-07-21,PURCHASE_ORDER,5,sup004,2025-07-17,4
txn09254,ing006,2025-07-26,PURCHASE_ORDER,5,sup004,2025-07-23,3
txn09326,ing006,2025-08-03,PURCHASE_ORDER,5,sup004,2025-07-28,6
txn09447,ing006,2025-08-14,PURCHASE_ORDER,5,sup004,2025-08-05,9
txn09533,ing006,2025-08-21,PURCHASE_ORDER,5,sup004,2025-08-16,5
txn09581,ing006,2025-08-26,PURCHASE_ORDER,5,sup004,2025-08-23,3
txn09700,ing006,2025-09-06,PURCHASE_ORDER,5,sup004,2025-08-28,9
txn09794,ing006,2025-09-16,PURCHASE_ORDER,5,sup004,2025-09-08,8
txn09867,ing006,2025-09-22,PURCHASE_ORDER,5,sup004,2025-09-18,4
txn09948,ing006,2025-09-30,PURCHASE_ORDER,5,sup004,2025-09-24,6
txn09986,ing006,2025-10-04,PURCHASE_ORDER,5,sup004,2025-10-02,2
txn10060,ing006,2025-10-11,PURCHASE_ORDER,5,sup004,2025-10-06,5
txn10128,ing006,2025-10-17,PURCHASE_ORDER,5,sup004,2025-10-13,4
txn00103,ing007,2023-03-01,PURCHASE_ORDER,10,sup002,2023-02-25,4
txn00180,ing007,2023-03-09,PURCHASE_ORDER,11,sup007,2023-03-04,5
txn00271,ing007,2023-03-18,PURCHASE_ORDER,10,sup007,2023-03-13,5
txn00353,ing007,2023-03-26,PURCHASE_ORDER,10,sup007,2023-03-22,4
txn00468,ing007,2023-04-05,PURCHASE_ORDER,10,sup002,2023-03-30,6
txn00556,ing007,2023-04-13,PURCHASE_ORDER,10,sup002,2023-04-08,5
txn00645,ing007,2023-04-21,PURCHASE_ORDER,10,sup007,2023-04-16,5
txn00729,ing007,2023-04-30,PURCHASE_ORDER,10,sup002,2023-04-25,5
txn00809,ing007,2023-05-07,PURCHASE_ORDER,10,sup002,2023-05-03,4
txn00940,ing007,2023-05-20,PURCHASE_ORDER,10,sup007,2023-05-10,10
txn01017,ing007,2023-05-28,PURCHASE_ORDER,10,sup002,2023-05-24,4
txn01132,ing007,2023-06-07,PURCHASE_ORDER,11,sup002,2023-05-31,7
txn01216,ing007,2023-06-15,PURCHASE_ORDER,10,sup002,2023-06-10,5
txn01325,ing007,2023-06-25,PURCHASE_ORDER,11,sup002,2023-06-18,7
txn01398,ing007,2023-07-02,PURCHASE_ORDER,10,sup007,2023-06-28,4
txn01466,ing007,2023-07-09,PURCHASE_ORDER,10,sup002,2023-07-06,3
txn01596,ing007,2023-07-20,PURCHASE_ORDER,10,sup002,2023-07-12,8
txn01674,ing007,2023-07-27,PURCHASE_ORDER,10,sup002,2023-07-23,4
txn01762,ing007,2023-08-04,PURCHASE_ORDER,11,sup002,2023-07-30,5
txn01835,ing007,2023-08-11,PURCHASE_ORDER,10,sup007,2023-08-07,4
txn01909,ing007,2023-08-19,PURCHASE_ORDER,10,sup002,2023-08-15,4
txn02009,ing007,2023-08-28,PURCHASE_ORDER,11,sup007,2023-08-22,6
txn02105,ing007,2023-09-06,PURCHASE_ORDER,10,sup007,2023-09-01,5
txn02186,ing007,2023-09-13,PURCHASE_ORDER,10,sup002,2023-09-10,3
txn02264,ing007,2023-09-21,PURCHASE_ORDER,10,sup002,2023-09-16,5
txn02348,ing007,2023-09-29,PURCHASE_ORDER,10,sup007,2023-09-24,5
txn02443,ing007,2023-10-07,PURCHASE_ORDER,10,sup002,2023-10-03,4
txn02537,ing007,2023-10-16,PURCHASE_ORDER,10,sup002,2023-10-10,6
txn02601,ing007,2023-10-22,PURCHASE_ORDER,10,sup002,2023-10-19,3
txn02698,ing007,2023-10-31,PURCHASE_ORDER,10,sup007,2023-10-25,6
txn02778,ing007,2023-11-08,PURCHASE_ORDER,11,sup002,2023-11-04,4
txn02878,ing007,2023-11-18,PURCHASE_ORDER,10,sup007,2023-11-11,7
txn02959,ing007,2023-11-26,PURCHASE_ORDER,10,sup002,2023-11-22,4
txn03049,ing007,2023-12-04,PURCHASE_ORDER,10,sup002,2023-11-29,5
txn03122,ing007,2023-12-10,PURCHASE_ORDER,10,sup007,2023-12-07,3
txn03200,ing007,2023-12-18,PURCHASE_ORDER,11,sup002,2023-12-14,4
txn03278,ing007,2023-12-25,PURCHASE_ORDER,10,sup007,2023-12-21,4
txn03366,ing007,2024-01-02,PURCHASE_ORDER,11,sup007,2023-12-29,4
txn03425,ing007,2024-01-08,PURCHASE_ORDER,10,sup002,2024-01-06,2
txn03514,ing007,2024-01-16,PURCHASE_ORDER,11,sup002,2024-01-11,5
txn03608,ing007,2024-01-24,PURCHASE_ORDER,10,sup007,2024-01-19,5
txn03672,ing007,2024-01-30,PURCHASE_ORDER,11,sup002,2024-01-28,2
txn03767,ing007,2024-02-08,PURCHASE_ORDER,10,sup007,2024-02-02,6
txn03848,ing007,2024-02-16,PURCHASE_ORDER,10,sup002,2024-02-12,4
txn03934,ing007,2024-02-24,PURCHASE_ORDER,10,sup002,2024-02-19,5
txn04027,ing007,2024-03-04,PURCHASE_ORDER,10,sup002,2024-02-27,6
txn04118,ing007,2024-03-13,PURCHASE_ORDER,11,sup007,2024-03-07,6
txn04206,ing007,2024-03-21,PURCHASE_ORDER,10,sup007,2024-03-17,4
txn04298,ing007,2024-03-29,PURCHASE_ORDER,10,sup007,2024-03-25,4
txn04404,ing007,2024-04-08,PURCHASE_ORDER,10,sup007,2024-04-02,6
txn04487,ing007,2024-04-16,PURCHASE_ORDER,10,sup007,2024-04-12,4
txn04600,ing007,2024-04-27,PURCHASE_ORDER,10,sup002,2024-04-20,7
txn04682,ing007,2024-05-05,PURCHASE_ORDER,11,sup007,2024-04-30,5
txn04790,ing007,2024-05-15,PURCHASE_ORDER,10,sup002,2024-05-09,6
txn04873,ing007,2024-05-23,PURCHASE_ORDER,10,sup002,2024-05-18,5
txn04977,ing007,2024-06-02,PURCHASE_ORDER,11,sup007,2024-05-26,7
txn05050,ing007,2024-06-10,PURCHASE_ORDER,10,sup002,2024-06-06,4
txn05189,ing007,2024-06-22,PURCHASE_ORDER,10,sup002,2024-06-13,9
txn05243,ing007,2024-06-29,PURCHASE_ORDER,11,sup002,2024-06-25,4
txn05334,ing007,2024-07-07,PURCHASE_ORDER,11,sup007,2024-07-02,5
txn05425,ing007,2024-07-16,PURCHASE_ORDER,11,sup007,2024-07-11,5
txn05514,ing007,2024-07-24,PURCHASE_ORDER,10,sup002,2024-07-20,4
txn05597,ing007,2024-08-02,PURCHASE_ORDER,10,sup002,2024-07-27,6
txn05681,ing007,2024-08-10,PURCHASE_ORDER,10,sup007,2024-08-05,5
txn05764,ing007,2024-08-18,PURCHASE_ORDER,10,sup007,2024-08-14,4
txn05839,ing007,2024-08-25,PURCHASE_ORDER,10,sup002,2024-08-22,3
txn05927,ing007,2024-09-03,PURCHASE_ORDER,10,sup002,2024-08-28,6
txn06024,ing007,2024-09-13,PURCHASE_ORDER,10,sup007,2024-09-06,7
txn06115,ing007,2024-09-23,PURCHASE_ORDER,12,sup002,2024-09-17,6
txn06230,ing007,2024-10-04,PURCHASE_ORDER,11,sup007,2024-09-26,8
txn06308,ing007,2024-10-12,PURCHASE_ORDER,11,sup002,2024-10-08,4
txn06387,ing007,2024-10-20,PURCHASE_ORDER,10,sup007,2024-10-15,5
txn06484,ing007,2024-10-29,PURCHASE_ORDER,11,sup002,2024-10-24,5
txn06558,ing007,2024-11-06,PURCHASE_ORDER,10,sup002,2024-11-01,5
txn06644,ing007,2024-11-15,PURCHASE_ORDER,10,sup007,2024-11-09,6
txn06726,ing007,2024-11-23,PURCHASE_ORDER,10,sup002,2024-11-19,4
txn06803,ing007,2024-12-01,PURCHASE_ORDER,10,sup002,2024-11-26,5
txn06886,ing007,2024-12-10,PURCHASE_ORDER,10,sup002,2024-12-04,6
txn06968,ing007,2024-12-18,PURCHASE_ORDER,10,sup007,2024-12-13,5
txn07058,ing007,2024-12-27,PURCHASE_ORDER,10,sup002,2024-12-22,5
txn07145,ing007,2025-01-04,PURCHASE_ORDER,10,sup002,2024-12-30,5
txn07234,ing007,2025-01-13,PURCHASE_ORDER,10,sup007,2025-01-07,6
txn07324,ing007,2025-01-21,PURCHASE_ORDER,10,sup002,2025-01-17,4
txn07402,ing007,2025-01-28,PURCHASE_ORDER,10,sup007,2025-01-24,4
txn07508,ing007,2025-02-07,PURCHASE_ORDER,10,sup002,2025-02-01,6
txn07577,ing007,2025-02-13,PURCHASE_ORDER,10,sup002,2025-02-10,3
txn07672,ing007,2025-02-22,PURCHASE_ORDER,10,sup002,2025-02-16,6
txn07742,ing007,2025-03-01,PURCHASE_ORDER,10,sup007,2025-02-25,4
txn07812,ing007,2025-03-08,PURCHASE_ORDER,10,sup002,2025-03-05,3
txn07912,ing007,2025-03-16,PURCHASE_ORDER,10,sup007,2025-03-11,5
txn08013,ing007,2025-03-26,PURCHASE_ORDER,10,sup002,2025-03-20,6
txn08093,ing007,2025-04-02,PURCHASE_ORDER,10,sup002,2025-03-29,4
txn08172,ing007,2025-04-09,PURCHASE_ORDER,10,sup007,2025-04-05,4
txn08261,ing007,2025-04-19,PURCHASE_ORDER,10,sup002,2025-04-13,6
txn08354,ing007,2025-04-28,PURCHASE_ORDER,11,sup002,2025-04-22,6
txn08416,ing007,2025-05-05,PURCHASE_ORDER,10,sup007,2025-05-01,4
txn08499,ing007,2025-05-14,PURCHASE_ORDER,11,sup002,2025-05-09,5
txn08572,ing007,2025-05-21,PURCHASE_ORDER,11,sup007,2025-05-17,4
txn08663,ing007,2025-05-30,PURCHASE_ORDER,11,sup007,2025-05-25,5
txn08764,ing007,2025-06-08,PURCHASE_ORDER,10,sup002,2025-06-03,5
txn08845,ing007,2025-06-17,PURCHASE_ORDER,10,sup007,2025-06-11,6
txn08919,ing007,2025-06-25,PURCHASE_ORDER,10,sup007,2025-06-21,4
txn09004,ing007,2025-07-03,PURCHASE_ORDER,10,sup007,2025-06-29,4
txn09074,ing007,2025-07-10,PURCHASE_ORDER,10,sup002,2025-07-07,3
txn09147,ing007,2025-07-17,PURCHASE_ORDER,10,sup007,2025-07-13,4
txn09232,ing007,2025-07-24,PURCHASE_ORDER,10,sup007,2025-07-21,3
txn09318,ing007,2025-08-02,PURCHASE_ORDER,10,sup002,2025-07-28,5
txn09415,ing007,2025-08-11,PURCHASE_ORDER,10,sup007,2025-08-05,6
txn09508,ing007,2025-08-19,PURCHASE_ORDER,10,sup007,2025-08-15,4
txn09594,ing007,2025-08-27,PURCHASE_ORDER,10,sup002,2025-08-23,4
txn09701,ing007,2025-09-06,PURCHASE_ORDER,10,sup002,2025-08-30,7
txn09783,ing007,2025-09-15,PURCHASE_ORDER,10,sup007,2025-09-09,6
txn09890,ing007,2025-09-24,PURCHASE_ORDER,10,sup002,2025-09-19,5
txn09958,ing007,2025-10-01,PURCHASE_ORDER,10,sup007,2025-09-27,4
txn10041,ing007,2025-10-09,PURCHASE_ORDER,11,sup002,2025-10-05,4
txn10129,ing007,2025-10-17,PURCHASE_ORDER,11,sup007,2025-10-12,5
txn00132,ing008,2023-03-04,PURCHASE_ORDER,6,sup003,2023-02-27,5
txn00201,ing008,2023-03-11,PURCHASE_ORDER,6,sup003,2023-03-07,4
txn00300,ing008,2023-03-21,PURCHASE_ORDER,6,sup003,2023-03-14,7
txn00403,ing008,2023-03-30,PURCHASE_ORDER,6,sup003,2023-03-24,6
txn00479,ing008,2023-04-06,PURCHASE_ORDER,6,sup003,2023-04-02,4
txn00544,ing008,2023-04-12,PURCHASE_ORDER,6,sup003,2023-04-09,3
txn00693,ing008,2023-04-26,PURCHASE_ORDER,6,sup003,2023-04-15,11
txn00764,ing008,2023-05-03,PURCHASE_ORDER,7,sup003,2023-04-29,4
txn00877,ing008,2023-05-14,PURCHASE_ORDER,6,sup003,2023-05-06,8
txn00999,ing008,2023-05-26,PURCHASE_ORDER,7,sup003,2023-05-17,9
txn01098,ing008,2023-06-04,PURCHASE_ORDER,6,sup003,2023-05-29,6
txn01183,ing008,2023-06-12,PURCHASE_ORDER,7,sup003,2023-06-07,5
txn01261,ing008,2023-06-19,PURCHASE_ORDER,6,sup003,2023-06-15,4
txn01334,ing008,2023-06-26,PURCHASE_ORDER,6,sup003,2023-06-22,4
txn01409,ing008,2023-07-03,PURCHASE_ORDER,6,sup003,2023-06-29,4
txn01477,ing008,2023-07-10,PURCHASE_ORDER,6,sup003,2023-07-06,4
txn01570,ing008,2023-07-17,PURCHASE_ORDER,6,sup003,2023-07-13,4
txn01695,ing008,2023-07-29,PURCHASE_ORDER,6,sup003,2023-07-20,9
txn01773,ing008,2023-08-05,PURCHASE_ORDER,6,sup003,2023-08-01,4
txn01878,ing008,2023-08-15,PURCHASE_ORDER,6,sup003,2023-08-08,7
txn01962,ing008,2023-08-24,PURCHASE_ORDER,6,sup003,2023-08-18,6
txn02075,ing008,2023-09-03,PURCHASE_ORDER,6,sup003,2023-08-27,7
txn02158,ing008,2023-09-10,PURCHASE_ORDER,6,sup003,2023-09-06,4
txn02243,ing008,2023-09-19,PURCHASE_ORDER,6,sup003,2023-09-13,6
txn02316,ing008,2023-09-26,PURCHASE_ORDER,6,sup003,2023-09-22,4
txn02435,ing008,2023-10-06,PURCHASE_ORDER,6,sup003,2023-09-29,7
txn02559,ing008,2023-10-18,PURCHASE_ORDER,6,sup003,2023-10-09,9
txn02668,ing008,2023-10-28,PURCHASE_ORDER,6,sup003,2023-10-21,7
txn02779,ing008,2023-11-08,PURCHASE_ORDER,6,sup003,2023-10-31,8
txn02864,ing008,2023-11-17,PURCHASE_ORDER,6,sup003,2023-11-11,6
txn03010,ing008,2023-11-30,PURCHASE_ORDER,6,sup003,2023-11-20,10
txn03085,ing008,2023-12-07,PURCHASE_ORDER,6,sup003,2023-12-03,4
txn03174,ing008,2023-12-15,PURCHASE_ORDER,6,sup003,2023-12-10,5
txn03223,ing008,2023-12-20,PURCHASE_ORDER,6,sup003,2023-12-18,2
txn03290,ing008,2023-12-26,PURCHASE_ORDER,6,sup003,2023-12-23,3
txn03380,ing008,2024-01-03,PURCHASE_ORDER,6,sup003,2023-12-29,5
txn03449,ing008,2024-01-10,PURCHASE_ORDER,6,sup003,2024-01-06,4
txn03515,ing008,2024-01-16,PURCHASE_ORDER,7,sup003,2024-01-13,3
txn03569,ing008,2024-01-21,PURCHASE_ORDER,6,sup003,2024-01-19,2
txn03635,ing008,2024-01-27,PURCHASE_ORDER,6,sup003,2024-01-24,3
txn03723,ing008,2024-02-04,PURCHASE_ORDER,6,sup003,2024-01-30,5
txn03811,ing008,2024-02-13,PURCHASE_ORDER,7,sup003,2024-02-07,6
txn03920,ing008,2024-02-22,PURCHASE_ORDER,6,sup003,2024-02-16,6
txn03973,ing008,2024-02-28,PURCHASE_ORDER,6,sup003,2024-02-25,3
txn04105,ing008,2024-03-12,PURCHASE_ORDER,7,sup003,2024-03-02,10
txn04193,ing008,2024-03-20,PURCHASE_ORDER,6,sup003,2024-03-15,5
txn04259,ing008,2024-03-26,PURCHASE_ORDER,6,sup003,2024-03-23,3
txn04340,ing008,2024-04-02,PURCHASE_ORDER,6,sup003,2024-03-29,4
txn04454,ing008,2024-04-13,PURCHASE_ORDER,6,sup003,2024-04-05,8
txn04526,ing008,2024-04-20,PURCHASE_ORDER,6,sup003,2024-04-16,4
txn04683,ing008,2024-05-05,PURCHASE_ORDER,6,sup003,2024-04-23,12
txn04746,ing008,2024-05-11,PURCHASE_ORDER,6,sup003,2024-05-08,3
txn04846,ing008,2024-05-20,PURCHASE_ORDER,6,sup003,2024-05-14,6
txn04924,ing008,2024-05-28,PURCHASE_ORDER,6,sup003,2024-05-23,5
txn05020,ing008,2024-06-07,PURCHASE_ORDER,6,sup003,2024-05-31,7
txn05152,ing008,2024-06-19,PURCHASE_ORDER,6,sup003,2024-06-10,9
txn05224,ing008,2024-06-26,PURCHASE_ORDER,6,sup003,2024-06-22,4
txn05280,ing008,2024-07-02,PURCHASE_ORDER,7,sup003,2024-06-29,3
txn05426,ing008,2024-07-16,PURCHASE_ORDER,6,sup003,2024-07-05,11
txn05507,ing008,2024-07-23,PURCHASE_ORDER,6,sup003,2024-07-19,4
txn05574,ing008,2024-07-30,PURCHASE_ORDER,6,sup003,2024-07-26,4
txn05662,ing008,2024-08-08,PURCHASE_ORDER,6,sup003,2024-08-02,6
txn05765,ing008,2024-08-18,PURCHASE_ORDER,6,sup003,2024-08-11,7
txn05873,ing008,2024-08-28,PURCHASE_ORDER,6,sup003,2024-08-21,7
txn05976,ing008,2024-09-08,PURCHASE_ORDER,6,sup003,2024-08-31,8
txn06034,ing008,2024-09-14,PURCHASE_ORDER,6,sup003,2024-09-11,3
txn06116,ing008,2024-09-23,PURCHASE_ORDER,6,sup003,2024-09-17,6
txn06196,ing008,2024-10-01,PURCHASE_ORDER,6,sup003,2024-09-26,5
txn06269,ing008,2024-10-08,PURCHASE_ORDER,6,sup003,2024-10-04,4
txn06378,ing008,2024-10-19,PURCHASE_ORDER,6,sup003,2024-10-11,8
txn06475,ing008,2024-10-28,PURCHASE_ORDER,6,sup003,2024-10-22,6
txn06568,ing008,2024-11-07,PURCHASE_ORDER,6,sup003,2024-10-31,7
txn06632,ing008,2024-11-14,PURCHASE_ORDER,6,sup003,2024-11-10,4
txn06736,ing008,2024-11-24,PURCHASE_ORDER,6,sup003,2024-11-17,7
txn06821,ing008,2024-12-03,PURCHASE_ORDER,6,sup003,2024-11-27,6
txn06887,ing008,2024-12-10,PURCHASE_ORDER,6,sup003,2024-12-06,4
txn06997,ing008,2024-12-21,PURCHASE_ORDER,6,sup003,2024-12-13,8
txn07085,ing008,2024-12-30,PURCHASE_ORDER,6,sup003,2024-12-24,6
txn07177,ing008,2025-01-07,PURCHASE_ORDER,6,sup003,2025-01-02,5
txn07267,ing008,2025-01-16,PURCHASE_ORDER,6,sup003,2025-01-10,6
txn07358,ing008,2025-01-24,PURCHASE_ORDER,6,sup003,2025-01-19,5
txn07441,ing008,2025-01-31,PURCHASE_ORDER,6,sup003,2025-01-27,4
txn07543,ing008,2025-02-10,PURCHASE_ORDER,6,sup003,2025-02-03,7
txn07619,ing008,2025-02-18,PURCHASE_ORDER,6,sup003,2025-02-13,5
txn07701,ing008,2025-02-25,PURCHASE_ORDER,6,sup003,2025-02-21,4
txn07803,ing008,2025-03-07,PURCHASE_ORDER,6,sup003,2025-02-28,7
txn07897,ing008,2025-03-15,PURCHASE_ORDER,6,sup003,2025-03-10,5
txn07978,ing008,2025-03-23,PURCHASE_ORDER,6,sup003,2025-03-18,5
txn08057,ing008,2025-03-30,PURCHASE_ORDER,6,sup003,2025-03-26,4
txn08141,ing008,2025-04-06,PURCHASE_ORDER,6,sup003,2025-04-02,4
txn08241,ing008,2025-04-17,PURCHASE_ORDER,6,sup003,2025-04-09,8
txn08318,ing008,2025-04-24,PURCHASE_ORDER,6,sup003,2025-04-20,4
txn08417,ing008,2025-05-05,PURCHASE_ORDER,6,sup003,2025-04-27,8
txn08514,ing008,2025-05-15,PURCHASE_ORDER,6,sup003,2025-05-08,7
txn08617,ing008,2025-05-25,PURCHASE_ORDER,6,sup003,2025-05-18,7
txn08713,ing008,2025-06-04,PURCHASE_ORDER,6,sup003,2025-05-28,7
txn08846,ing008,2025-06-17,PURCHASE_ORDER,6,sup003,2025-06-07,10
txn08906,ing008,2025-06-23,PURCHASE_ORDER,6,sup003,2025-06-20,3
txn08996,ing008,2025-07-02,PURCHASE_ORDER,6,sup003,2025-06-26,6
txn09050,ing008,2025-07-08,PURCHASE_ORDER,6,sup003,2025-07-05,3
txn09119,ing008,2025-07-14,PURCHASE_ORDER,6,sup003,2025-07-11,3
txn09193,ing008,2025-07-21,PURCHASE_ORDER,6,sup003,2025-07-17,4
txn09262,ing008,2025-07-27,PURCHASE_ORDER,6,sup003,2025-07-24,3
txn09383,ing008,2025-08-08,PURCHASE_ORDER,6,sup003,2025-07-30,9
txn09509,ing008,2025-08-19,PURCHASE_ORDER,7,sup003,2025-08-11,8
txn09582,ing008,2025-08-26,PURCHASE_ORDER,6,sup003,2025-08-22,4
txn09719,ing008,2025-09-08,PURCHASE_ORDER,7,sup003,2025-08-29,10
txn09833,ing008,2025-09-19,PURCHASE_ORDER,6,sup003,2025-09-11,8
txn09934,ing008,2025-09-29,PURCHASE_ORDER,6,sup003,2025-09-22,7
txn09987,ing008,2025-10-04,PURCHASE_ORDER,6,sup003,2025-10-02,2
txn10071,ing008,2025-10-12,PURCHASE_ORDER,6,sup003,2025-10-07,5
txn10150,ing008,2025-10-19,PURCHASE_ORDER,6,sup003,2025-10-15,4
txn00469,ing009,2023-04-05,PURCHASE_ORDER,8,sup006,2023-03-11,25
txn00742,ing009,2023-05-01,PURCHASE_ORDER,8,sup006,2023-04-08,23
txn01018,ing009,2023-05-28,PURCHASE_ORDER,8,sup006,2023-05-04,24
txn01184,ing009,2023-06-12,PURCHASE_ORDER,8,sup006,2023-05-31,12
txn01523,ing009,2023-07-13,PURCHASE_ORDER,8,sup006,2023-06-15,28
txn01796,ing009,2023-08-07,PURCHASE_ORDER,8,sup006,2023-07-16,22
txn02028,ing009,2023-08-30,PURCHASE_ORDER,8,sup006,2023-08-10,20
txn02276,ing009,2023-09-22,PURCHASE_ORDER,8,sup006,2023-09-02,20
txn02640,ing009,2023-10-25,PURCHASE_ORDER,8,sup006,2023-09-25,30
txn02865,ing009,2023-11-17,PURCHASE_ORDER,8,sup006,2023-10-28,20
txn03062,ing009,2023-12-05,PURCHASE_ORDER,8,sup006,2023-11-20,15
txn03245,ing009,2023-12-22,PURCHASE_ORDER,8,sup006,2023-12-08,14
txn03494,ing009,2024-01-14,PURCHASE_ORDER,8,sup006,2023-12-25,20
txn03652,ing009,2024-01-28,PURCHASE_ORDER,8,sup006,2024-01-17,11
txn03822,ing009,2024-02-14,PURCHASE_ORDER,8,sup006,2024-01-31,14
txn04106,ing009,2024-03-12,PURCHASE_ORDER,8,sup006,2024-02-17,24
txn04353,ing009,2024-04-03,PURCHASE_ORDER,8,sup006,2024-03-15,19
txn04684,ing009,2024-05-05,PURCHASE_ORDER,8,sup006,2024-04-06,29
txn04799,ing009,2024-05-16,PURCHASE_ORDER,8,sup006,2024-05-08,8
txn05105,ing009,2024-06-15,PURCHASE_ORDER,8,sup006,2024-05-19,27
txn05244,ing009,2024-06-29,PURCHASE_ORDER,8,sup006,2024-06-18,11
txn05471,ing009,2024-07-20,PURCHASE_ORDER,8,sup006,2024-07-02,18
txn05709,ing009,2024-08-13,PURCHASE_ORDER,8,sup006,2024-07-23,21
txn05957,ing009,2024-09-06,PURCHASE_ORDER,8,sup006,2024-08-16,21
txn06179,ing009,2024-09-29,PURCHASE_ORDER,8,sup006,2024-09-09,20
txn06463,ing009,2024-10-27,PURCHASE_ORDER,8,sup006,2024-10-02,25
txn06645,ing009,2024-11-15,PURCHASE_ORDER,8,sup006,2024-10-30,16
txn06870,ing009,2024-12-08,PURCHASE_ORDER,8,sup006,2024-11-18,20
txn07178,ing009,2025-01-07,PURCHASE_ORDER,8,sup006,2024-12-11,27
txn07463,ing009,2025-02-02,PURCHASE_ORDER,8,sup006,2025-01-10,23
txn07682,ing009,2025-02-23,PURCHASE_ORDER,8,sup006,2025-02-05,18
txn07951,ing009,2025-03-20,PURCHASE_ORDER,8,sup006,2025-02-26,22
txn08282,ing009,2025-04-21,PURCHASE_ORDER,8,sup006,2025-03-23,29
txn08567,ing009,2025-05-20,PURCHASE_ORDER,8,sup006,2025-04-24,26
txn08809,ing009,2025-06-13,PURCHASE_ORDER,8,sup006,2025-05-23,21
txn09021,ing009,2025-07-05,PURCHASE_ORDER,8,sup006,2025-06-16,19
txn09319,ing009,2025-08-02,PURCHASE_ORDER,8,sup006,2025-07-08,25
txn09595,ing009,2025-08-27,PURCHASE_ORDER,8,sup006,2025-08-05,22
txn09959,ing009,2025-10-01,PURCHASE_ORDER,8,sup006,2025-08-30,32
txn00152,ing010,2023-03-06,PURCHASE_ORDER,7,sup002,2023-02-27,7
txn00202,ing010,2023-03-11,PURCHASE_ORDER,7,sup004,2023-03-06,5
txn00272,ing010,2023-03-18,PURCHASE_ORDER,7,sup002,2023-03-14,4
txn00336,ing010,2023-03-24,PURCHASE_ORDER,7,sup004,2023-03-23,1
txn00388,ing010,2023-03-29,PURCHASE_ORDER,8,sup002,2023-03-27,2
txn00447,ing010,2023-04-03,PURCHASE_ORDER,7,sup002,2023-03-27,7
txn00508,ing010,2023-04-08,PURCHASE_ORDER,7,sup002,2023-04-03,5
txn00567,ing010,2023-04-14,PURCHASE_ORDER,7,sup007,2023-04-13,1
txn00674,ing010,2023-04-24,PURCHASE_ORDER,8,sup007,2023-04-21,3
txn00743,ing010,2023-05-01,PURCHASE_ORDER,7,sup002,2023-04-21,10
txn00810,ing010,2023-05-07,PURCHASE_ORDER,7,sup007,2023-05-06,1
txn00878,ing010,2023-05-14,PURCHASE_ORDER,7,sup007,2023-05-06,8
txn00968,ing010,2023-05-23,PURCHASE_ORDER,7,sup004,2023-05-21,2
txn01033,ing010,2023-05-30,PURCHASE_ORDER,7,sup004,2023-05-26,4
txn01099,ing010,2023-06-04,PURCHASE_ORDER,8,sup002,2023-06-02,2
txn01162,ing010,2023-06-10,PURCHASE_ORDER,8,sup004,2023-06-09,1
txn01206,ing010,2023-06-14,PURCHASE_ORDER,7,sup002,2023-06-13,1
txn01296,ing010,2023-06-22,PURCHASE_ORDER,7,sup007,2023-06-19,3
txn01364,ing010,2023-06-29,PURCHASE_ORDER,9,sup004,2023-06-19,10
txn01417,ing010,2023-07-04,PURCHASE_ORDER,7,sup002,2023-07-02,2
txn01494,ing010,2023-07-11,PURCHASE_ORDER,8,sup002,2023-07-09,2
txn01558,ing010,2023-07-16,PURCHASE_ORDER,7,sup002,2023-07-09,7
txn01617,ing010,2023-07-22,PURCHASE_ORDER,7,sup002,2023-07-21,1
txn01696,ing010,2023-07-29,PURCHASE_ORDER,8,sup004,2023-07-27,2
txn01774,ing010,2023-08-05,PURCHASE_ORDER,7,sup004,2023-08-01,4
txn01826,ing010,2023-08-10,PURCHASE_ORDER,8,sup002,2023-08-08,2
txn01944,ing010,2023-08-22,PURCHASE_ORDER,7,sup007,2023-08-15,7
txn02017,ing010,2023-08-29,PURCHASE_ORDER,7,sup004,2023-08-15,14
txn02063,ing010,2023-09-02,PURCHASE_ORDER,7,sup007,2023-09-01,1
txn02146,ing010,2023-09-09,PURCHASE_ORDER,9,sup004,2023-09-01,8
txn02218,ing010,2023-09-16,PURCHASE_ORDER,7,sup007,2023-09-12,4
txn02288,ing010,2023-09-23,PURCHASE_ORDER,7,sup002,2023-09-12,11
txn02349,ing010,2023-09-29,PURCHASE_ORDER,7,sup007,2023-09-28,1
txn02436,ing010,2023-10-06,PURCHASE_ORDER,7,sup002,2023-09-28,8
txn02507,ing010,2023-10-13,PURCHASE_ORDER,7,sup004,2023-10-11,2
txn02593,ing010,2023-10-21,PURCHASE_ORDER,7,sup002,2023-10-16,5
txn02655,ing010,2023-10-27,PURCHASE_ORDER,7,sup002,2023-10-26,1
txn02725,ing010,2023-11-02,PURCHASE_ORDER,7,sup002,2023-11-01,1
txn02815,ing010,2023-11-12,PURCHASE_ORDER,8,sup002,2023-11-07,5
txn02908,ing010,2023-11-21,PURCHASE_ORDER,7,sup004,2023-11-17,4
txn02982,ing010,2023-11-28,PURCHASE_ORDER,7,sup002,2023-11-24,4
txn03063,ing010,2023-12-05,PURCHASE_ORDER,7,sup002,2023-12-03,2
txn03147,ing010,2023-12-12,PURCHASE_ORDER,8,sup002,2023-12-10,2
txn03234,ing010,2023-12-21,PURCHASE_ORDER,7,sup004,2023-12-17,4
txn03291,ing010,2023-12-26,PURCHASE_ORDER,8,sup007,2023-12-24,2
txn03367,ing010,2024-01-02,PURCHASE_ORDER,8,sup004,2023-12-24,9
txn03417,ing010,2024-01-07,PURCHASE_ORDER,7,sup004,2024-01-05,2
txn03516,ing010,2024-01-16,PURCHASE_ORDER,7,sup007,2024-01-10,6
txn03592,ing010,2024-01-23,PURCHASE_ORDER,11,sup002,2024-01-10,13
txn03692,ing010,2024-02-01,PURCHASE_ORDER,8,sup004,2024-01-28,4
txn03747,ing010,2024-02-06,PURCHASE_ORDER,7,sup004,2024-02-04,2
txn03788,ing010,2024-02-11,PURCHASE_ORDER,7,sup004,2024-02-09,2
txn03858,ing010,2024-02-17,PURCHASE_ORDER,8,sup004,2024-02-14,3
txn03935,ing010,2024-02-24,PURCHASE_ORDER,7,sup007,2024-02-20,4
txn04028,ing010,2024-03-04,PURCHASE_ORDER,7,sup004,2024-03-02,2
txn04069,ing010,2024-03-08,PURCHASE_ORDER,7,sup002,2024-03-07,1
txn04132,ing010,2024-03-14,PURCHASE_ORDER,7,sup007,2024-03-13,1
txn04207,ing010,2024-03-21,PURCHASE_ORDER,7,sup004,2024-03-13,8
txn04282,ing010,2024-03-28,PURCHASE_ORDER,7,sup002,2024-03-24,4
txn04354,ing010,2024-04-03,PURCHASE_ORDER,7,sup004,2024-04-02,1
txn04405,ing010,2024-04-08,PURCHASE_ORDER,7,sup002,2024-04-06,2
txn04455,ing010,2024-04-13,PURCHASE_ORDER,7,sup007,2024-04-06,7
txn04564,ing010,2024-04-24,PURCHASE_ORDER,7,sup007,2024-04-20,4
txn04648,ing010,2024-05-01,PURCHASE_ORDER,13,sup002,2024-04-20,11
txn04705,ing010,2024-05-07,PURCHASE_ORDER,7,sup007,2024-05-06,1
txn04800,ing010,2024-05-16,PURCHASE_ORDER,8,sup007,2024-05-14,2
txn04874,ing010,2024-05-23,PURCHASE_ORDER,8,sup002,2024-05-14,9
txn04925,ing010,2024-05-28,PURCHASE_ORDER,7,sup007,2024-05-23,5
txn04996,ing010,2024-06-04,PURCHASE_ORDER,8,sup002,2024-05-28,7
txn05051,ing010,2024-06-10,PURCHASE_ORDER,7,sup007,2024-06-09,1
txn05128,ing010,2024-06-17,PURCHASE_ORDER,8,sup002,2024-06-09,8
txn05194,ing010,2024-06-23,PURCHASE_ORDER,7,sup007,2024-06-22,1
txn05257,ing010,2024-06-30,PURCHASE_ORDER,8,sup004,2024-06-22,8
txn05344,ing010,2024-07-08,PURCHASE_ORDER,7,sup004,2024-07-03,5
txn05410,ing010,2024-07-14,PURCHASE_ORDER,7,sup002,2024-07-11,3
txn05472,ing010,2024-07-20,PURCHASE_ORDER,7,sup004,2024-07-19,1
txn05563,ing010,2024-07-29,PURCHASE_ORDER,8,sup002,2024-07-23,6
txn05646,ing010,2024-08-06,PURCHASE_ORDER,7,sup004,2024-08-03,3
txn05732,ing010,2024-08-15,PURCHASE_ORDER,8,sup007,2024-08-09,6
txn05817,ing010,2024-08-22,PURCHASE_ORDER,11,sup002,2024-08-09,13
txn05874,ing010,2024-08-28,PURCHASE_ORDER,7,sup002,2024-08-27,1
txn05944,ing010,2024-09-05,PURCHASE_ORDER,7,sup002,2024-09-02,3
txn06001,ing010,2024-09-11,PURCHASE_ORDER,7,sup002,2024-09-10,1
txn06067,ing010,2024-09-18,PURCHASE_ORDER,7,sup007,2024-09-16,2
txn06138,ing010,2024-09-25,PURCHASE_ORDER,9,sup004,2024-09-16,9
txn06197,ing010,2024-10-01,PURCHASE_ORDER,7,sup004,2024-09-28,3
txn06280,ing010,2024-10-09,PURCHASE_ORDER,7,sup004,2024-10-04,5
txn06343,ing010,2024-10-16,PURCHASE_ORDER,7,sup002,2024-10-12,4
txn06423,ing010,2024-10-23,PURCHASE_ORDER,8,sup007,2024-10-21,2
txn06493,ing010,2024-10-30,PURCHASE_ORDER,10,sup004,2024-10-21,9
txn06569,ing010,2024-11-07,PURCHASE_ORDER,8,sup004,2024-11-02,5
txn06633,ing010,2024-11-14,PURCHASE_ORDER,7,sup002,2024-11-10,4
txn06708,ing010,2024-11-21,PURCHASE_ORDER,7,sup002,2024-11-19,2
txn06787,ing010,2024-11-29,PURCHASE_ORDER,9,sup004,2024-11-26,3
txn06860,ing010,2024-12-07,PURCHASE_ORDER,7,sup007,2024-12-02,5
txn06932,ing010,2024-12-14,PURCHASE_ORDER,7,sup004,2024-12-02,12
txn07046,ing010,2024-12-26,PURCHASE_ORDER,7,sup002,2024-12-17,9
txn07095,ing010,2024-12-31,PURCHASE_ORDER,8,sup004,2024-12-17,14
txn07166,ing010,2025-01-06,PURCHASE_ORDER,7,sup002,2025-01-03,3
txn07235,ing010,2025-01-13,PURCHASE_ORDER,7,sup007,2025-01-11,2
txn07312,ing010,2025-01-20,PURCHASE_ORDER,9,sup002,2025-01-11,9
txn07403,ing010,2025-01-28,PURCHASE_ORDER,7,sup004,2025-01-25,3
txn07449,ing010,2025-02-01,PURCHASE_ORDER,7,sup004,2025-01-31,1
txn07490,ing010,2025-02-05,PURCHASE_ORDER,8,sup004,2025-02-04,1
txn07578,ing010,2025-02-13,PURCHASE_ORDER,7,sup007,2025-02-08,5
txn07643,ing010,2025-02-20,PURCHASE_ORDER,8,sup007,2025-02-08,12
txn07719,ing010,2025-02-27,PURCHASE_ORDER,8,sup002,2025-02-20,7
txn07786,ing010,2025-03-05,PURCHASE_ORDER,8,sup004,2025-03-04,1
txn07864,ing010,2025-03-12,PURCHASE_ORDER,8,sup002,2025-03-08,4
txn07915,ing010,2025-03-17,PURCHASE_ORDER,7,sup007,2025-03-08,9
txn07989,ing010,2025-03-24,PURCHASE_ORDER,8,sup007,2025-03-17,7
txn08073,ing010,2025-03-31,PURCHASE_ORDER,11,sup002,2025-03-24,7
txn08152,ing010,2025-04-07,PURCHASE_ORDER,7,sup007,2025-04-05,2
txn08213,ing010,2025-04-14,PURCHASE_ORDER,8,sup007,2025-04-05,9
txn08283,ing010,2025-04-21,PURCHASE_ORDER,9,sup004,2025-04-14,7
txn08363,ing010,2025-04-29,PURCHASE_ORDER,7,sup007,2025-04-24,5
txn08425,ing010,2025-05-06,PURCHASE_ORDER,8,sup007,2025-04-24,12
txn08515,ing010,2025-05-15,PURCHASE_ORDER,8,sup007,2025-05-13,2
txn08584,ing010,2025-05-22,PURCHASE_ORDER,7,sup004,2025-05-13,9
txn08655,ing010,2025-05-29,PURCHASE_ORDER,7,sup002,2025-05-25,4
txn08726,ing010,2025-06-05,PURCHASE_ORDER,8,sup007,2025-06-03,2
txn08801,ing010,2025-06-12,PURCHASE_ORDER,10,sup007,2025-06-03,9
txn08884,ing010,2025-06-20,PURCHASE_ORDER,7,sup007,2025-06-19,1
txn08974,ing010,2025-06-30,PURCHASE_ORDER,8,sup004,2025-06-27,3
txn09051,ing010,2025-07-08,PURCHASE_ORDER,7,sup007,2025-07-03,5
txn09125,ing010,2025-07-15,PURCHASE_ORDER,8,sup004,2025-07-03,12
txn09210,ing010,2025-07-22,PURCHASE_ORDER,7,sup004,2025-07-18,4
txn09245,ing010,2025-07-25,PURCHASE_ORDER,8,sup007,2025-07-18,7
txn09307,ing010,2025-08-01,PURCHASE_ORDER,8,sup004,2025-07-25,7
txn09375,ing010,2025-08-07,PURCHASE_ORDER,7,sup004,2025-08-04,3
txn09435,ing010,2025-08-13,PURCHASE_ORDER,7,sup004,2025-08-10,3
txn09492,ing010,2025-08-18,PURCHASE_ORDER,7,sup002,2025-08-16,2
txn09576,ing010,2025-08-25,PURCHASE_ORDER,7,sup004,2025-08-23,2
txn09654,ing010,2025-09-02,PURCHASE_ORDER,7,sup004,2025-08-28,5
txn09731,ing010,2025-09-09,PURCHASE_ORDER,7,sup004,2025-09-05,4
txn09774,ing010,2025-09-14,PURCHASE_ORDER,7,sup002,2025-09-12,2
txn09834,ing010,2025-09-19,PURCHASE_ORDER,8,sup004,2025-09-12,7
txn09898,ing010,2025-09-25,PURCHASE_ORDER,7,sup004,2025-09-22,3
txn09971,ing010,2025-10-02,PURCHASE_ORDER,7,sup002,2025-09-28,4
txn10042,ing010,2025-10-09,PURCHASE_ORDER,7,sup002,2025-10-07,2
txn10116,ing010,2025-10-16,PURCHASE_ORDER,8,sup007,2025-10-14,2
txn10194,ing010,2025-10-23,PURCHASE_ORDER,9,sup007,2025-10-14,9
txn00031,ing011,2023-02-22,PURCHASE_ORDER,4,sup006,2023-02-20,2
txn00061,ing011,2023-02-25,PURCHASE_ORDER,3,sup006,2023-02-24,1
txn00079,ing011,2023-02-27,PURCHASE_ORDER,3,sup006,2023-02-24,3
txn00112,ing011,2023-03-02,PURCHASE_ORDER,3,sup006,2023-03-01,1
txn00144,ing011,2023-03-05,PURCHASE_ORDER,4,sup006,2023-03-04,1
txn00181,ing011,2023-03-09,PURCHASE_ORDER,3,sup006,2023-03-07,2
txn00203,ing011,2023-03-11,PURCHASE_ORDER,3,sup006,2023-03-07,4
txn00235,ing011,2023-03-14,PURCHASE_ORDER,3,sup006,2023-03-13,1
txn00258,ing011,2023-03-17,PURCHASE_ORDER,3,sup006,2023-03-16,1
txn00288,ing011,2023-03-20,PURCHASE_ORDER,3,sup006,2023-03-19,1
txn00327,ing011,2023-03-23,PURCHASE_ORDER,4,sup006,2023-03-22,1
txn00348,ing011,2023-03-25,PURCHASE_ORDER,3,sup006,2023-03-22,3
txn00377,ing011,2023-03-28,PURCHASE_ORDER,4,sup006,2023-03-27,1
txn00404,ing011,2023-03-30,PURCHASE_ORDER,3,sup006,2023-03-27,3
txn00422,ing011,2023-04-01,PURCHASE_ORDER,3,sup006,2023-03-30,2
txn00456,ing011,2023-04-04,PURCHASE_ORDER,4,sup006,2023-04-03,1
txn00480,ing011,2023-04-06,PURCHASE_ORDER,3,sup006,2023-04-03,3
txn00509,ing011,2023-04-08,PURCHASE_ORDER,3,sup006,2023-04-06,2
txn00545,ing011,2023-04-12,PURCHASE_ORDER,4,sup006,2023-04-10,2
txn00577,ing011,2023-04-15,PURCHASE_ORDER,4,sup006,2023-04-14,1
txn00609,ing011,2023-04-18,PURCHASE_ORDER,3,sup006,2023-04-17,1
txn00646,ing011,2023-04-21,PURCHASE_ORDER,3,sup006,2023-04-20,1
txn00675,ing011,2023-04-24,PURCHASE_ORDER,4,sup006,2023-04-23,1
txn00694,ing011,2023-04-26,PURCHASE_ORDER,3,sup006,2023-04-23,3
txn00719,ing011,2023-04-29,PURCHASE_ORDER,3,sup006,2023-04-28,1
txn00754,ing011,2023-05-02,PURCHASE_ORDER,3,sup006,2023-05-01,1
txn00783,ing011,2023-05-05,PURCHASE_ORDER,3,sup006,2023-05-04,1
txn00811,ing011,2023-05-07,PURCHASE_ORDER,3,sup006,2023-05-04,3
txn00841,ing011,2023-05-10,PURCHASE_ORDER,3,sup006,2023-05-09,1
txn00864,ing011,2023-05-13,PURCHASE_ORDER,3,sup006,2023-05-12,1
txn00889,ing011,2023-05-15,PURCHASE_ORDER,3,sup006,2023-05-12,3
txn00926,ing011,2023-05-19,PURCHASE_ORDER,3,sup006,2023-05-17,2
txn00958,ing011,2023-05-22,PURCHASE_ORDER,3,sup006,2023-05-21,1
txn00989,ing011,2023-05-25,PURCHASE_ORDER,3,sup006,2023-05-24,1
txn01008,ing011,2023-05-27,PURCHASE_ORDER,3,sup006,2023-05-24,3
txn01034,ing011,2023-05-30,PURCHASE_ORDER,4,sup006,2023-05-29,1
txn01057,ing011,2023-06-01,PURCHASE_ORDER,3,sup006,2023-05-29,3
txn01087,ing011,2023-06-03,PURCHASE_ORDER,3,sup006,2023-06-01,2
txn01109,ing011,2023-06-05,PURCHASE_ORDER,3,sup006,2023-06-03,2
txn01149,ing011,2023-06-09,PURCHASE_ORDER,3,sup006,2023-06-07,2
txn01174,ing011,2023-06-11,PURCHASE_ORDER,3,sup006,2023-06-07,4
txn01196,ing011,2023-06-13,PURCHASE_ORDER,4,sup006,2023-06-11,2
txn01227,ing011,2023-06-16,PURCHASE_ORDER,3,sup006,2023-06-15,1
txn01274,ing011,2023-06-20,PURCHASE_ORDER,3,sup006,2023-06-18,2
txn01304,ing011,2023-06-23,PURCHASE_ORDER,3,sup006,2023-06-22,1
txn01326,ing011,2023-06-25,PURCHASE_ORDER,3,sup006,2023-06-22,3
txn01365,ing011,2023-06-29,PURCHASE_ORDER,4,sup006,2023-06-27,2
txn01387,ing011,2023-07-01,PURCHASE_ORDER,3,sup006,2023-06-27,4
txn01410,ing011,2023-07-03,PURCHASE_ORDER,3,sup006,2023-07-01,2
txn01437,ing011,2023-07-06,PURCHASE_ORDER,3,sup006,2023-07-05,1
txn01467,ing011,2023-07-09,PURCHASE_ORDER,3,sup006,2023-07-08,1
txn01495,ing011,2023-07-11,PURCHASE_ORDER,3,sup006,2023-07-08,3
txn01524,ing011,2023-07-13,PURCHASE_ORDER,3,sup006,2023-07-11,2
txn01559,ing011,2023-07-16,PURCHASE_ORDER,4,sup006,2023-07-15,1
txn01578,ing011,2023-07-18,PURCHASE_ORDER,3,sup006,2023-07-15,3
txn01609,ing011,2023-07-21,PURCHASE_ORDER,3,sup006,2023-07-20,1
txn01642,ing011,2023-07-24,PURCHASE_ORDER,3,sup006,2023-07-23,1
txn01663,ing011,2023-07-26,PURCHASE_ORDER,3,sup006,2023-07-23,3
txn01697,ing011,2023-07-29,PURCHASE_ORDER,4,sup006,2023-07-28,1
txn01732,ing011,2023-08-01,PURCHASE_ORDER,3,sup006,2023-07-31,1
txn01763,ing011,2023-08-04,PURCHASE_ORDER,4,sup006,2023-08-03,1
txn01784,ing011,2023-08-06,PURCHASE_ORDER,3,sup006,2023-08-03,3
txn01819,ing011,2023-08-09,PURCHASE_ORDER,4,sup006,2023-08-08,1
txn01857,ing011,2023-08-13,PURCHASE_ORDER,3,sup006,2023-08-11,2
txn01890,ing011,2023-08-17,PURCHASE_ORDER,3,sup006,2023-08-15,2
txn01923,ing011,2023-08-20,PURCHASE_ORDER,3,sup006,2023-08-19,1
txn01950,ing011,2023-08-23,PURCHASE_ORDER,3,sup006,2023-08-22,1
txn01996,ing011,2023-08-27,PURCHASE_ORDER,3,sup006,2023-08-25,2
txn02018,ing011,2023-08-29,PURCHASE_ORDER,3,sup006,2023-08-25,4
txn02037,ing011,2023-08-31,PURCHASE_ORDER,3,sup006,2023-08-29,2
txn02064,ing011,2023-09-02,PURCHASE_ORDER,3,sup006,2023-08-31,2
txn02096,ing011,2023-09-05,PURCHASE_ORDER,3,sup006,2023-09-04,1
txn02123,ing011,2023-09-07,PURCHASE_ORDER,4,sup006,2023-09-04,3
txn02165,ing011,2023-09-11,PURCHASE_ORDER,3,sup006,2023-09-09,2
txn02187,ing011,2023-09-13,PURCHASE_ORDER,4,sup006,2023-09-09,4
txn02219,ing011,2023-09-16,PURCHASE_ORDER,3,sup006,2023-09-15,1
txn02252,ing011,2023-09-20,PURCHASE_ORDER,3,sup006,2023-09-18,2
txn02277,ing011,2023-09-22,PURCHASE_ORDER,3,sup006,2023-09-18,4
txn02297,ing011,2023-09-24,PURCHASE_ORDER,3,sup006,2023-09-22,2
txn02327,ing011,2023-09-27,PURCHASE_ORDER,3,sup006,2023-09-26,1
txn02360,ing011,2023-09-30,PURCHASE_ORDER,3,sup006,2023-09-29,1
txn02395,ing011,2023-10-03,PURCHASE_ORDER,3,sup006,2023-10-02,1
txn02444,ing011,2023-10-07,PURCHASE_ORDER,3,sup006,2023-10-05,2
txn02463,ing011,2023-10-09,PURCHASE_ORDER,3,sup006,2023-10-05,4
txn02508,ing011,2023-10-13,PURCHASE_ORDER,3,sup006,2023-10-11,2
txn02538,ing011,2023-10-16,PURCHASE_ORDER,3,sup006,2023-10-15,1
txn02569,ing011,2023-10-19,PURCHASE_ORDER,3,sup006,2023-10-18,1
txn02613,ing011,2023-10-23,PURCHASE_ORDER,3,sup006,2023-10-21,2
txn02647,ing011,2023-10-26,PURCHASE_ORDER,3,sup006,2023-10-25,1
txn02686,ing011,2023-10-30,PURCHASE_ORDER,4,sup006,2023-10-28,2
txn02710,ing011,2023-11-01,PURCHASE_ORDER,3,sup006,2023-10-28,4
txn02741,ing011,2023-11-04,PURCHASE_ORDER,3,sup006,2023-11-03,1
txn02760,ing011,2023-11-06,PURCHASE_ORDER,3,sup006,2023-11-03,3
txn02788,ing011,2023-11-09,PURCHASE_ORDER,3,sup006,2023-11-08,1
txn02816,ing011,2023-11-12,PURCHASE_ORDER,4,sup006,2023-11-11,1
txn02855,ing011,2023-11-16,PURCHASE_ORDER,3,sup006,2023-11-14,2
txn02886,ing011,2023-11-19,PURCHASE_ORDER,3,sup006,2023-11-18,1
txn02929,ing011,2023-11-23,PURCHASE_ORDER,3,sup006,2023-11-21,2
txn02960,ing011,2023-11-26,PURCHASE_ORDER,3,sup006,2023-11-25,1
txn02994,ing011,2023-11-29,PURCHASE_ORDER,3,sup006,2023-11-28,1
txn03017,ing011,2023-12-01,PURCHASE_ORDER,3,sup006,2023-11-28,3
txn03050,ing011,2023-12-04,PURCHASE_ORDER,3,sup006,2023-12-03,1
txn03072,ing011,2023-12-06,PURCHASE_ORDER,3,sup006,2023-12-03,3
txn03107,ing011,2023-12-09,PURCHASE_ORDER,3,sup006,2023-12-08,1
txn03148,ing011,2023-12-12,PURCHASE_ORDER,5,sup006,2023-12-11,1
txn03166,ing011,2023-12-14,PURCHASE_ORDER,3,sup006,2023-12-11,3
txn03212,ing011,2023-12-19,PURCHASE_ORDER,3,sup006,2023-12-16,3
txn03255,ing011,2023-12-23,PURCHASE_ORDER,4,sup006,2023-12-21,2
txn03292,ing011,2023-12-26,PURCHASE_ORDER,5,sup006,2023-12-25,1
txn03319,ing011,2023-12-29,PURCHASE_ORDER,3,sup006,2023-12-28,1
txn03340,ing011,2023-12-31,PURCHASE_ORDER,3,sup006,2023-12-28,3
txn03381,ing011,2024-01-03,PURCHASE_ORDER,3,sup006,2024-01-02,1
txn03410,ing011,2024-01-06,PURCHASE_ORDER,3,sup006,2024-01-05,1
txn03426,ing011,2024-01-08,PURCHASE_ORDER,3,sup006,2024-01-05,3
txn03450,ing011,2024-01-10,PURCHASE_ORDER,3,sup006,2024-01-08,2
txn03487,ing011,2024-01-13,PURCHASE_ORDER,3,sup006,2024-01-12,1
txn03526,ing011,2024-01-17,PURCHASE_ORDER,3,sup006,2024-01-15,2
txn03549,ing011,2024-01-19,PURCHASE_ORDER,3,sup006,2024-01-15,4
txn03570,ing011,2024-01-21,PURCHASE_ORDER,3,sup006,2024-01-19,2
txn03593,ing011,2024-01-23,PURCHASE_ORDER,3,sup006,2024-01-21,2
txn03636,ing011,2024-01-27,PURCHASE_ORDER,3,sup006,2024-01-25,2
txn03673,ing011,2024-01-30,PURCHASE_ORDER,3,sup006,2024-01-29,1
txn03693,ing011,2024-02-01,PURCHASE_ORDER,3,sup006,2024-01-29,3
txn03709,ing011,2024-02-03,PURCHASE_ORDER,4,sup006,2024-02-01,2
txn03748,ing011,2024-02-06,PURCHASE_ORDER,3,sup006,2024-02-05,1
txn03774,ing011,2024-02-09,PURCHASE_ORDER,4,sup006,2024-02-08,1
txn03789,ing011,2024-02-11,PURCHASE_ORDER,3,sup006,2024-02-08,3
txn03823,ing011,2024-02-14,PURCHASE_ORDER,4,sup006,2024-02-13,1
txn03859,ing011,2024-02-17,PURCHASE_ORDER,4,sup006,2024-02-16,1
txn03901,ing011,2024-02-20,PURCHASE_ORDER,4,sup006,2024-02-19,1
txn03958,ing011,2024-02-26,PURCHASE_ORDER,3,sup006,2024-02-22,4
txn03990,ing011,2024-03-01,PURCHASE_ORDER,3,sup006,2024-02-28,2
txn04029,ing011,2024-03-04,PURCHASE_ORDER,3,sup006,2024-03-03,1
txn04044,ing011,2024-03-06,PURCHASE_ORDER,5,sup006,2024-03-03,3
txn04081,ing011,2024-03-09,PURCHASE_ORDER,4,sup006,2024-03-08,1
txn04119,ing011,2024-03-13,PURCHASE_ORDER,3,sup006,2024-03-11,2
txn04156,ing011,2024-03-16,PURCHASE_ORDER,4,sup006,2024-03-15,1
txn04194,ing011,2024-03-20,PURCHASE_ORDER,3,sup006,2024-03-18,2
txn04217,ing011,2024-03-22,PURCHASE_ORDER,4,sup006,2024-03-18,4
txn04239,ing011,2024-03-24,PURCHASE_ORDER,3,sup006,2024-03-22,2
txn04260,ing011,2024-03-26,PURCHASE_ORDER,3,sup006,2024-03-24,2
txn04299,ing011,2024-03-29,PURCHASE_ORDER,4,sup006,2024-03-28,1
txn04319,ing011,2024-03-31,PURCHASE_ORDER,3,sup006,2024-03-28,3
txn04355,ing011,2024-04-03,PURCHASE_ORDER,3,sup006,2024-04-02,1
txn04383,ing011,2024-04-06,PURCHASE_ORDER,4,sup006,2024-04-05,1
txn04416,ing011,2024-04-09,PURCHASE_ORDER,3,sup006,2024-04-08,1
txn04444,ing011,2024-04-12,PURCHASE_ORDER,5,sup006,2024-04-11,1
txn04494,ing011,2024-04-17,PURCHASE_ORDER,3,sup006,2024-04-14,3
txn04545,ing011,2024-04-22,PURCHASE_ORDER,4,sup006,2024-04-19,3
txn04565,ing011,2024-04-24,PURCHASE_ORDER,3,sup006,2024-04-19,5
txn04588,ing011,2024-04-26,PURCHASE_ORDER,3,sup006,2024-04-24,2
txn04612,ing011,2024-04-28,PURCHASE_ORDER,3,sup006,2024-04-26,2
txn04632,ing011,2024-04-30,PURCHASE_ORDER,3,sup006,2024-04-28,2
txn04674,ing011,2024-05-04,PURCHASE_ORDER,3,sup006,2024-05-02,2
txn04698,ing011,2024-05-06,PURCHASE_ORDER,3,sup006,2024-05-02,4
txn04725,ing011,2024-05-09,PURCHASE_ORDER,3,sup006,2024-05-08,1
txn04747,ing011,2024-05-11,PURCHASE_ORDER,3,sup006,2024-05-08,3
txn04773,ing011,2024-05-14,PURCHASE_ORDER,3,sup006,2024-05-13,1
txn04801,ing011,2024-05-16,PURCHASE_ORDER,3,sup006,2024-05-13,3
txn04824,ing011,2024-05-18,PURCHASE_ORDER,3,sup006,2024-05-16,2
txn04847,ing011,2024-05-20,PURCHASE_ORDER,3,sup006,2024-05-18,2
txn04875,ing011,2024-05-23,PURCHASE_ORDER,3,sup006,2024-05-22,1
txn04899,ing011,2024-05-26,PURCHASE_ORDER,3,sup006,2024-05-25,1
txn04926,ing011,2024-05-28,PURCHASE_ORDER,3,sup006,2024-05-25,3
txn04940,ing011,2024-05-30,PURCHASE_ORDER,3,sup006,2024-05-28,2
txn04962,ing011,2024-06-01,PURCHASE_ORDER,3,sup006,2024-05-30,2
txn04997,ing011,2024-06-04,PURCHASE_ORDER,3,sup006,2024-06-03,1
txn05030,ing011,2024-06-08,PURCHASE_ORDER,3,sup006,2024-06-06,2
txn05060,ing011,2024-06-11,PURCHASE_ORDER,3,sup006,2024-06-10,1
txn05106,ing011,2024-06-15,PURCHASE_ORDER,3,sup006,2024-06-13,2
txn05129,ing011,2024-06-17,PURCHASE_ORDER,3,sup006,2024-06-13,4
txn05179,ing011,2024-06-21,PURCHASE_ORDER,4,sup006,2024-06-19,2
txn05195,ing011,2024-06-23,PURCHASE_ORDER,3,sup006,2024-06-19,4
txn05225,ing011,2024-06-26,PURCHASE_ORDER,4,sup006,2024-06-25,1
txn05258,ing011,2024-06-30,PURCHASE_ORDER,3,sup006,2024-06-28,2
txn05290,ing011,2024-07-03,PURCHASE_ORDER,3,sup006,2024-07-02,1
txn05306,ing011,2024-07-05,PURCHASE_ORDER,3,sup006,2024-07-02,3
txn05345,ing011,2024-07-08,PURCHASE_ORDER,4,sup006,2024-07-07,1
txn05393,ing011,2024-07-12,PURCHASE_ORDER,4,sup006,2024-07-10,2
txn05411,ing011,2024-07-14,PURCHASE_ORDER,3,sup006,2024-07-10,4
txn05437,ing011,2024-07-17,PURCHASE_ORDER,3,sup006,2024-07-16,1
txn05459,ing011,2024-07-19,PURCHASE_ORDER,3,sup006,2024-07-16,3
txn05492,ing011,2024-07-22,PURCHASE_ORDER,3,sup006,2024-07-21,1
txn05529,ing011,2024-07-26,PURCHASE_ORDER,3,sup006,2024-07-24,2
txn05564,ing011,2024-07-29,PURCHASE_ORDER,4,sup006,2024-07-28,1
txn05598,ing011,2024-08-02,PURCHASE_ORDER,4,sup006,2024-07-31,2
txn05620,ing011,2024-08-04,PURCHASE_ORDER,3,sup006,2024-07-31,4
txn05672,ing011,2024-08-09,PURCHASE_ORDER,4,sup006,2024-08-06,3
txn05719,ing011,2024-08-14,PURCHASE_ORDER,3,sup006,2024-08-11,3
txn05745,ing011,2024-08-16,PURCHASE_ORDER,3,sup006,2024-08-11,5
txn05766,ing011,2024-08-18,PURCHASE_ORDER,4,sup006,2024-08-16,2
txn05790,ing011,2024-08-20,PURCHASE_ORDER,4,sup006,2024-08-18,2
txn05824,ing011,2024-08-23,PURCHASE_ORDER,3,sup006,2024-08-22,1
txn05859,ing011,2024-08-27,PURCHASE_ORDER,3,sup006,2024-08-25,2
txn05890,ing011,2024-08-30,PURCHASE_ORDER,3,sup006,2024-08-29,1
txn05934,ing011,2024-09-04,PURCHASE_ORDER,3,sup006,2024-09-01,3
txn05958,ing011,2024-09-06,PURCHASE_ORDER,3,sup006,2024-09-01,5
txn05993,ing011,2024-09-10,PURCHASE_ORDER,3,sup006,2024-09-08,2
txn06025,ing011,2024-09-13,PURCHASE_ORDER,3,sup006,2024-09-12,1
txn06044,ing011,2024-09-15,PURCHASE_ORDER,4,sup006,2024-09-12,3
txn06074,ing011,2024-09-19,PURCHASE_ORDER,3,sup006,2024-09-17,2
txn06106,ing011,2024-09-22,PURCHASE_ORDER,4,sup006,2024-09-21,1
txn06126,ing011,2024-09-24,PURCHASE_ORDER,3,sup006,2024-09-21,3
txn06161,ing011,2024-09-27,PURCHASE_ORDER,3,sup006,2024-09-26,1
txn06198,ing011,2024-10-01,PURCHASE_ORDER,4,sup006,2024-09-29,2
txn06245,ing011,2024-10-06,PURCHASE_ORDER,3,sup006,2024-10-03,3
txn06281,ing011,2024-10-09,PURCHASE_ORDER,3,sup006,2024-10-08,1
txn06309,ing011,2024-10-12,PURCHASE_ORDER,3,sup006,2024-10-11,1
txn06323,ing011,2024-10-14,PURCHASE_ORDER,3,sup006,2024-10-11,3
txn06354,ing011,2024-10-17,PURCHASE_ORDER,4,sup006,2024-10-16,1
txn06402,ing011,2024-10-21,PURCHASE_ORDER,3,sup006,2024-10-19,2
txn06424,ing011,2024-10-23,PURCHASE_ORDER,3,sup006,2024-10-19,4
txn06453,ing011,2024-10-26,PURCHASE_ORDER,4,sup006,2024-10-25,1
txn06494,ing011,2024-10-30,PURCHASE_ORDER,4,sup006,2024-10-28,2
txn06529,ing011,2024-11-03,PURCHASE_ORDER,3,sup006,2024-11-01,2
txn06552,ing011,2024-11-05,PURCHASE_ORDER,3,sup006,2024-11-01,4
txn06578,ing011,2024-11-08,PURCHASE_ORDER,3,sup006,2024-11-07,1
txn06616,ing011,2024-11-12,PURCHASE_ORDER,3,sup006,2024-11-10,2
txn06656,ing011,2024-11-16,PURCHASE_ORDER,3,sup006,2024-11-14,2
txn06691,ing011,2024-11-19,PURCHASE_ORDER,3,sup006,2024-11-18,1
txn06720,ing011,2024-11-22,PURCHASE_ORDER,3,sup006,2024-11-21,1
txn06754,ing011,2024-11-26,PURCHASE_ORDER,3,sup006,2024-11-24,2
txn06788,ing011,2024-11-29,PURCHASE_ORDER,5,sup006,2024-11-28,1
txn06830,ing011,2024-12-04,PURCHASE_ORDER,4,sup006,2024-12-01,3
txn06861,ing011,2024-12-07,PURCHASE_ORDER,3,sup006,2024-12-06,1
txn06881,ing011,2024-12-09,PURCHASE_ORDER,3,sup006,2024-12-06,3
txn06908,ing011,2024-12-12,PURCHASE_ORDER,3,sup006,2024-12-11,1
txn06942,ing011,2024-12-15,PURCHASE_ORDER,3,sup006,2024-12-14,1
txn06969,ing011,2024-12-18,PURCHASE_ORDER,3,sup006,2024-12-17,1
txn07004,ing011,2024-12-22,PURCHASE_ORDER,3,sup006,2024-12-20,2
txn07038,ing011,2024-12-25,PURCHASE_ORDER,3,sup006,2024-12-24,1
txn07059,ing011,2024-12-27,PURCHASE_ORDER,3,sup006,2024-12-24,3
txn07077,ing011,2024-12-29,PURCHASE_ORDER,3,sup006,2024-12-27,2
txn07096,ing011,2024-12-31,PURCHASE_ORDER,3,sup006,2024-12-29,2
txn07138,ing011,2025-01-03,PURCHASE_ORDER,3,sup006,2025-01-02,1
txn07167,ing011,2025-01-06,PURCHASE_ORDER,4,sup006,2025-01-05,1
txn07205,ing011,2025-01-10,PURCHASE_ORDER,3,sup006,2025-01-08,2
txn07222,ing011,2025-01-12,PURCHASE_ORDER,3,sup006,2025-01-08,4
txn07257,ing011,2025-01-15,PURCHASE_ORDER,4,sup006,2025-01-14,1
txn07289,ing011,2025-01-18,PURCHASE_ORDER,4,sup006,2025-01-17,1
txn07313,ing011,2025-01-20,PURCHASE_ORDER,3,sup006,2025-01-17,3
txn07359,ing011,2025-01-24,PURCHASE_ORDER,3,sup006,2025-01-22,2
txn07404,ing011,2025-01-28,PURCHASE_ORDER,3,sup006,2025-01-26,2
txn07428,ing011,2025-01-30,PURCHASE_ORDER,3,sup006,2025-01-26,4
txn07450,ing011,2025-02-01,PURCHASE_ORDER,3,sup006,2025-01-30,2
txn07474,ing011,2025-02-03,PURCHASE_ORDER,3,sup006,2025-02-01,2
txn07491,ing011,2025-02-05,PURCHASE_ORDER,5,sup006,2025-02-03,2
txn07520,ing011,2025-02-08,PURCHASE_ORDER,3,sup006,2025-02-07,1
txn07565,ing011,2025-02-12,PURCHASE_ORDER,3,sup006,2025-02-10,2
txn07602,ing011,2025-02-16,PURCHASE_ORDER,3,sup006,2025-02-14,2
txn07634,ing011,2025-02-19,PURCHASE_ORDER,3,sup006,2025-02-18,1
txn07673,ing011,2025-02-22,PURCHASE_ORDER,3,sup006,2025-02-21,1
txn07694,ing011,2025-02-24,PURCHASE_ORDER,4,sup006,2025-02-21,3
txn07720,ing011,2025-02-27,PURCHASE_ORDER,3,sup006,2025-02-26,1
txn07743,ing011,2025-03-01,PURCHASE_ORDER,3,sup006,2025-02-26,3
txn07763,ing011,2025-03-03,PURCHASE_ORDER,3,sup006,2025-03-01,2
txn07804,ing011,2025-03-07,PURCHASE_ORDER,3,sup006,2025-03-05,2
txn07836,ing011,2025-03-10,PURCHASE_ORDER,3,sup006,2025-03-09,1
txn07865,ing011,2025-03-12,PURCHASE_ORDER,3,sup006,2025-03-09,3
txn07888,ing011,2025-03-14,PURCHASE_ORDER,3,sup006,2025-03-12,2
txn07916,ing011,2025-03-17,PURCHASE_ORDER,3,sup006,2025-03-16,1
txn07960,ing011,2025-03-21,PURCHASE_ORDER,3,sup006,2025-03-19,2
txn07979,ing011,2025-03-23,PURCHASE_ORDER,3,sup006,2025-03-19,4
txn07999,ing011,2025-03-25,PURCHASE_ORDER,5,sup006,2025-03-23,2
txn08039,ing011,2025-03-28,PURCHASE_ORDER,4,sup006,2025-03-27,1
txn08058,ing011,2025-03-30,PURCHASE_ORDER,3,sup006,2025-03-27,3
txn08084,ing011,2025-04-01,PURCHASE_ORDER,4,sup006,2025-03-30,2
txn08117,ing011,2025-04-04,PURCHASE_ORDER,3,sup006,2025-04-03,1
txn08162,ing011,2025-04-08,PURCHASE_ORDER,3,sup006,2025-04-06,2
txn08187,ing011,2025-04-11,PURCHASE_ORDER,3,sup006,2025-04-10,1
txn08221,ing011,2025-04-15,PURCHASE_ORDER,5,sup006,2025-04-13,2
txn08252,ing011,2025-04-18,PURCHASE_ORDER,3,sup006,2025-04-17,1
txn08271,ing011,2025-04-20,PURCHASE_ORDER,3,sup006,2025-04-17,3
txn08307,ing011,2025-04-23,PURCHASE_ORDER,3,sup006,2025-04-22,1
txn08326,ing011,2025-04-25,PURCHASE_ORDER,3,sup006,2025-04-22,3
txn08364,ing011,2025-04-29,PURCHASE_ORDER,3,sup006,2025-04-27,2
txn08390,ing011,2025-05-02,PURCHASE_ORDER,3,sup006,2025-05-01,1
txn08418,ing011,2025-05-05,PURCHASE_ORDER,4,sup006,2025-05-04,1
txn08455,ing011,2025-05-09,PURCHASE_ORDER,3,sup006,2025-05-07,2
txn08472,ing011,2025-05-11,PURCHASE_ORDER,3,sup006,2025-05-07,4
txn08516,ing011,2025-05-15,PURCHASE_ORDER,4,sup006,2025-05-13,2
txn08535,ing011,2025-05-17,PURCHASE_ORDER,3,sup006,2025-05-13,4
txn08598,ing011,2025-05-23,PURCHASE_ORDER,3,sup006,2025-05-19,4
txn08638,ing011,2025-05-27,PURCHASE_ORDER,3,sup006,2025-05-25,2
txn08664,ing011,2025-05-30,PURCHASE_ORDER,4,sup006,2025-05-29,1
txn08691,ing011,2025-06-02,PURCHASE_ORDER,3,sup006,2025-06-01,1
txn08727,ing011,2025-06-05,PURCHASE_ORDER,4,sup006,2025-06-04,1
txn08751,ing011,2025-06-07,PURCHASE_ORDER,4,sup006,2025-06-04,3
txn08785,ing011,2025-06-10,PURCHASE_ORDER,3,sup006,2025-06-09,1
txn08802,ing011,2025-06-12,PURCHASE_ORDER,4,sup006,2025-06-09,3
txn08838,ing011,2025-06-16,PURCHASE_ORDER,3,sup006,2025-06-14,2
txn08864,ing011,2025-06-19,PURCHASE_ORDER,3,sup006,2025-06-18,1
txn08913,ing011,2025-06-24,PURCHASE_ORDER,3,sup006,2025-06-21,3
txn08941,ing011,2025-06-27,PURCHASE_ORDER,3,sup006,2025-06-26,1
txn08975,ing011,2025-06-30,PURCHASE_ORDER,4,sup006,2025-06-29,1
txn09005,ing011,2025-07-03,PURCHASE_ORDER,3,sup006,2025-07-02,1
txn09043,ing011,2025-07-07,PURCHASE_ORDER,3,sup006,2025-07-05,2
txn09075,ing011,2025-07-10,PURCHASE_ORDER,3,sup006,2025-07-09,1
txn09094,ing011,2025-07-12,PURCHASE_ORDER,4,sup006,2025-07-09,3
txn09120,ing011,2025-07-14,PURCHASE_ORDER,3,sup006,2025-07-12,2
txn09158,ing011,2025-07-18,PURCHASE_ORDER,3,sup006,2025-07-16,2
txn09180,ing011,2025-07-20,PURCHASE_ORDER,3,sup006,2025-07-16,4
txn09218,ing011,2025-07-23,PURCHASE_ORDER,3,sup006,2025-07-22,1
txn09246,ing011,2025-07-25,PURCHASE_ORDER,6,sup006,2025-07-22,3
txn09263,ing011,2025-07-27,PURCHASE_ORDER,3,sup006,2025-07-25,2
txn09285,ing011,2025-07-29,PURCHASE_ORDER,3,sup006,2025-07-27,2
txn09308,ing011,2025-08-01,PURCHASE_ORDER,3,sup006,2025-07-31,1
txn09327,ing011,2025-08-03,PURCHASE_ORDER,3,sup006,2025-07-31,3
txn09364,ing011,2025-08-06,PURCHASE_ORDER,3,sup006,2025-08-05,1
txn09394,ing011,2025-08-09,PURCHASE_ORDER,3,sup006,2025-08-08,1
txn09424,ing011,2025-08-12,PURCHASE_ORDER,3,sup006,2025-08-11,1
txn09458,ing011,2025-08-15,PURCHASE_ORDER,3,sup006,2025-08-14,1
txn09483,ing011,2025-08-17,PURCHASE_ORDER,3,sup006,2025-08-14,3
txn09521,ing011,2025-08-20,PURCHASE_ORDER,3,sup006,2025-08-19,1
txn09547,ing011,2025-08-22,PURCHASE_ORDER,3,sup006,2025-08-19,3
txn09577,ing011,2025-08-25,PURCHASE_ORDER,3,sup006,2025-08-24,1
txn09596,ing011,2025-08-27,PURCHASE_ORDER,4,sup006,2025-08-24,3
txn09648,ing011,2025-09-01,PURCHASE_ORDER,3,sup006,2025-08-29,3
txn09667,ing011,2025-09-03,PURCHASE_ORDER,4,sup006,2025-08-29,5
txn09688,ing011,2025-09-05,PURCHASE_ORDER,3,sup006,2025-09-03,2
txn09720,ing011,2025-09-08,PURCHASE_ORDER,3,sup006,2025-09-07,1
txn09757,ing011,2025-09-12,PURCHASE_ORDER,3,sup006,2025-09-10,2
txn09775,ing011,2025-09-14,PURCHASE_ORDER,4,sup006,2025-09-10,4
txn09795,ing011,2025-09-16,PURCHASE_ORDER,3,sup006,2025-09-14,2
txn09835,ing011,2025-09-19,PURCHASE_ORDER,4,sup006,2025-09-18,1
txn09868,ing011,2025-09-22,PURCHASE_ORDER,4,sup006,2025-09-21,1
txn09899,ing011,2025-09-25,PURCHASE_ORDER,4,sup006,2025-09-24,1
txn09924,ing011,2025-09-28,PURCHASE_ORDER,4,sup006,2025-09-27,1
txn09960,ing011,2025-10-01,PURCHASE_ORDER,3,sup006,2025-09-30,1
txn09988,ing011,2025-10-04,PURCHASE_ORDER,3,sup006,2025-10-03,1
txn10024,ing011,2025-10-07,PURCHASE_ORDER,4,sup006,2025-10-06,1
txn10049,ing011,2025-10-10,PURCHASE_ORDER,3,sup006,2025-10-09,1
txn10072,ing011,2025-10-12,PURCHASE_ORDER,3,sup006,2025-10-09,3
txn10102,ing011,2025-10-15,PURCHASE_ORDER,3,sup006,2025-10-14,1
txn10130,ing011,2025-10-17,PURCHASE_ORDER,4,sup006,2025-10-14,3
txn10151,ing011,2025-10-19,PURCHASE_ORDER,3,sup006,2025-10-17,2
txn10176,ing011,2025-10-21,PURCHASE_ORDER,3,sup006,2025-10-19,2
txn10207,ing011,2025-10-24,PURCHASE_ORDER,4,sup006,2025-10-23,1
txn00204,ing012,2023-03-11,PURCHASE_ORDER,10,sup003,2023-03-02,9
txn00337,ing012,2023-03-24,PURCHASE_ORDER,10,sup003,2023-03-14,10
txn00470,ing012,2023-04-05,PURCHASE_ORDER,10,sup003,2023-03-27,9
txn00598,ing012,2023-04-17,PURCHASE_ORDER,10,sup003,2023-04-08,9
txn00765,ing012,2023-05-03,PURCHASE_ORDER,10,sup003,2023-04-20,13
txn00952,ing012,2023-05-21,PURCHASE_ORDER,10,sup003,2023-05-06,15
txn01088,ing012,2023-06-03,PURCHASE_ORDER,10,sup003,2023-05-24,10
txn01217,ing012,2023-06-15,PURCHASE_ORDER,10,sup003,2023-06-06,9
txn01344,ing012,2023-06-27,PURCHASE_ORDER,10,sup003,2023-06-18,9
txn01478,ing012,2023-07-10,PURCHASE_ORDER,10,sup003,2023-06-30,10
txn01610,ing012,2023-07-21,PURCHASE_ORDER,10,sup003,2023-07-13,8
txn01705,ing012,2023-07-30,PURCHASE_ORDER,10,sup003,2023-07-24,6
txn01827,ing012,2023-08-10,PURCHASE_ORDER,10,sup003,2023-08-02,8
txn01951,ing012,2023-08-23,PURCHASE_ORDER,10,sup003,2023-08-13,10
txn02106,ing012,2023-09-06,PURCHASE_ORDER,10,sup003,2023-08-26,11
txn02224,ing012,2023-09-17,PURCHASE_ORDER,10,sup003,2023-09-09,8
txn02350,ing012,2023-09-29,PURCHASE_ORDER,10,sup003,2023-09-20,9
txn02547,ing012,2023-10-17,PURCHASE_ORDER,10,sup003,2023-10-02,15
txn02687,ing012,2023-10-30,PURCHASE_ORDER,10,sup003,2023-10-20,10
txn02807,ing012,2023-11-11,PURCHASE_ORDER,10,sup003,2023-11-02,9
txn02947,ing012,2023-11-25,PURCHASE_ORDER,10,sup003,2023-11-14,11
txn03086,ing012,2023-12-07,PURCHASE_ORDER,10,sup003,2023-11-28,9
txn03201,ing012,2023-12-18,PURCHASE_ORDER,10,sup003,2023-12-10,8
txn03341,ing012,2023-12-31,PURCHASE_ORDER,10,sup003,2023-12-21,10
txn03451,ing012,2024-01-10,PURCHASE_ORDER,10,sup003,2024-01-03,7
txn03594,ing012,2024-01-23,PURCHASE_ORDER,10,sup003,2024-01-13,10
txn03732,ing012,2024-02-05,PURCHASE_ORDER,10,sup003,2024-01-26,10
txn03849,ing012,2024-02-16,PURCHASE_ORDER,10,sup003,2024-02-08,8
txn04002,ing012,2024-03-02,PURCHASE_ORDER,10,sup003,2024-02-19,12
txn04145,ing012,2024-03-15,PURCHASE_ORDER,10,sup003,2024-03-05,10
txn04272,ing012,2024-03-27,PURCHASE_ORDER,10,sup003,2024-03-18,9
txn04445,ing012,2024-04-12,PURCHASE_ORDER,10,sup003,2024-03-30,13
txn04613,ing012,2024-04-28,PURCHASE_ORDER,10,sup003,2024-04-15,13
txn04791,ing012,2024-05-15,PURCHASE_ORDER,10,sup003,2024-05-01,14
txn04927,ing012,2024-05-28,PURCHASE_ORDER,10,sup003,2024-05-18,10
txn05039,ing012,2024-06-09,PURCHASE_ORDER,10,sup003,2024-05-31,9
txn05216,ing012,2024-06-25,PURCHASE_ORDER,10,sup003,2024-06-12,13
txn05316,ing012,2024-07-06,PURCHASE_ORDER,10,sup003,2024-06-28,8
txn05447,ing012,2024-07-18,PURCHASE_ORDER,10,sup003,2024-07-09,9
txn05621,ing012,2024-08-04,PURCHASE_ORDER,10,sup003,2024-07-21,14
txn05752,ing012,2024-08-17,PURCHASE_ORDER,11,sup003,2024-08-07,10
txn05896,ing012,2024-08-31,PURCHASE_ORDER,10,sup003,2024-08-20,11
txn06035,ing012,2024-09-14,PURCHASE_ORDER,10,sup003,2024-09-03,11
txn06231,ing012,2024-10-04,PURCHASE_ORDER,10,sup003,2024-09-17,17
txn06362,ing012,2024-10-18,PURCHASE_ORDER,10,sup003,2024-10-07,11
txn06499,ing012,2024-10-31,PURCHASE_ORDER,10,sup003,2024-10-21,10
txn06634,ing012,2024-11-14,PURCHASE_ORDER,10,sup003,2024-11-03,11
txn06789,ing012,2024-11-29,PURCHASE_ORDER,10,sup003,2024-11-17,12
txn06888,ing012,2024-12-10,PURCHASE_ORDER,10,sup003,2024-12-02,8
txn07078,ing012,2024-12-29,PURCHASE_ORDER,10,sup003,2024-12-13,16
txn07223,ing012,2025-01-12,PURCHASE_ORDER,10,sup003,2025-01-01,11
txn07346,ing012,2025-01-23,PURCHASE_ORDER,10,sup003,2025-01-15,8
txn07492,ing012,2025-02-05,PURCHASE_ORDER,10,sup003,2025-01-26,10
txn07635,ing012,2025-02-19,PURCHASE_ORDER,10,sup003,2025-02-08,11
txn07753,ing012,2025-03-02,PURCHASE_ORDER,10,sup003,2025-02-22,8
txn07873,ing012,2025-03-13,PURCHASE_ORDER,10,sup003,2025-03-05,8
txn08032,ing012,2025-03-27,PURCHASE_ORDER,10,sup003,2025-03-16,11
txn08142,ing012,2025-04-06,PURCHASE_ORDER,10,sup003,2025-03-30,7
txn08294,ing012,2025-04-22,PURCHASE_ORDER,10,sup003,2025-04-09,13
txn08419,ing012,2025-05-05,PURCHASE_ORDER,10,sup003,2025-04-25,10
txn08553,ing012,2025-05-19,PURCHASE_ORDER,10,sup003,2025-05-08,11
txn08665,ing012,2025-05-30,PURCHASE_ORDER,10,sup003,2025-05-22,8
txn08793,ing012,2025-06-11,PURCHASE_ORDER,10,sup003,2025-06-02,9
txn08955,ing012,2025-06-28,PURCHASE_ORDER,10,sup003,2025-06-14,14
txn09081,ing012,2025-07-11,PURCHASE_ORDER,10,sup003,2025-07-01,10
txn09211,ing012,2025-07-22,PURCHASE_ORDER,10,sup003,2025-07-14,8
txn09328,ing012,2025-08-03,PURCHASE_ORDER,11,sup003,2025-07-25,9
txn09484,ing012,2025-08-17,PURCHASE_ORDER,10,sup003,2025-08-06,11
txn09679,ing012,2025-09-04,PURCHASE_ORDER,10,sup003,2025-08-20,15
txn09796,ing012,2025-09-16,PURCHASE_ORDER,10,sup003,2025-09-07,9
txn09925,ing012,2025-09-28,PURCHASE_ORDER,10,sup003,2025-09-19,9
txn10050,ing012,2025-10-10,PURCHASE_ORDER,10,sup003,2025-10-01,9
txn10177,ing012,2025-10-21,PURCHASE_ORDER,11,sup003,2025-10-13,8
txn00205,ing013,2023-03-11,PURCHASE_ORDER,7,sup002,2023-02-28,11
txn00378,ing013,2023-03-28,PURCHASE_ORDER,7,sup007,2023-03-13,15
txn00529,ing013,2023-04-10,PURCHASE_ORDER,7,sup007,2023-03-31,10
txn00684,ing013,2023-04-25,PURCHASE_ORDER,7,sup007,2023-04-13,12
txn01000,ing013,2023-05-26,PURCHASE_ORDER,7,sup007,2023-04-28,28
txn01185,ing013,2023-06-12,PURCHASE_ORDER,7,sup002,2023-05-29,14
txn01378,ing013,2023-06-30,PURCHASE_ORDER,7,sup007,2023-06-14,16
txn01579,ing013,2023-07-18,PURCHASE_ORDER,7,sup007,2023-07-03,15
txn01764,ing013,2023-08-04,PURCHASE_ORDER,7,sup007,2023-07-21,14
txn02029,ing013,2023-08-30,PURCHASE_ORDER,7,sup007,2023-08-07,23
txn02225,ing013,2023-09-17,PURCHASE_ORDER,7,sup002,2023-09-02,15
txn02382,ing013,2023-10-02,PURCHASE_ORDER,7,sup007,2023-09-19,13
txn02602,ing013,2023-10-22,PURCHASE_ORDER,7,sup007,2023-10-05,17
txn02817,ing013,2023-11-12,PURCHASE_ORDER,7,sup007,2023-10-25,18
txn03064,ing013,2023-12-05,PURCHASE_ORDER,7,sup002,2023-11-15,20
txn03357,ing013,2024-01-01,PURCHASE_ORDER,7,sup002,2023-12-07,25
txn03536,ing013,2024-01-18,PURCHASE_ORDER,7,sup002,2024-01-03,15
txn03694,ing013,2024-02-01,PURCHASE_ORDER,7,sup007,2024-01-20,12
txn03832,ing013,2024-02-15,PURCHASE_ORDER,7,sup007,2024-02-04,11
txn04045,ing013,2024-03-06,PURCHASE_ORDER,7,sup007,2024-02-18,17
txn04218,ing013,2024-03-22,PURCHASE_ORDER,7,sup007,2024-03-09,13
txn04362,ing013,2024-04-04,PURCHASE_ORDER,7,sup002,2024-03-25,10
txn04579,ing013,2024-04-25,PURCHASE_ORDER,7,sup007,2024-04-06,19
txn04802,ing013,2024-05-16,PURCHASE_ORDER,7,sup007,2024-04-28,18
txn04928,ing013,2024-05-28,PURCHASE_ORDER,7,sup002,2024-05-19,9
txn05167,ing013,2024-06-20,PURCHASE_ORDER,7,sup007,2024-05-30,21
txn05357,ing013,2024-07-09,PURCHASE_ORDER,7,sup007,2024-06-23,16
txn05599,ing013,2024-08-02,PURCHASE_ORDER,7,sup007,2024-07-12,21
txn05776,ing013,2024-08-19,PURCHASE_ORDER,7,sup002,2024-08-05,14
txn05964,ing013,2024-09-07,PURCHASE_ORDER,7,sup007,2024-08-21,17
txn06117,ing013,2024-09-23,PURCHASE_ORDER,7,sup007,2024-09-10,13
txn06344,ing013,2024-10-16,PURCHASE_ORDER,7,sup002,2024-09-26,20
txn06500,ing013,2024-10-31,PURCHASE_ORDER,7,sup007,2024-10-18,13
txn06669,ing013,2024-11-17,PURCHASE_ORDER,7,sup007,2024-11-03,14
txn07047,ing013,2024-12-26,PURCHASE_ORDER,7,sup007,2024-11-20,36
txn07258,ing013,2025-01-15,PURCHASE_ORDER,7,sup007,2024-12-29,17
txn07451,ing013,2025-02-01,PURCHASE_ORDER,7,sup002,2025-01-18,14
txn07612,ing013,2025-02-17,PURCHASE_ORDER,7,sup002,2025-02-03,14
txn07795,ing013,2025-03-06,PURCHASE_ORDER,7,sup002,2025-02-19,15
txn07990,ing013,2025-03-24,PURCHASE_ORDER,7,sup002,2025-03-08,16
txn08094,ing013,2025-04-02,PURCHASE_ORDER,7,sup002,2025-03-26,7
txn08262,ing013,2025-04-19,PURCHASE_ORDER,7,sup002,2025-04-04,15
txn08536,ing013,2025-05-17,PURCHASE_ORDER,7,sup007,2025-04-21,26
txn08752,ing013,2025-06-07,PURCHASE_ORDER,7,sup002,2025-05-20,18
txn08900,ing013,2025-06-22,PURCHASE_ORDER,7,sup007,2025-06-09,13
txn09181,ing013,2025-07-20,PURCHASE_ORDER,7,sup002,2025-06-25,25
txn09264,ing013,2025-07-27,PURCHASE_ORDER,7,sup007,2025-07-22,5
txn09467,ing013,2025-08-16,PURCHASE_ORDER,7,sup007,2025-07-30,17
txn09668,ing013,2025-09-03,PURCHASE_ORDER,7,sup007,2025-08-19,15
txn09836,ing013,2025-09-19,PURCHASE_ORDER,7,sup002,2025-09-06,13
txn10095,ing013,2025-10-14,PURCHASE_ORDER,7,sup002,2025-09-21,23
txn00039,ing014,2023-02-23,PURCHASE_ORDER,5,sup004,2023-02-22,1
txn00081,ing014,2023-02-27,PURCHASE_ORDER,5,sup004,2023-02-25,2
txn00120,ing014,2023-03-03,PURCHASE_ORDER,6,sup004,2023-03-01,2
txn00161,ing014,2023-03-07,PURCHASE_ORDER,5,sup004,2023-03-05,2
txn00206,ing014,2023-03-11,PURCHASE_ORDER,5,sup004,2023-03-09,2
txn00244,ing014,2023-03-15,PURCHASE_ORDER,6,sup004,2023-03-13,2
txn00301,ing014,2023-03-21,PURCHASE_ORDER,6,sup004,2023-03-17,4
txn00354,ing014,2023-03-26,PURCHASE_ORDER,6,sup004,2023-03-23,3
txn00389,ing014,2023-03-29,PURCHASE_ORDER,5,sup004,2023-03-28,1
txn00448,ing014,2023-04-03,PURCHASE_ORDER,6,sup004,2023-03-31,3
txn00481,ing014,2023-04-06,PURCHASE_ORDER,5,sup004,2023-04-05,1
txn00519,ing014,2023-04-09,PURCHASE_ORDER,5,sup004,2023-04-08,1
txn00610,ing014,2023-04-18,PURCHASE_ORDER,6,sup004,2023-04-11,7
txn00664,ing014,2023-04-23,PURCHASE_ORDER,6,sup004,2023-04-20,3
txn00712,ing014,2023-04-28,PURCHASE_ORDER,5,sup004,2023-04-25,3
txn00744,ing014,2023-05-01,PURCHASE_ORDER,5,sup004,2023-04-30,1
txn00784,ing014,2023-05-05,PURCHASE_ORDER,5,sup004,2023-05-03,2
txn00834,ing014,2023-05-09,PURCHASE_ORDER,5,sup004,2023-05-07,2
txn00865,ing014,2023-05-13,PURCHASE_ORDER,5,sup004,2023-05-11,2
txn00920,ing014,2023-05-18,PURCHASE_ORDER,5,sup004,2023-05-15,3
txn00976,ing014,2023-05-24,PURCHASE_ORDER,5,sup004,2023-05-20,4
txn01035,ing014,2023-05-30,PURCHASE_ORDER,5,sup004,2023-05-26,4
txn01110,ing014,2023-06-05,PURCHASE_ORDER,7,sup004,2023-06-01,4
txn01163,ing014,2023-06-10,PURCHASE_ORDER,6,sup004,2023-06-07,3
txn01228,ing014,2023-06-16,PURCHASE_ORDER,5,sup004,2023-06-12,4
txn01262,ing014,2023-06-19,PURCHASE_ORDER,5,sup004,2023-06-18,1
txn01297,ing014,2023-06-22,PURCHASE_ORDER,5,sup004,2023-06-21,1
txn01355,ing014,2023-06-28,PURCHASE_ORDER,6,sup004,2023-06-24,4
txn01399,ing014,2023-07-02,PURCHASE_ORDER,5,sup004,2023-06-30,2
txn01443,ing014,2023-07-07,PURCHASE_ORDER,5,sup004,2023-07-04,3
txn01479,ing014,2023-07-10,PURCHASE_ORDER,5,sup004,2023-07-09,1
txn01532,ing014,2023-07-14,PURCHASE_ORDER,6,sup004,2023-07-12,2
txn01597,ing014,2023-07-20,PURCHASE_ORDER,5,sup004,2023-07-16,4
txn01675,ing014,2023-07-27,PURCHASE_ORDER,5,sup004,2023-07-22,5
txn01753,ing014,2023-08-03,PURCHASE_ORDER,5,sup004,2023-07-29,5
txn01807,ing014,2023-08-08,PURCHASE_ORDER,5,sup004,2023-08-05,3
txn01836,ing014,2023-08-11,PURCHASE_ORDER,5,sup004,2023-08-10,1
txn01863,ing014,2023-08-14,PURCHASE_ORDER,5,sup004,2023-08-13,1
txn01910,ing014,2023-08-19,PURCHASE_ORDER,5,sup004,2023-08-16,3
txn01952,ing014,2023-08-23,PURCHASE_ORDER,5,sup004,2023-08-21,2
txn01997,ing014,2023-08-27,PURCHASE_ORDER,5,sup004,2023-08-25,2
txn02065,ing014,2023-09-02,PURCHASE_ORDER,6,sup004,2023-08-29,4
txn02097,ing014,2023-09-05,PURCHASE_ORDER,5,sup004,2023-09-04,1
txn02131,ing014,2023-09-08,PURCHASE_ORDER,5,sup004,2023-09-07,1
txn02188,ing014,2023-09-13,PURCHASE_ORDER,5,sup004,2023-09-10,3
txn02235,ing014,2023-09-18,PURCHASE_ORDER,5,sup004,2023-09-15,3
txn02335,ing014,2023-09-28,PURCHASE_ORDER,5,sup004,2023-09-20,8
txn02407,ing014,2023-10-04,PURCHASE_ORDER,5,sup004,2023-09-30,4
txn02464,ing014,2023-10-09,PURCHASE_ORDER,5,sup004,2023-10-06,3
txn02509,ing014,2023-10-13,PURCHASE_ORDER,5,sup004,2023-10-11,2
txn02548,ing014,2023-10-17,PURCHASE_ORDER,5,sup004,2023-10-15,2
txn02580,ing014,2023-10-20,PURCHASE_ORDER,5,sup004,2023-10-19,1
txn02648,ing014,2023-10-26,PURCHASE_ORDER,5,sup004,2023-10-22,4
txn02699,ing014,2023-10-31,PURCHASE_ORDER,5,sup004,2023-10-28,3
txn02761,ing014,2023-11-06,PURCHASE_ORDER,5,sup004,2023-11-02,4
txn02818,ing014,2023-11-12,PURCHASE_ORDER,5,sup004,2023-11-08,4
txn02879,ing014,2023-11-18,PURCHASE_ORDER,5,sup004,2023-11-14,4
txn02909,ing014,2023-11-21,PURCHASE_ORDER,5,sup004,2023-11-20,1
txn02961,ing014,2023-11-26,PURCHASE_ORDER,5,sup004,2023-11-23,3
txn02995,ing014,2023-11-29,PURCHASE_ORDER,5,sup004,2023-11-28,1
txn03028,ing014,2023-12-02,PURCHASE_ORDER,6,sup004,2023-12-01,1
txn03065,ing014,2023-12-05,PURCHASE_ORDER,6,sup004,2023-12-04,1
txn03108,ing014,2023-12-09,PURCHASE_ORDER,5,sup004,2023-12-07,2
txn03175,ing014,2023-12-15,PURCHASE_ORDER,6,sup004,2023-12-11,4
txn03224,ing014,2023-12-20,PURCHASE_ORDER,5,sup004,2023-12-17,3
txn03264,ing014,2023-12-24,PURCHASE_ORDER,6,sup004,2023-12-22,2
txn03311,ing014,2023-12-28,PURCHASE_ORDER,5,sup004,2023-12-26,2
txn03358,ing014,2024-01-01,PURCHASE_ORDER,6,sup004,2023-12-30,2
txn03438,ing014,2024-01-09,PURCHASE_ORDER,6,sup004,2024-01-03,6
txn03527,ing014,2024-01-17,PURCHASE_ORDER,6,sup004,2024-01-11,6
txn03581,ing014,2024-01-22,PURCHASE_ORDER,5,sup004,2024-01-19,3
txn03626,ing014,2024-01-26,PURCHASE_ORDER,5,sup004,2024-01-24,2
txn03674,ing014,2024-01-30,PURCHASE_ORDER,5,sup004,2024-01-28,2
txn03749,ing014,2024-02-06,PURCHASE_ORDER,5,sup004,2024-02-01,5
txn03780,ing014,2024-02-10,PURCHASE_ORDER,5,sup004,2024-02-08,2
txn03824,ing014,2024-02-14,PURCHASE_ORDER,5,sup004,2024-02-12,2
txn03860,ing014,2024-02-17,PURCHASE_ORDER,6,sup004,2024-02-16,1
txn03888,ing014,2024-02-19,PURCHASE_ORDER,5,sup004,2024-02-16,3
txn03959,ing014,2024-02-26,PURCHASE_ORDER,5,sup004,2024-02-21,5
txn03980,ing014,2024-02-29,PURCHASE_ORDER,5,sup004,2024-02-28,1
txn04046,ing014,2024-03-06,PURCHASE_ORDER,6,sup004,2024-03-02,4
txn04096,ing014,2024-03-11,PURCHASE_ORDER,5,sup004,2024-03-08,3
txn04133,ing014,2024-03-14,PURCHASE_ORDER,5,sup004,2024-03-13,1
txn04195,ing014,2024-03-20,PURCHASE_ORDER,6,sup004,2024-03-16,4
txn04230,ing014,2024-03-23,PURCHASE_ORDER,6,sup004,2024-03-22,1
txn04273,ing014,2024-03-27,PURCHASE_ORDER,5,sup004,2024-03-25,2
txn04329,ing014,2024-04-01,PURCHASE_ORDER,5,sup004,2024-03-29,3
txn04384,ing014,2024-04-06,PURCHASE_ORDER,5,sup004,2024-04-03,3
txn04446,ing014,2024-04-12,PURCHASE_ORDER,5,sup004,2024-04-08,4
txn04506,ing014,2024-04-18,PURCHASE_ORDER,5,sup004,2024-04-14,4
txn04546,ing014,2024-04-22,PURCHASE_ORDER,5,sup004,2024-04-20,2
txn04601,ing014,2024-04-27,PURCHASE_ORDER,5,sup004,2024-04-24,3
txn04633,ing014,2024-04-30,PURCHASE_ORDER,5,sup004,2024-04-29,1
txn04699,ing014,2024-05-06,PURCHASE_ORDER,6,sup004,2024-05-02,4
txn04748,ing014,2024-05-11,PURCHASE_ORDER,6,sup004,2024-05-08,3
txn04792,ing014,2024-05-15,PURCHASE_ORDER,5,sup004,2024-05-13,2
txn04848,ing014,2024-05-20,PURCHASE_ORDER,5,sup004,2024-05-17,3
txn04911,ing014,2024-05-27,PURCHASE_ORDER,5,sup004,2024-05-22,5
txn04955,ing014,2024-05-31,PURCHASE_ORDER,6,sup004,2024-05-29,2
txn05013,ing014,2024-06-06,PURCHASE_ORDER,5,sup004,2024-06-02,4
txn05052,ing014,2024-06-10,PURCHASE_ORDER,5,sup004,2024-06-08,2
txn05081,ing014,2024-06-13,PURCHASE_ORDER,5,sup004,2024-06-12,1
txn05115,ing014,2024-06-16,PURCHASE_ORDER,5,sup004,2024-06-15,1
txn05168,ing014,2024-06-20,PURCHASE_ORDER,5,sup004,2024-06-18,2
txn05205,ing014,2024-06-24,PURCHASE_ORDER,5,sup004,2024-06-22,2
txn05259,ing014,2024-06-30,PURCHASE_ORDER,6,sup004,2024-06-26,4
txn05317,ing014,2024-07-06,PURCHASE_ORDER,6,sup004,2024-07-02,4
txn05394,ing014,2024-07-12,PURCHASE_ORDER,5,sup004,2024-07-08,4
txn05448,ing014,2024-07-18,PURCHASE_ORDER,5,sup004,2024-07-14,4
txn05508,ing014,2024-07-23,PURCHASE_ORDER,5,sup004,2024-07-20,3
txn05530,ing014,2024-07-26,PURCHASE_ORDER,6,sup004,2024-07-25,1
txn05575,ing014,2024-07-30,PURCHASE_ORDER,5,sup004,2024-07-28,2
txn05600,ing014,2024-08-02,PURCHASE_ORDER,5,sup004,2024-08-01,1
txn05654,ing014,2024-08-07,PURCHASE_ORDER,7,sup004,2024-08-04,3
txn05699,ing014,2024-08-12,PURCHASE_ORDER,5,sup004,2024-08-09,3
txn05753,ing014,2024-08-17,PURCHASE_ORDER,5,sup004,2024-08-14,3
txn05802,ing014,2024-08-21,PURCHASE_ORDER,5,sup004,2024-08-19,2
txn05831,ing014,2024-08-24,PURCHASE_ORDER,6,sup004,2024-08-23,1
txn05875,ing014,2024-08-28,PURCHASE_ORDER,5,sup004,2024-08-26,2
txn05910,ing014,2024-09-01,PURCHASE_ORDER,5,sup004,2024-08-30,2
txn05977,ing014,2024-09-08,PURCHASE_ORDER,5,sup004,2024-09-03,5
txn06002,ing014,2024-09-11,PURCHASE_ORDER,5,sup004,2024-09-10,1
txn06060,ing014,2024-09-17,PURCHASE_ORDER,5,sup004,2024-09-13,4
txn06107,ing014,2024-09-22,PURCHASE_ORDER,5,sup004,2024-09-19,3
txn06180,ing014,2024-09-29,PURCHASE_ORDER,6,sup004,2024-09-24,5
txn06218,ing014,2024-10-03,PURCHASE_ORDER,5,sup004,2024-10-01,2
txn06282,ing014,2024-10-09,PURCHASE_ORDER,6,sup004,2024-10-05,4
txn06330,ing014,2024-10-15,PURCHASE_ORDER,5,sup004,2024-10-11,4
txn06363,ing014,2024-10-18,PURCHASE_ORDER,5,sup004,2024-10-17,1
txn06403,ing014,2024-10-21,PURCHASE_ORDER,5,sup004,2024-10-20,1
txn06444,ing014,2024-10-25,PURCHASE_ORDER,5,sup004,2024-10-23,2
txn06476,ing014,2024-10-28,PURCHASE_ORDER,5,sup004,2024-10-27,1
txn06530,ing014,2024-11-03,PURCHASE_ORDER,5,sup004,2024-10-30,4
txn06559,ing014,2024-11-06,PURCHASE_ORDER,6,sup004,2024-11-05,1
txn06646,ing014,2024-11-15,PURCHASE_ORDER,5,sup004,2024-11-08,7
txn06670,ing014,2024-11-17,PURCHASE_ORDER,5,sup004,2024-11-08,9
txn06721,ing014,2024-11-22,PURCHASE_ORDER,5,sup004,2024-11-19,3
txn06761,ing014,2024-11-27,PURCHASE_ORDER,6,sup004,2024-11-24,3
txn06804,ing014,2024-12-01,PURCHASE_ORDER,5,sup004,2024-11-29,2
txn06862,ing014,2024-12-07,PURCHASE_ORDER,5,sup004,2024-12-03,4
txn06920,ing014,2024-12-13,PURCHASE_ORDER,5,sup004,2024-12-09,4
txn06959,ing014,2024-12-17,PURCHASE_ORDER,5,sup004,2024-12-15,2
txn06998,ing014,2024-12-21,PURCHASE_ORDER,5,sup004,2024-12-19,2
txn07048,ing014,2024-12-26,PURCHASE_ORDER,5,sup004,2024-12-23,3
txn07086,ing014,2024-12-30,PURCHASE_ORDER,5,sup004,2024-12-28,2
txn07154,ing014,2025-01-05,PURCHASE_ORDER,5,sup004,2025-01-01,4
txn07224,ing014,2025-01-12,PURCHASE_ORDER,6,sup004,2025-01-07,5
txn07268,ing014,2025-01-16,PURCHASE_ORDER,5,sup004,2025-01-14,2
txn07297,ing014,2025-01-19,PURCHASE_ORDER,5,sup004,2025-01-18,1
txn07347,ing014,2025-01-23,PURCHASE_ORDER,5,sup004,2025-01-21,2
txn07392,ing014,2025-01-27,PURCHASE_ORDER,6,sup004,2025-01-25,2
txn07442,ing014,2025-01-31,PURCHASE_ORDER,6,sup004,2025-01-29,2
txn07493,ing014,2025-02-05,PURCHASE_ORDER,5,sup004,2025-02-02,3
txn07557,ing014,2025-02-11,PURCHASE_ORDER,6,sup004,2025-02-07,4
txn07603,ing014,2025-02-16,PURCHASE_ORDER,5,sup004,2025-02-13,3
txn07644,ing014,2025-02-20,PURCHASE_ORDER,7,sup004,2025-02-18,2
txn07713,ing014,2025-02-26,PURCHASE_ORDER,7,sup004,2025-02-22,4
txn07754,ing014,2025-03-02,PURCHASE_ORDER,5,sup004,2025-02-28,2
txn07805,ing014,2025-03-07,PURCHASE_ORDER,5,sup004,2025-03-04,3
txn07837,ing014,2025-03-10,PURCHASE_ORDER,5,sup004,2025-03-09,1
txn07889,ing014,2025-03-14,PURCHASE_ORDER,5,sup004,2025-03-12,2
txn07930,ing014,2025-03-18,PURCHASE_ORDER,6,sup004,2025-03-16,2
txn07961,ing014,2025-03-21,PURCHASE_ORDER,5,sup004,2025-03-20,1
txn08000,ing014,2025-03-25,PURCHASE_ORDER,5,sup004,2025-03-23,2
txn08050,ing014,2025-03-29,PURCHASE_ORDER,6,sup004,2025-03-27,2
txn08104,ing014,2025-04-03,PURCHASE_ORDER,7,sup004,2025-03-31,3
txn08173,ing014,2025-04-09,PURCHASE_ORDER,5,sup004,2025-04-05,4
txn08214,ing014,2025-04-14,PURCHASE_ORDER,6,sup004,2025-04-11,3
txn08295,ing014,2025-04-22,PURCHASE_ORDER,6,sup004,2025-04-16,6
txn08355,ing014,2025-04-28,PURCHASE_ORDER,5,sup004,2025-04-24,4
txn08420,ing014,2025-05-05,PURCHASE_ORDER,6,sup004,2025-04-30,5
txn08456,ing014,2025-05-09,PURCHASE_ORDER,6,sup004,2025-05-07,2
txn08500,ing014,2025-05-14,PURCHASE_ORDER,6,sup004,2025-05-11,3
txn08554,ing014,2025-05-19,PURCHASE_ORDER,6,sup004,2025-05-16,3
txn08618,ing014,2025-05-25,PURCHASE_ORDER,6,sup004,2025-05-21,4
txn08672,ing014,2025-05-31,PURCHASE_ORDER,5,sup004,2025-05-27,4
txn08753,ing014,2025-06-07,PURCHASE_ORDER,6,sup004,2025-06-02,5
txn08803,ing014,2025-06-12,PURCHASE_ORDER,5,sup004,2025-06-09,3
txn08847,ing014,2025-06-17,PURCHASE_ORDER,5,sup004,2025-06-14,3
txn08891,ing014,2025-06-21,PURCHASE_ORDER,6,sup004,2025-06-19,2
txn08920,ing014,2025-06-25,PURCHASE_ORDER,5,sup004,2025-06-23,2
txn08966,ing014,2025-06-29,PURCHASE_ORDER,6,sup004,2025-06-27,2
txn09012,ing014,2025-07-04,PURCHASE_ORDER,5,sup004,2025-07-01,3
txn09076,ing014,2025-07-10,PURCHASE_ORDER,5,sup004,2025-07-06,4
txn09136,ing014,2025-07-16,PURCHASE_ORDER,6,sup004,2025-07-12,4
txn09182,ing014,2025-07-20,PURCHASE_ORDER,5,sup004,2025-07-18,2
txn09233,ing014,2025-07-24,PURCHASE_ORDER,5,sup004,2025-07-22,2
txn09286,ing014,2025-07-29,PURCHASE_ORDER,5,sup004,2025-07-26,3
txn09329,ing014,2025-08-03,PURCHASE_ORDER,5,sup004,2025-07-31,3
txn09384,ing014,2025-08-08,PURCHASE_ORDER,5,sup004,2025-08-05,3
txn09459,ing014,2025-08-15,PURCHASE_ORDER,5,sup004,2025-08-10,5
txn09510,ing014,2025-08-19,PURCHASE_ORDER,6,sup004,2025-08-17,2
txn09561,ing014,2025-08-23,PURCHASE_ORDER,6,sup004,2025-08-21,2
txn09597,ing014,2025-08-27,PURCHASE_ORDER,5,sup004,2025-08-25,2
txn09638,ing014,2025-08-31,PURCHASE_ORDER,5,sup004,2025-08-29,2
txn09721,ing014,2025-09-08,PURCHASE_ORDER,6,sup004,2025-09-02,6
txn09776,ing014,2025-09-14,PURCHASE_ORDER,5,sup004,2025-09-10,4
txn09807,ing014,2025-09-17,PURCHASE_ORDER,7,sup004,2025-09-16,1
txn09880,ing014,2025-09-23,PURCHASE_ORDER,6,sup004,2025-09-19,4
txn09926,ing014,2025-09-28,PURCHASE_ORDER,5,sup004,2025-09-25,3
txn09999,ing014,2025-10-05,PURCHASE_ORDER,5,sup004,2025-09-30,5
txn10061,ing014,2025-10-11,PURCHASE_ORDER,6,sup004,2025-10-07,4
txn10117,ing014,2025-10-16,PURCHASE_ORDER,5,sup004,2025-10-13,3
txn10195,ing014,2025-10-23,PURCHASE_ORDER,5,sup004,2025-10-18,5
txn00355,ing015,2023-03-26,PURCHASE_ORDER,8,sup002,2023-03-09,17
txn00510,ing015,2023-04-08,PURCHASE_ORDER,8,sup002,2023-03-29,10
txn00695,ing015,2023-04-26,PURCHASE_ORDER,8,sup002,2023-04-11,15
txn01100,ing015,2023-06-04,PURCHASE_ORDER,8,sup004,2023-04-29,36
txn01282,ing015,2023-06-21,PURCHASE_ORDER,8,sup002,2023-06-07,14
txn01506,ing015,2023-07-12,PURCHASE_ORDER,8,sup002,2023-06-24,18
txn01844,ing015,2023-08-12,PURCHASE_ORDER,8,sup004,2023-07-15,28
txn02066,ing015,2023-09-02,PURCHASE_ORDER,8,sup002,2023-08-15,18
txn02361,ing015,2023-09-30,PURCHASE_ORDER,8,sup002,2023-09-05,25
txn02623,ing015,2023-10-24,PURCHASE_ORDER,8,sup002,2023-10-03,21
txn02996,ing015,2023-11-29,PURCHASE_ORDER,8,sup004,2023-10-27,33
txn03109,ing015,2023-12-09,PURCHASE_ORDER,8,sup004,2023-12-02,7
txn03265,ing015,2023-12-24,PURCHASE_ORDER,8,sup002,2023-12-12,12
txn03439,ing015,2024-01-09,PURCHASE_ORDER,8,sup004,2023-12-27,13
txn03768,ing015,2024-02-08,PURCHASE_ORDER,8,sup004,2024-01-12,27
txn03981,ing015,2024-02-29,PURCHASE_ORDER,8,sup002,2024-02-11,18
txn04134,ing015,2024-03-14,PURCHASE_ORDER,8,sup002,2024-03-03,11
txn04320,ing015,2024-03-31,PURCHASE_ORDER,8,sup004,2024-03-17,14
txn04589,ing015,2024-04-26,PURCHASE_ORDER,8,sup004,2024-04-03,23
txn04803,ing015,2024-05-16,PURCHASE_ORDER,8,sup002,2024-04-29,17
txn05061,ing015,2024-06-11,PURCHASE_ORDER,8,sup002,2024-05-19,23
txn05295,ing015,2024-07-04,PURCHASE_ORDER,8,sup004,2024-06-14,20
txn05553,ing015,2024-07-28,PURCHASE_ORDER,8,sup004,2024-07-07,21
txn05691,ing015,2024-08-11,PURCHASE_ORDER,8,sup004,2024-07-31,11
txn05860,ing015,2024-08-27,PURCHASE_ORDER,8,sup004,2024-08-14,13
txn06139,ing015,2024-09-25,PURCHASE_ORDER,8,sup002,2024-08-30,26
txn06364,ing015,2024-10-18,PURCHASE_ORDER,8,sup002,2024-09-28,20
txn06560,ing015,2024-11-06,PURCHASE_ORDER,8,sup002,2024-10-21,16
txn06773,ing015,2024-11-28,PURCHASE_ORDER,8,sup002,2024-11-09,19
txn07016,ing015,2024-12-23,PURCHASE_ORDER,8,sup002,2024-12-01,22
txn07276,ing015,2025-01-17,PURCHASE_ORDER,8,sup002,2024-12-26,22
txn07443,ing015,2025-01-31,PURCHASE_ORDER,8,sup004,2025-01-20,11
txn07658,ing015,2025-02-21,PURCHASE_ORDER,8,sup002,2025-02-03,18
txn07823,ing015,2025-03-09,PURCHASE_ORDER,8,sup002,2025-02-24,13
txn08014,ing015,2025-03-26,PURCHASE_ORDER,8,sup002,2025-03-12,14
txn08253,ing015,2025-04-18,PURCHASE_ORDER,8,sup002,2025-03-29,20
txn08483,ing015,2025-05-12,PURCHASE_ORDER,8,sup002,2025-04-21,21
txn08754,ing015,2025-06-07,PURCHASE_ORDER,8,sup002,2025-05-15,23
txn08921,ing015,2025-06-25,PURCHASE_ORDER,8,sup002,2025-06-10,15
txn09148,ing015,2025-07-17,PURCHASE_ORDER,8,sup004,2025-06-28,19
txn09448,ing015,2025-08-14,PURCHASE_ORDER,8,sup004,2025-07-20,25
txn09583,ing015,2025-08-26,PURCHASE_ORDER,8,sup004,2025-08-17,9
txn09808,ing015,2025-09-17,PURCHASE_ORDER,8,sup004,2025-08-29,19
txn10118,ing015,2025-10-16,PURCHASE_ORDER,8,sup004,2025-09-20,26
txn00154,ing016,2023-03-06,PURCHASE_ORDER,11,sup007,2023-02-28,6
txn00236,ing016,2023-03-14,PURCHASE_ORDER,10,sup002,2023-03-09,5
txn00302,ing016,2023-03-21,PURCHASE_ORDER,11,sup002,2023-03-18,3
txn00390,ing016,2023-03-29,PURCHASE_ORDER,11,sup007,2023-03-25,4
txn00457,ing016,2023-04-04,PURCHASE_ORDER,10,sup002,2023-04-01,3
txn00546,ing016,2023-04-12,PURCHASE_ORDER,10,sup007,2023-04-08,4
txn00611,ing016,2023-04-18,PURCHASE_ORDER,10,sup007,2023-04-15,3
txn00696,ing016,2023-04-26,PURCHASE_ORDER,11,sup002,2023-04-21,5
txn00785,ing016,2023-05-05,PURCHASE_ORDER,10,sup007,2023-04-30,5
txn00848,ing016,2023-05-11,PURCHASE_ORDER,10,sup007,2023-05-08,3
txn00941,ing016,2023-05-20,PURCHASE_ORDER,10,sup007,2023-05-14,6
txn01019,ing016,2023-05-28,PURCHASE_ORDER,10,sup002,2023-05-23,5
txn01111,ing016,2023-06-05,PURCHASE_ORDER,10,sup002,2023-06-01,4
txn01186,ing016,2023-06-12,PURCHASE_ORDER,10,sup007,2023-06-09,3
txn01263,ing016,2023-06-19,PURCHASE_ORDER,10,sup002,2023-06-15,4
txn01345,ing016,2023-06-27,PURCHASE_ORDER,10,sup007,2023-06-23,4
txn01418,ing016,2023-07-04,PURCHASE_ORDER,10,sup002,2023-06-30,4
txn01480,ing016,2023-07-10,PURCHASE_ORDER,10,sup002,2023-07-08,2
txn01587,ing016,2023-07-19,PURCHASE_ORDER,10,sup002,2023-07-14,5
txn01654,ing016,2023-07-25,PURCHASE_ORDER,10,sup002,2023-07-23,2
txn01754,ing016,2023-08-03,PURCHASE_ORDER,10,sup007,2023-07-29,5
txn01828,ing016,2023-08-10,PURCHASE_ORDER,10,sup007,2023-08-06,4
txn01891,ing016,2023-08-17,PURCHASE_ORDER,10,sup002,2023-08-13,4
txn01975,ing016,2023-08-25,PURCHASE_ORDER,11,sup007,2023-08-21,4
txn02076,ing016,2023-09-03,PURCHASE_ORDER,10,sup002,2023-08-28,6
txn02166,ing016,2023-09-11,PURCHASE_ORDER,10,sup007,2023-09-07,4
txn02265,ing016,2023-09-21,PURCHASE_ORDER,10,sup002,2023-09-14,7
txn02362,ing016,2023-09-30,PURCHASE_ORDER,11,sup002,2023-09-25,5
txn02453,ing016,2023-10-08,PURCHASE_ORDER,10,sup007,2023-10-04,4
txn02539,ing016,2023-10-16,PURCHASE_ORDER,10,sup007,2023-10-11,5
txn02614,ing016,2023-10-23,PURCHASE_ORDER,10,sup007,2023-10-19,4
txn02688,ing016,2023-10-30,PURCHASE_ORDER,11,sup007,2023-10-26,4
txn02769,ing016,2023-11-07,PURCHASE_ORDER,11,sup002,2023-11-02,5
txn02856,ing016,2023-11-16,PURCHASE_ORDER,10,sup002,2023-11-11,5
txn02948,ing016,2023-11-25,PURCHASE_ORDER,10,sup002,2023-11-20,5
txn03029,ing016,2023-12-02,PURCHASE_ORDER,11,sup007,2023-11-29,3
txn03110,ing016,2023-12-09,PURCHASE_ORDER,10,sup002,2023-12-05,4
txn03202,ing016,2023-12-18,PURCHASE_ORDER,10,sup007,2023-12-13,5
txn03279,ing016,2023-12-25,PURCHASE_ORDER,10,sup007,2023-12-21,4
txn03342,ing016,2023-12-31,PURCHASE_ORDER,11,sup002,2023-12-28,3
txn03418,ing016,2024-01-07,PURCHASE_ORDER,10,sup007,2024-01-04,3
txn03501,ing016,2024-01-15,PURCHASE_ORDER,10,sup002,2024-01-10,5
txn03609,ing016,2024-01-24,PURCHASE_ORDER,10,sup002,2024-01-19,5
txn03683,ing016,2024-01-31,PURCHASE_ORDER,10,sup007,2024-01-28,3
txn03769,ing016,2024-02-08,PURCHASE_ORDER,10,sup002,2024-02-03,5
txn03833,ing016,2024-02-15,PURCHASE_ORDER,10,sup002,2024-02-12,3
txn03921,ing016,2024-02-22,PURCHASE_ORDER,10,sup007,2024-02-19,3
txn03991,ing016,2024-03-01,PURCHASE_ORDER,10,sup007,2024-02-25,5
txn04057,ing016,2024-03-07,PURCHASE_ORDER,10,sup002,2024-03-04,3
txn04120,ing016,2024-03-13,PURCHASE_ORDER,10,sup007,2024-03-11,2
txn04208,ing016,2024-03-21,PURCHASE_ORDER,11,sup007,2024-03-16,5
txn04261,ing016,2024-03-26,PURCHASE_ORDER,10,sup002,2024-03-24,2
txn04356,ing016,2024-04-03,PURCHASE_ORDER,10,sup002,2024-03-30,4
txn04456,ing016,2024-04-13,PURCHASE_ORDER,10,sup007,2024-04-07,6
txn04533,ing016,2024-04-21,PURCHASE_ORDER,11,sup002,2024-04-16,5
txn04634,ing016,2024-04-30,PURCHASE_ORDER,10,sup002,2024-04-25,5
txn04719,ing016,2024-05-08,PURCHASE_ORDER,10,sup007,2024-05-04,4
txn04774,ing016,2024-05-14,PURCHASE_ORDER,10,sup002,2024-05-11,3
txn04881,ing016,2024-05-24,PURCHASE_ORDER,11,sup007,2024-05-18,6
txn04963,ing016,2024-06-01,PURCHASE_ORDER,10,sup002,2024-05-27,5
txn05040,ing016,2024-06-09,PURCHASE_ORDER,10,sup002,2024-06-05,4
txn05116,ing016,2024-06-16,PURCHASE_ORDER,11,sup007,2024-06-13,3
txn05196,ing016,2024-06-23,PURCHASE_ORDER,10,sup007,2024-06-19,4
txn05281,ing016,2024-07-02,PURCHASE_ORDER,10,sup002,2024-06-26,6
txn05382,ing016,2024-07-11,PURCHASE_ORDER,11,sup002,2024-07-06,5
txn05460,ing016,2024-07-19,PURCHASE_ORDER,11,sup002,2024-07-15,4
txn05554,ing016,2024-07-28,PURCHASE_ORDER,10,sup002,2024-07-23,5
txn05622,ing016,2024-08-04,PURCHASE_ORDER,10,sup002,2024-08-01,3
txn05692,ing016,2024-08-11,PURCHASE_ORDER,10,sup002,2024-08-08,3
txn05767,ing016,2024-08-18,PURCHASE_ORDER,10,sup002,2024-08-15,3
txn05848,ing016,2024-08-26,PURCHASE_ORDER,10,sup002,2024-08-22,4
txn05935,ing016,2024-09-04,PURCHASE_ORDER,11,sup002,2024-08-30,5
txn06008,ing016,2024-09-12,PURCHASE_ORDER,10,sup007,2024-09-08,4
txn06118,ing016,2024-09-23,PURCHASE_ORDER,10,sup002,2024-09-15,8
txn06199,ing016,2024-10-01,PURCHASE_ORDER,10,sup007,2024-09-27,4
txn06270,ing016,2024-10-08,PURCHASE_ORDER,10,sup002,2024-10-04,4
txn06355,ing016,2024-10-17,PURCHASE_ORDER,11,sup007,2024-10-12,5
txn06431,ing016,2024-10-24,PURCHASE_ORDER,10,sup002,2024-10-20,4
txn06517,ing016,2024-11-02,PURCHASE_ORDER,10,sup002,2024-10-28,5
txn06579,ing016,2024-11-08,PURCHASE_ORDER,10,sup007,2024-11-06,2
txn06657,ing016,2024-11-16,PURCHASE_ORDER,10,sup002,2024-11-11,5
txn06737,ing016,2024-11-24,PURCHASE_ORDER,10,sup002,2024-11-20,4
txn06810,ing016,2024-12-02,PURCHASE_ORDER,11,sup002,2024-11-28,4
txn06898,ing016,2024-12-11,PURCHASE_ORDER,10,sup007,2024-12-06,5
txn06987,ing016,2024-12-20,PURCHASE_ORDER,10,sup002,2024-12-14,6
txn07079,ing016,2024-12-29,PURCHASE_ORDER,11,sup002,2024-12-24,5
txn07155,ing016,2025-01-05,PURCHASE_ORDER,11,sup007,2025-01-02,3
txn07225,ing016,2025-01-12,PURCHASE_ORDER,10,sup007,2025-01-08,4
txn07314,ing016,2025-01-20,PURCHASE_ORDER,10,sup007,2025-01-15,5
txn07393,ing016,2025-01-27,PURCHASE_ORDER,11,sup007,2025-01-23,4
txn07494,ing016,2025-02-05,PURCHASE_ORDER,10,sup002,2025-01-30,6
txn07587,ing016,2025-02-14,PURCHASE_ORDER,10,sup007,2025-02-09,5
txn07659,ing016,2025-02-21,PURCHASE_ORDER,11,sup002,2025-02-17,4
txn07721,ing016,2025-02-27,PURCHASE_ORDER,10,sup002,2025-02-25,2
txn07806,ing016,2025-03-07,PURCHASE_ORDER,11,sup007,2025-03-03,4
txn07866,ing016,2025-03-12,PURCHASE_ORDER,10,sup007,2025-03-10,2
txn07940,ing016,2025-03-19,PURCHASE_ORDER,10,sup007,2025-03-15,4
txn08040,ing016,2025-03-28,PURCHASE_ORDER,10,sup002,2025-03-22,6
txn08118,ing016,2025-04-04,PURCHASE_ORDER,10,sup002,2025-04-01,3
txn08195,ing016,2025-04-12,PURCHASE_ORDER,11,sup007,2025-04-08,4
txn08272,ing016,2025-04-20,PURCHASE_ORDER,10,sup007,2025-04-15,5
txn08370,ing016,2025-04-30,PURCHASE_ORDER,10,sup007,2025-04-23,7
txn08426,ing016,2025-05-06,PURCHASE_ORDER,10,sup007,2025-05-03,3
txn08489,ing016,2025-05-13,PURCHASE_ORDER,10,sup002,2025-05-09,4
txn08585,ing016,2025-05-22,PURCHASE_ORDER,10,sup007,2025-05-17,5
txn08673,ing016,2025-05-31,PURCHASE_ORDER,11,sup002,2025-05-25,6
txn08755,ing016,2025-06-07,PURCHASE_ORDER,10,sup002,2025-06-04,3
txn08848,ing016,2025-06-17,PURCHASE_ORDER,11,sup002,2025-06-11,6
txn08922,ing016,2025-06-25,PURCHASE_ORDER,11,sup007,2025-06-21,4
txn09006,ing016,2025-07-03,PURCHASE_ORDER,10,sup007,2025-06-28,5
txn09067,ing016,2025-07-09,PURCHASE_ORDER,10,sup002,2025-07-06,3
txn09137,ing016,2025-07-16,PURCHASE_ORDER,10,sup007,2025-07-13,3
txn09247,ing016,2025-07-25,PURCHASE_ORDER,10,sup002,2025-07-19,6
txn09330,ing016,2025-08-03,PURCHASE_ORDER,10,sup007,2025-07-29,5
txn09425,ing016,2025-08-12,PURCHASE_ORDER,11,sup002,2025-08-06,6
txn09511,ing016,2025-08-19,PURCHASE_ORDER,10,sup002,2025-08-16,3
txn09598,ing016,2025-08-27,PURCHASE_ORDER,11,sup002,2025-08-23,4
txn09689,ing016,2025-09-05,PURCHASE_ORDER,10,sup007,2025-08-31,5
txn09777,ing016,2025-09-14,PURCHASE_ORDER,10,sup007,2025-09-08,6
txn09857,ing016,2025-09-21,PURCHASE_ORDER,10,sup007,2025-09-17,4
txn09927,ing016,2025-09-28,PURCHASE_ORDER,10,sup002,2025-09-24,4
txn10015,ing016,2025-10-06,PURCHASE_ORDER,10,sup007,2025-10-02,4
txn10087,ing016,2025-10-13,PURCHASE_ORDER,10,sup002,2025-10-09,4
txn10196,ing016,2025-10-23,PURCHASE_ORDER,11,sup007,2025-10-17,6
txn00471,ing017,2023-04-05,PURCHASE_ORDER,4,sup002,2023-03-18,18
txn01164,ing017,2023-06-10,PURCHASE_ORDER,4,sup002,2023-04-07,64
txn01468,ing017,2023-07-09,PURCHASE_ORDER,4,sup002,2023-06-12,27
txn01963,ing017,2023-08-24,PURCHASE_ORDER,4,sup007,2023-07-11,44
txn02656,ing017,2023-10-27,PURCHASE_ORDER,4,sup007,2023-08-27,61
txn03111,ing017,2023-12-09,PURCHASE_ORDER,4,sup002,2023-10-30,40
txn03550,ing017,2024-01-19,PURCHASE_ORDER,4,sup007,2023-12-11,39
txn03825,ing017,2024-02-14,PURCHASE_ORDER,4,sup002,2024-01-22,23
txn04040,ing017,2024-03-05,PURCHASE_ORDER,4,sup002,2024-02-16,18
txn04209,ing017,2024-03-21,PURCHASE_ORDER,4,sup007,2024-03-07,14
txn04590,ing017,2024-04-26,PURCHASE_ORDER,4,sup002,2024-03-24,33
txn05062,ing017,2024-06-11,PURCHASE_ORDER,4,sup002,2024-04-28,44
txn05531,ing017,2024-07-26,PURCHASE_ORDER,4,sup007,2024-06-13,43
txn05849,ing017,2024-08-26,PURCHASE_ORDER,4,sup002,2024-07-29,28
txn06388,ing017,2024-10-20,PURCHASE_ORDER,4,sup007,2024-08-28,53
txn06671,ing017,2024-11-17,PURCHASE_ORDER,4,sup007,2024-10-23,25
txn07017,ing017,2024-12-23,PURCHASE_ORDER,4,sup002,2024-11-20,33
txn07315,ing017,2025-01-20,PURCHASE_ORDER,4,sup002,2024-12-25,26
txn07645,ing017,2025-02-20,PURCHASE_ORDER,4,sup007,2025-01-22,29
txn07838,ing017,2025-03-10,PURCHASE_ORDER,4,sup002,2025-02-23,15
txn08105,ing017,2025-04-03,PURCHASE_ORDER,4,sup007,2025-03-12,22
txn08501,ing017,2025-05-14,PURCHASE_ORDER,4,sup007,2025-04-06,38
txn08967,ing017,2025-06-29,PURCHASE_ORDER,4,sup007,2025-05-17,43
txn09351,ing017,2025-08-05,PURCHASE_ORDER,4,sup007,2025-07-02,34
txn09809,ing017,2025-09-17,PURCHASE_ORDER,4,sup007,2025-08-08,40
txn00023,ing018,2023-02-21,PURCHASE_ORDER,8,sup004,2023-02-20,1
txn00062,ing018,2023-02-25,PURCHASE_ORDER,14,sup004,2023-02-20,5
txn00104,ing018,2023-03-01,PURCHASE_ORDER,16,sup004,2023-02-25,4
txn00145,ing018,2023-03-05,PURCHASE_ORDER,9,sup004,2023-03-01,4
txn00182,ing018,2023-03-09,PURCHASE_ORDER,7,sup004,2023-03-05,4
txn00226,ing018,2023-03-13,PURCHASE_ORDER,9,sup004,2023-03-09,4
txn00259,ing018,2023-03-17,PURCHASE_ORDER,10,sup004,2023-03-13,4
txn00303,ing018,2023-03-21,PURCHASE_ORDER,8,sup004,2023-03-17,4
txn00349,ing018,2023-03-25,PURCHASE_ORDER,14,sup004,2023-03-21,4
txn00391,ing018,2023-03-29,PURCHASE_ORDER,17,sup004,2023-03-25,4
txn00433,ing018,2023-04-02,PURCHASE_ORDER,9,sup004,2023-03-29,4
txn00482,ing018,2023-04-06,PURCHASE_ORDER,10,sup004,2023-04-02,4
txn00530,ing018,2023-04-10,PURCHASE_ORDER,9,sup004,2023-04-06,4
txn00568,ing018,2023-04-14,PURCHASE_ORDER,7,sup004,2023-04-10,4
txn00612,ing018,2023-04-18,PURCHASE_ORDER,7,sup004,2023-04-14,4
txn00654,ing018,2023-04-22,PURCHASE_ORDER,9,sup004,2023-04-18,4
txn00697,ing018,2023-04-26,PURCHASE_ORDER,14,sup004,2023-04-22,4
txn00730,ing018,2023-04-30,PURCHASE_ORDER,8,sup004,2023-04-26,4
txn00775,ing018,2023-05-04,PURCHASE_ORDER,7,sup004,2023-04-30,4
txn00823,ing018,2023-05-08,PURCHASE_ORDER,15,sup004,2023-05-04,4
txn00858,ing018,2023-05-12,PURCHASE_ORDER,9,sup004,2023-05-08,4
txn00900,ing018,2023-05-16,PURCHASE_ORDER,13,sup004,2023-05-12,4
txn00942,ing018,2023-05-20,PURCHASE_ORDER,5,sup004,2023-05-16,4
txn00977,ing018,2023-05-24,PURCHASE_ORDER,10,sup004,2023-05-20,4
txn01020,ing018,2023-05-28,PURCHASE_ORDER,6,sup004,2023-05-24,4
txn01058,ing018,2023-06-01,PURCHASE_ORDER,7,sup004,2023-05-28,4
txn01112,ing018,2023-06-05,PURCHASE_ORDER,11,sup004,2023-06-01,4
txn01150,ing018,2023-06-09,PURCHASE_ORDER,12,sup004,2023-06-05,4
txn01197,ing018,2023-06-13,PURCHASE_ORDER,7,sup004,2023-06-09,4
txn01238,ing018,2023-06-17,PURCHASE_ORDER,9,sup004,2023-06-13,4
txn01283,ing018,2023-06-21,PURCHASE_ORDER,8,sup004,2023-06-17,4
txn01327,ing018,2023-06-25,PURCHASE_ORDER,11,sup004,2023-06-21,4
txn01366,ing018,2023-06-29,PURCHASE_ORDER,13,sup004,2023-06-25,4
txn01411,ing018,2023-07-03,PURCHASE_ORDER,8,sup004,2023-06-29,4
txn01444,ing018,2023-07-07,PURCHASE_ORDER,11,sup004,2023-07-03,4
txn01496,ing018,2023-07-11,PURCHASE_ORDER,11,sup004,2023-07-07,4
txn01547,ing018,2023-07-15,PURCHASE_ORDER,14,sup004,2023-07-11,4
txn01588,ing018,2023-07-19,PURCHASE_ORDER,15,sup004,2023-07-15,4
txn01634,ing018,2023-07-23,PURCHASE_ORDER,14,sup004,2023-07-19,4
txn01676,ing018,2023-07-27,PURCHASE_ORDER,5,sup004,2023-07-23,4
txn01716,ing018,2023-07-31,PURCHASE_ORDER,10,sup004,2023-07-27,4
txn01765,ing018,2023-08-04,PURCHASE_ORDER,14,sup004,2023-07-31,4
txn01808,ing018,2023-08-08,PURCHASE_ORDER,9,sup004,2023-08-04,4
txn01845,ing018,2023-08-12,PURCHASE_ORDER,8,sup004,2023-08-08,4
txn01886,ing018,2023-08-16,PURCHASE_ORDER,12,sup004,2023-08-12,4
txn01924,ing018,2023-08-20,PURCHASE_ORDER,5,sup004,2023-08-16,4
txn01964,ing018,2023-08-24,PURCHASE_ORDER,7,sup004,2023-08-20,4
txn02010,ing018,2023-08-28,PURCHASE_ORDER,4,sup004,2023-08-24,4
txn02052,ing018,2023-09-01,PURCHASE_ORDER,11,sup004,2023-08-28,4
txn02098,ing018,2023-09-05,PURCHASE_ORDER,4,sup004,2023-09-01,4
txn02147,ing018,2023-09-09,PURCHASE_ORDER,11,sup004,2023-09-05,4
txn02189,ing018,2023-09-13,PURCHASE_ORDER,8,sup004,2023-09-09,4
txn02226,ing018,2023-09-17,PURCHASE_ORDER,11,sup004,2023-09-13,4
txn02266,ing018,2023-09-21,PURCHASE_ORDER,11,sup004,2023-09-17,4
txn02308,ing018,2023-09-25,PURCHASE_ORDER,9,sup004,2023-09-21,4
txn02351,ing018,2023-09-29,PURCHASE_ORDER,9,sup004,2023-09-25,4
txn02408,ing018,2023-10-04,PURCHASE_ORDER,12,sup004,2023-10-03,1
txn02454,ing018,2023-10-08,PURCHASE_ORDER,7,sup004,2023-10-03,5
txn02497,ing018,2023-10-12,PURCHASE_ORDER,4,sup004,2023-10-08,4
txn02540,ing018,2023-10-16,PURCHASE_ORDER,7,sup004,2023-10-12,4
txn02581,ing018,2023-10-20,PURCHASE_ORDER,11,sup004,2023-10-16,4
txn02624,ing018,2023-10-24,PURCHASE_ORDER,6,sup004,2023-10-20,4
txn02669,ing018,2023-10-28,PURCHASE_ORDER,8,sup004,2023-10-24,4
txn02711,ing018,2023-11-01,PURCHASE_ORDER,11,sup004,2023-10-28,4
txn02749,ing018,2023-11-05,PURCHASE_ORDER,5,sup004,2023-11-01,4
txn02789,ing018,2023-11-09,PURCHASE_ORDER,7,sup004,2023-11-05,4
txn02829,ing018,2023-11-13,PURCHASE_ORDER,9,sup004,2023-11-09,4
txn02866,ing018,2023-11-17,PURCHASE_ORDER,7,sup004,2023-11-13,4
txn02910,ing018,2023-11-21,PURCHASE_ORDER,10,sup004,2023-11-17,4
txn02949,ing018,2023-11-25,PURCHASE_ORDER,10,sup004,2023-11-21,4
txn02997,ing018,2023-11-29,PURCHASE_ORDER,11,sup004,2023-11-25,4
txn03039,ing018,2023-12-03,PURCHASE_ORDER,8,sup004,2023-11-29,4
txn03087,ing018,2023-12-07,PURCHASE_ORDER,9,sup004,2023-12-03,4
txn03137,ing018,2023-12-11,PURCHASE_ORDER,9,sup004,2023-12-07,4
txn03176,ing018,2023-12-15,PURCHASE_ORDER,5,sup004,2023-12-11,4
txn03213,ing018,2023-12-19,PURCHASE_ORDER,11,sup004,2023-12-15,4
txn03256,ing018,2023-12-23,PURCHASE_ORDER,8,sup004,2023-12-19,4
txn03304,ing018,2023-12-27,PURCHASE_ORDER,7,sup004,2023-12-23,4
txn03343,ing018,2023-12-31,PURCHASE_ORDER,6,sup004,2023-12-27,4
txn03387,ing018,2024-01-04,PURCHASE_ORDER,7,sup004,2023-12-31,4
txn03427,ing018,2024-01-08,PURCHASE_ORDER,7,sup004,2024-01-04,4
txn03477,ing018,2024-01-12,PURCHASE_ORDER,4,sup004,2024-01-08,4
txn03517,ing018,2024-01-16,PURCHASE_ORDER,11,sup004,2024-01-12,4
txn03556,ing018,2024-01-20,PURCHASE_ORDER,9,sup004,2024-01-16,4
txn03610,ing018,2024-01-24,PURCHASE_ORDER,6,sup004,2024-01-20,4
txn03653,ing018,2024-01-28,PURCHASE_ORDER,12,sup004,2024-01-24,4
txn03695,ing018,2024-02-01,PURCHASE_ORDER,6,sup004,2024-01-28,4
txn03733,ing018,2024-02-05,PURCHASE_ORDER,10,sup004,2024-02-01,4
txn03775,ing018,2024-02-09,PURCHASE_ORDER,4,sup004,2024-02-05,4
txn03812,ing018,2024-02-13,PURCHASE_ORDER,4,sup004,2024-02-09,4
txn03861,ing018,2024-02-17,PURCHASE_ORDER,8,sup004,2024-02-13,4
txn03909,ing018,2024-02-21,PURCHASE_ORDER,12,sup004,2024-02-17,4
txn03947,ing018,2024-02-25,PURCHASE_ORDER,11,sup004,2024-02-21,4
txn03982,ing018,2024-02-29,PURCHASE_ORDER,6,sup004,2024-02-25,4
txn04030,ing018,2024-03-04,PURCHASE_ORDER,6,sup004,2024-02-29,4
txn04070,ing018,2024-03-08,PURCHASE_ORDER,10,sup004,2024-03-04,4
txn04107,ing018,2024-03-12,PURCHASE_ORDER,10,sup004,2024-03-08,4
txn04157,ing018,2024-03-16,PURCHASE_ORDER,6,sup004,2024-03-12,4
txn04196,ing018,2024-03-20,PURCHASE_ORDER,11,sup004,2024-03-16,4
txn04240,ing018,2024-03-24,PURCHASE_ORDER,8,sup004,2024-03-20,4
txn04283,ing018,2024-03-28,PURCHASE_ORDER,14,sup004,2024-03-24,4
txn04330,ing018,2024-04-01,PURCHASE_ORDER,7,sup004,2024-03-28,4
txn04376,ing018,2024-04-05,PURCHASE_ORDER,9,sup004,2024-04-01,4
txn04417,ing018,2024-04-09,PURCHASE_ORDER,9,sup004,2024-04-05,4
txn04457,ing018,2024-04-13,PURCHASE_ORDER,11,sup004,2024-04-09,4
txn04495,ing018,2024-04-17,PURCHASE_ORDER,11,sup004,2024-04-13,4
txn04534,ing018,2024-04-21,PURCHASE_ORDER,12,sup004,2024-04-17,4
txn04580,ing018,2024-04-25,PURCHASE_ORDER,12,sup004,2024-04-21,4
txn04624,ing018,2024-04-29,PURCHASE_ORDER,9,sup004,2024-04-25,4
txn04663,ing018,2024-05-03,PURCHASE_ORDER,6,sup004,2024-04-29,4
txn04706,ing018,2024-05-07,PURCHASE_ORDER,4,sup004,2024-05-03,4
txn04749,ing018,2024-05-11,PURCHASE_ORDER,11,sup004,2024-05-07,4
txn04793,ing018,2024-05-15,PURCHASE_ORDER,11,sup004,2024-05-11,4
txn04839,ing018,2024-05-19,PURCHASE_ORDER,8,sup004,2024-05-15,4
txn04876,ing018,2024-05-23,PURCHASE_ORDER,10,sup004,2024-05-19,4
txn04912,ing018,2024-05-27,PURCHASE_ORDER,5,sup004,2024-05-23,4
txn04956,ing018,2024-05-31,PURCHASE_ORDER,9,sup004,2024-05-27,4
txn04998,ing018,2024-06-04,PURCHASE_ORDER,12,sup004,2024-05-31,4
txn05031,ing018,2024-06-08,PURCHASE_ORDER,7,sup004,2024-06-04,4
txn05068,ing018,2024-06-12,PURCHASE_ORDER,9,sup004,2024-06-08,4
txn05117,ing018,2024-06-16,PURCHASE_ORDER,9,sup004,2024-06-12,4
txn05169,ing018,2024-06-20,PURCHASE_ORDER,5,sup004,2024-06-16,4
txn05206,ing018,2024-06-24,PURCHASE_ORDER,14,sup004,2024-06-20,4
txn05238,ing018,2024-06-28,PURCHASE_ORDER,10,sup004,2024-06-24,4
txn05282,ing018,2024-07-02,PURCHASE_ORDER,9,sup004,2024-06-28,4
txn05318,ing018,2024-07-06,PURCHASE_ORDER,4,sup004,2024-07-02,4
txn05370,ing018,2024-07-10,PURCHASE_ORDER,11,sup004,2024-07-06,4
txn05412,ing018,2024-07-14,PURCHASE_ORDER,10,sup004,2024-07-10,4
txn05449,ing018,2024-07-18,PURCHASE_ORDER,15,sup004,2024-07-14,4
txn05493,ing018,2024-07-22,PURCHASE_ORDER,4,sup004,2024-07-18,4
txn05532,ing018,2024-07-26,PURCHASE_ORDER,10,sup004,2024-07-22,4
txn05576,ing018,2024-07-30,PURCHASE_ORDER,12,sup004,2024-07-26,4
txn05606,ing018,2024-08-03,PURCHASE_ORDER,9,sup004,2024-07-30,4
txn05655,ing018,2024-08-07,PURCHASE_ORDER,6,sup004,2024-08-03,4
txn05700,ing018,2024-08-12,PURCHASE_ORDER,11,sup004,2024-08-11,1
txn05746,ing018,2024-08-16,PURCHASE_ORDER,6,sup004,2024-08-11,5
txn05791,ing018,2024-08-20,PURCHASE_ORDER,10,sup004,2024-08-16,4
txn05832,ing018,2024-08-24,PURCHASE_ORDER,7,sup004,2024-08-20,4
txn05876,ing018,2024-08-28,PURCHASE_ORDER,5,sup004,2024-08-24,4
txn05911,ing018,2024-09-01,PURCHASE_ORDER,11,sup004,2024-08-28,4
txn05945,ing018,2024-09-05,PURCHASE_ORDER,9,sup004,2024-09-01,4
txn05984,ing018,2024-09-09,PURCHASE_ORDER,7,sup004,2024-09-05,4
txn06026,ing018,2024-09-13,PURCHASE_ORDER,8,sup004,2024-09-09,4
txn06061,ing018,2024-09-17,PURCHASE_ORDER,7,sup004,2024-09-13,4
txn06095,ing018,2024-09-21,PURCHASE_ORDER,10,sup004,2024-09-17,4
txn06140,ing018,2024-09-25,PURCHASE_ORDER,15,sup004,2024-09-21,4
txn06181,ing018,2024-09-29,PURCHASE_ORDER,11,sup004,2024-09-25,4
txn06219,ing018,2024-10-03,PURCHASE_ORDER,15,sup004,2024-09-29,4
txn06257,ing018,2024-10-07,PURCHASE_ORDER,9,sup004,2024-10-03,4
txn06299,ing018,2024-10-11,PURCHASE_ORDER,8,sup004,2024-10-07,4
txn06331,ing018,2024-10-15,PURCHASE_ORDER,8,sup004,2024-10-11,4
txn06379,ing018,2024-10-19,PURCHASE_ORDER,11,sup004,2024-10-15,4
txn06425,ing018,2024-10-23,PURCHASE_ORDER,13,sup004,2024-10-19,4
txn06464,ing018,2024-10-27,PURCHASE_ORDER,11,sup004,2024-10-23,4
txn06501,ing018,2024-10-31,PURCHASE_ORDER,7,sup004,2024-10-27,4
txn06540,ing018,2024-11-04,PURCHASE_ORDER,10,sup004,2024-10-31,4
txn06580,ing018,2024-11-08,PURCHASE_ORDER,6,sup004,2024-11-04,4
txn06617,ing018,2024-11-12,PURCHASE_ORDER,8,sup004,2024-11-08,4
txn06658,ing018,2024-11-16,PURCHASE_ORDER,11,sup004,2024-11-12,4
txn06709,ing018,2024-11-21,PURCHASE_ORDER,6,sup004,2024-11-20,1
txn06742,ing018,2024-11-25,PURCHASE_ORDER,5,sup004,2024-11-20,5
txn06792,ing018,2024-11-30,PURCHASE_ORDER,9,sup004,2024-11-29,1
txn06831,ing018,2024-12-04,PURCHASE_ORDER,4,sup004,2024-11-29,5
txn06871,ing018,2024-12-08,PURCHASE_ORDER,11,sup004,2024-12-04,4
txn06909,ing018,2024-12-12,PURCHASE_ORDER,7,sup004,2024-12-08,4
txn06947,ing018,2024-12-16,PURCHASE_ORDER,8,sup004,2024-12-12,4
txn06988,ing018,2024-12-20,PURCHASE_ORDER,10,sup004,2024-12-16,4
txn07028,ing018,2024-12-24,PURCHASE_ORDER,7,sup004,2024-12-20,4
txn07068,ing018,2024-12-28,PURCHASE_ORDER,7,sup004,2024-12-24,4
txn07109,ing018,2025-01-01,PURCHASE_ORDER,7,sup004,2024-12-28,4
txn07156,ing018,2025-01-05,PURCHASE_ORDER,4,sup004,2025-01-01,4
txn07195,ing018,2025-01-09,PURCHASE_ORDER,7,sup004,2025-01-05,4
txn07236,ing018,2025-01-13,PURCHASE_ORDER,9,sup004,2025-01-09,4
txn07277,ing018,2025-01-17,PURCHASE_ORDER,9,sup004,2025-01-13,4
txn07325,ing018,2025-01-21,PURCHASE_ORDER,10,sup004,2025-01-17,4
txn07373,ing018,2025-01-25,PURCHASE_ORDER,15,sup004,2025-01-21,4
txn07418,ing018,2025-01-29,PURCHASE_ORDER,5,sup004,2025-01-25,4
txn07464,ing018,2025-02-02,PURCHASE_ORDER,8,sup004,2025-01-29,4
txn07501,ing018,2025-02-06,PURCHASE_ORDER,9,sup004,2025-02-02,4
txn07544,ing018,2025-02-10,PURCHASE_ORDER,13,sup004,2025-02-06,4
txn07588,ing018,2025-02-14,PURCHASE_ORDER,12,sup004,2025-02-10,4
txn07620,ing018,2025-02-18,PURCHASE_ORDER,13,sup004,2025-02-14,4
txn07674,ing018,2025-02-22,PURCHASE_ORDER,8,sup004,2025-02-18,4
txn07714,ing018,2025-02-26,PURCHASE_ORDER,4,sup004,2025-02-22,4
txn07755,ing018,2025-03-02,PURCHASE_ORDER,9,sup004,2025-02-26,4
txn07796,ing018,2025-03-06,PURCHASE_ORDER,13,sup004,2025-03-02,4
txn07839,ing018,2025-03-10,PURCHASE_ORDER,7,sup004,2025-03-06,4
txn07890,ing018,2025-03-14,PURCHASE_ORDER,7,sup004,2025-03-10,4
txn07931,ing018,2025-03-18,PURCHASE_ORDER,9,sup004,2025-03-14,4
txn07973,ing018,2025-03-22,PURCHASE_ORDER,10,sup004,2025-03-18,4
txn08015,ing018,2025-03-26,PURCHASE_ORDER,11,sup004,2025-03-22,4
txn08059,ing018,2025-03-30,PURCHASE_ORDER,7,sup004,2025-03-26,4
txn08106,ing018,2025-04-03,PURCHASE_ORDER,6,sup004,2025-03-30,4
txn08153,ing018,2025-04-07,PURCHASE_ORDER,9,sup004,2025-04-03,4
txn08188,ing018,2025-04-11,PURCHASE_ORDER,7,sup004,2025-04-07,4
txn08222,ing018,2025-04-15,PURCHASE_ORDER,13,sup004,2025-04-11,4
txn08263,ing018,2025-04-19,PURCHASE_ORDER,8,sup004,2025-04-15,4
txn08308,ing018,2025-04-23,PURCHASE_ORDER,8,sup004,2025-04-19,4
txn08345,ing018,2025-04-27,PURCHASE_ORDER,5,sup004,2025-04-23,4
txn08383,ing018,2025-05-01,PURCHASE_ORDER,7,sup004,2025-04-27,4
txn08427,ing018,2025-05-06,PURCHASE_ORDER,11,sup004,2025-05-05,1
txn08464,ing018,2025-05-10,PURCHASE_ORDER,10,sup004,2025-05-05,5
txn08502,ing018,2025-05-14,PURCHASE_ORDER,11,sup004,2025-05-10,4
txn08547,ing018,2025-05-18,PURCHASE_ORDER,5,sup004,2025-05-14,4
txn08586,ing018,2025-05-22,PURCHASE_ORDER,12,sup004,2025-05-18,4
txn08626,ing018,2025-05-26,PURCHASE_ORDER,8,sup004,2025-05-22,4
txn08666,ing018,2025-05-30,PURCHASE_ORDER,10,sup004,2025-05-26,4
txn08702,ing018,2025-06-03,PURCHASE_ORDER,9,sup004,2025-05-30,4
txn08756,ing018,2025-06-07,PURCHASE_ORDER,7,sup004,2025-06-03,4
txn08794,ing018,2025-06-11,PURCHASE_ORDER,8,sup004,2025-06-07,4
txn08830,ing018,2025-06-15,PURCHASE_ORDER,7,sup004,2025-06-11,4
txn08865,ing018,2025-06-19,PURCHASE_ORDER,8,sup004,2025-06-15,4
txn08907,ing018,2025-06-23,PURCHASE_ORDER,8,sup004,2025-06-19,4
txn08942,ing018,2025-06-27,PURCHASE_ORDER,12,sup004,2025-06-23,4
txn08985,ing018,2025-07-01,PURCHASE_ORDER,5,sup004,2025-06-27,4
txn09022,ing018,2025-07-05,PURCHASE_ORDER,6,sup004,2025-07-01,4
txn09068,ing018,2025-07-09,PURCHASE_ORDER,11,sup004,2025-07-05,4
txn09105,ing018,2025-07-13,PURCHASE_ORDER,5,sup004,2025-07-09,4
txn09149,ing018,2025-07-17,PURCHASE_ORDER,11,sup004,2025-07-13,4
txn09194,ing018,2025-07-21,PURCHASE_ORDER,16,sup004,2025-07-17,4
txn09248,ing018,2025-07-25,PURCHASE_ORDER,8,sup004,2025-07-21,4
txn09287,ing018,2025-07-29,PURCHASE_ORDER,11,sup004,2025-07-25,4
txn09320,ing018,2025-08-02,PURCHASE_ORDER,9,sup004,2025-07-29,4
txn09365,ing018,2025-08-06,PURCHASE_ORDER,11,sup004,2025-08-02,4
txn09404,ing018,2025-08-10,PURCHASE_ORDER,9,sup004,2025-08-06,4
txn09449,ing018,2025-08-14,PURCHASE_ORDER,14,sup004,2025-08-10,4
txn09493,ing018,2025-08-18,PURCHASE_ORDER,13,sup004,2025-08-14,4
txn09562,ing018,2025-08-23,PURCHASE_ORDER,7,sup004,2025-08-22,1
txn09599,ing018,2025-08-27,PURCHASE_ORDER,9,sup004,2025-08-22,5
txn09639,ing018,2025-08-31,PURCHASE_ORDER,9,sup004,2025-08-27,4
txn09680,ing018,2025-09-04,PURCHASE_ORDER,11,sup004,2025-08-31,4
txn09732,ing018,2025-09-09,PURCHASE_ORDER,10,sup004,2025-09-08,1
txn09765,ing018,2025-09-13,PURCHASE_ORDER,4,sup004,2025-09-08,5
txn09810,ing018,2025-09-17,PURCHASE_ORDER,8,sup004,2025-09-13,4
txn09869,ing018,2025-09-22,PURCHASE_ORDER,4,sup004,2025-09-21,1
txn09907,ing018,2025-09-26,PURCHASE_ORDER,7,sup004,2025-09-21,5
txn09949,ing018,2025-09-30,PURCHASE_ORDER,7,sup004,2025-09-26,4
txn09989,ing018,2025-10-04,PURCHASE_ORDER,9,sup004,2025-09-30,4
txn10032,ing018,2025-10-08,PURCHASE_ORDER,12,sup004,2025-10-04,4
txn10073,ing018,2025-10-12,PURCHASE_ORDER,7,sup004,2025-10-08,4
txn10119,ing018,2025-10-16,PURCHASE_ORDER,12,sup004,2025-10-12,4
txn10168,ing018,2025-10-20,PURCHASE_ORDER,7,sup004,2025-10-16,4
txn10208,ing018,2025-10-24,PURCHASE_ORDER,6,sup004,2025-10-20,4
txn00067,ing019,2023-02-26,PURCHASE_ORDER,6,sup003,2023-02-25,1
txn00133,ing019,2023-03-04,PURCHASE_ORDER,6,sup003,2023-03-01,3
txn00207,ing019,2023-03-11,PURCHASE_ORDER,6,sup003,2023-03-07,4
txn00273,ing019,2023-03-18,PURCHASE_ORDER,6,sup003,2023-03-14,4
txn00338,ing019,2023-03-24,PURCHASE_ORDER,6,sup003,2023-03-21,3
txn00392,ing019,2023-03-29,PURCHASE_ORDER,6,sup003,2023-03-27,2
txn00483,ing019,2023-04-06,PURCHASE_ORDER,6,sup003,2023-04-01,5
txn00592,ing019,2023-04-16,PURCHASE_ORDER,6,sup003,2023-04-09,7
txn00665,ing019,2023-04-23,PURCHASE_ORDER,6,sup003,2023-04-19,4
txn00731,ing019,2023-04-30,PURCHASE_ORDER,6,sup003,2023-04-26,4
txn00812,ing019,2023-05-07,PURCHASE_ORDER,7,sup003,2023-05-03,4
txn00866,ing019,2023-05-13,PURCHASE_ORDER,7,sup003,2023-05-10,3
txn00953,ing019,2023-05-21,PURCHASE_ORDER,6,sup003,2023-05-16,5
txn01029,ing019,2023-05-29,PURCHASE_ORDER,6,sup003,2023-05-24,5
txn01089,ing019,2023-06-03,PURCHASE_ORDER,6,sup003,2023-06-01,2
txn01198,ing019,2023-06-13,PURCHASE_ORDER,6,sup003,2023-06-06,7
txn01275,ing019,2023-06-20,PURCHASE_ORDER,6,sup003,2023-06-16,4
txn01346,ing019,2023-06-27,PURCHASE_ORDER,6,sup003,2023-06-23,4
txn01429,ing019,2023-07-05,PURCHASE_ORDER,6,sup003,2023-06-30,5
txn01497,ing019,2023-07-11,PURCHASE_ORDER,6,sup003,2023-07-08,3
txn01560,ing019,2023-07-16,PURCHASE_ORDER,6,sup003,2023-07-14,2
txn01618,ing019,2023-07-22,PURCHASE_ORDER,8,sup003,2023-07-19,3
txn01706,ing019,2023-07-30,PURCHASE_ORDER,6,sup003,2023-07-25,5
txn01766,ing019,2023-08-04,PURCHASE_ORDER,6,sup003,2023-08-02,2
txn01837,ing019,2023-08-11,PURCHASE_ORDER,6,sup003,2023-08-07,4
txn01911,ing019,2023-08-19,PURCHASE_ORDER,6,sup003,2023-08-14,5
txn02011,ing019,2023-08-28,PURCHASE_ORDER,6,sup003,2023-08-22,6
txn02107,ing019,2023-09-06,PURCHASE_ORDER,6,sup003,2023-08-31,6
txn02190,ing019,2023-09-13,PURCHASE_ORDER,6,sup003,2023-09-09,4
txn02244,ing019,2023-09-19,PURCHASE_ORDER,6,sup003,2023-09-16,3
txn02309,ing019,2023-09-25,PURCHASE_ORDER,6,sup003,2023-09-22,3
txn02368,ing019,2023-10-01,PURCHASE_ORDER,6,sup003,2023-09-28,3
txn02498,ing019,2023-10-12,PURCHASE_ORDER,6,sup003,2023-10-04,8
txn02582,ing019,2023-10-20,PURCHASE_ORDER,6,sup003,2023-10-15,5
txn02657,ing019,2023-10-27,PURCHASE_ORDER,6,sup003,2023-10-23,4
txn02750,ing019,2023-11-05,PURCHASE_ORDER,6,sup003,2023-10-30,6
txn02857,ing019,2023-11-16,PURCHASE_ORDER,6,sup003,2023-11-08,8
txn02939,ing019,2023-11-24,PURCHASE_ORDER,6,sup003,2023-11-19,5
txn03018,ing019,2023-12-01,PURCHASE_ORDER,6,sup003,2023-11-27,4
txn03123,ing019,2023-12-10,PURCHASE_ORDER,6,sup003,2023-12-04,6
txn03194,ing019,2023-12-17,PURCHASE_ORDER,6,sup003,2023-12-13,4
txn03257,ing019,2023-12-23,PURCHASE_ORDER,6,sup003,2023-12-20,3
txn03368,ing019,2024-01-02,PURCHASE_ORDER,6,sup003,2023-12-26,7
txn03488,ing019,2024-01-13,PURCHASE_ORDER,6,sup003,2024-01-05,8
txn03537,ing019,2024-01-18,PURCHASE_ORDER,6,sup003,2024-01-16,2
txn03627,ing019,2024-01-26,PURCHASE_ORDER,6,sup003,2024-01-21,5
txn03724,ing019,2024-02-04,PURCHASE_ORDER,6,sup003,2024-01-29,6
txn03834,ing019,2024-02-15,PURCHASE_ORDER,6,sup003,2024-02-07,8
txn03922,ing019,2024-02-22,PURCHASE_ORDER,6,sup003,2024-02-18,4
txn04031,ing019,2024-03-04,PURCHASE_ORDER,6,sup003,2024-02-25,8
txn04090,ing019,2024-03-10,PURCHASE_ORDER,7,sup003,2024-03-07,3
txn04176,ing019,2024-03-18,PURCHASE_ORDER,6,sup003,2024-03-13,5
txn04250,ing019,2024-03-25,PURCHASE_ORDER,7,sup003,2024-03-21,4
txn04331,ing019,2024-04-01,PURCHASE_ORDER,6,sup003,2024-03-28,4
txn04394,ing019,2024-04-07,PURCHASE_ORDER,6,sup003,2024-04-04,3
txn04458,ing019,2024-04-13,PURCHASE_ORDER,6,sup003,2024-04-10,3
txn04507,ing019,2024-04-18,PURCHASE_ORDER,6,sup003,2024-04-16,2
txn04566,ing019,2024-04-24,PURCHASE_ORDER,7,sup003,2024-04-21,3
txn04649,ing019,2024-05-01,PURCHASE_ORDER,6,sup003,2024-04-27,4
txn04756,ing019,2024-05-12,PURCHASE_ORDER,6,sup003,2024-05-04,8
txn04840,ing019,2024-05-19,PURCHASE_ORDER,6,sup003,2024-05-15,4
txn04941,ing019,2024-05-30,PURCHASE_ORDER,6,sup003,2024-05-22,8
txn04985,ing019,2024-06-03,PURCHASE_ORDER,6,sup003,2024-06-02,1
txn05053,ing019,2024-06-10,PURCHASE_ORDER,6,sup003,2024-06-06,4
txn05130,ing019,2024-06-17,PURCHASE_ORDER,6,sup003,2024-06-13,4
txn05207,ing019,2024-06-24,PURCHASE_ORDER,6,sup003,2024-06-20,4
txn05283,ing019,2024-07-02,PURCHASE_ORDER,6,sup003,2024-06-27,5
txn05358,ing019,2024-07-09,PURCHASE_ORDER,6,sup003,2024-07-05,4
txn05438,ing019,2024-07-17,PURCHASE_ORDER,7,sup003,2024-07-12,5
txn05541,ing019,2024-07-27,PURCHASE_ORDER,6,sup003,2024-07-20,7
txn05607,ing019,2024-08-03,PURCHASE_ORDER,6,sup003,2024-07-30,4
txn05701,ing019,2024-08-12,PURCHASE_ORDER,6,sup003,2024-08-06,6
txn05792,ing019,2024-08-20,PURCHASE_ORDER,6,sup003,2024-08-15,5
txn05897,ing019,2024-08-31,PURCHASE_ORDER,7,sup003,2024-08-23,8
txn05978,ing019,2024-09-08,PURCHASE_ORDER,6,sup003,2024-09-03,5
txn06051,ing019,2024-09-16,PURCHASE_ORDER,6,sup003,2024-09-11,5
txn06108,ing019,2024-09-22,PURCHASE_ORDER,6,sup003,2024-09-19,3
txn06151,ing019,2024-09-26,PURCHASE_ORDER,6,sup003,2024-09-25,1
txn06190,ing019,2024-09-30,PURCHASE_ORDER,6,sup003,2024-09-29,1
txn06246,ing019,2024-10-06,PURCHASE_ORDER,6,sup003,2024-10-03,3
txn06332,ing019,2024-10-15,PURCHASE_ORDER,6,sup003,2024-10-09,6
txn06389,ing019,2024-10-20,PURCHASE_ORDER,7,sup003,2024-10-18,2
txn06454,ing019,2024-10-26,PURCHASE_ORDER,6,sup003,2024-10-23,3
txn06518,ing019,2024-11-02,PURCHASE_ORDER,6,sup003,2024-10-29,4
txn06618,ing019,2024-11-12,PURCHASE_ORDER,6,sup003,2024-11-05,7
txn06738,ing019,2024-11-24,PURCHASE_ORDER,6,sup003,2024-11-15,9
txn06842,ing019,2024-12-05,PURCHASE_ORDER,7,sup003,2024-11-27,8
txn06933,ing019,2024-12-14,PURCHASE_ORDER,6,sup003,2024-12-08,6
txn06989,ing019,2024-12-20,PURCHASE_ORDER,6,sup003,2024-12-17,3
txn07097,ing019,2024-12-31,PURCHASE_ORDER,6,sup003,2024-12-23,8
txn07213,ing019,2025-01-11,PURCHASE_ORDER,6,sup003,2025-01-03,8
txn07278,ing019,2025-01-17,PURCHASE_ORDER,6,sup003,2025-01-14,3
txn07335,ing019,2025-01-22,PURCHASE_ORDER,6,sup003,2025-01-20,2
txn07405,ing019,2025-01-28,PURCHASE_ORDER,6,sup003,2025-01-25,3
txn07495,ing019,2025-02-05,PURCHASE_ORDER,6,sup003,2025-01-31,5
txn07566,ing019,2025-02-12,PURCHASE_ORDER,7,sup003,2025-02-08,4
txn07621,ing019,2025-02-18,PURCHASE_ORDER,6,sup003,2025-02-15,3
txn07722,ing019,2025-02-27,PURCHASE_ORDER,6,sup003,2025-02-21,6
txn07787,ing019,2025-03-05,PURCHASE_ORDER,6,sup003,2025-03-02,3
txn07846,ing019,2025-03-11,PURCHASE_ORDER,6,sup003,2025-03-08,3
txn07932,ing019,2025-03-18,PURCHASE_ORDER,6,sup003,2025-03-14,4
txn08016,ing019,2025-03-26,PURCHASE_ORDER,7,sup003,2025-03-21,5
txn08143,ing019,2025-04-06,PURCHASE_ORDER,6,sup003,2025-03-29,8
txn08223,ing019,2025-04-15,PURCHASE_ORDER,7,sup003,2025-04-09,6
txn08333,ing019,2025-04-26,PURCHASE_ORDER,6,sup003,2025-04-18,8
txn08405,ing019,2025-05-04,PURCHASE_ORDER,7,sup003,2025-04-29,5
txn08484,ing019,2025-05-12,PURCHASE_ORDER,6,sup003,2025-05-07,5
txn08573,ing019,2025-05-21,PURCHASE_ORDER,6,sup003,2025-05-15,6
txn08639,ing019,2025-05-27,PURCHASE_ORDER,6,sup003,2025-05-24,3
txn08703,ing019,2025-06-03,PURCHASE_ORDER,7,sup003,2025-05-30,4
txn08810,ing019,2025-06-13,PURCHASE_ORDER,6,sup003,2025-06-06,7
txn08866,ing019,2025-06-19,PURCHASE_ORDER,6,sup003,2025-06-16,3
txn08933,ing019,2025-06-26,PURCHASE_ORDER,7,sup003,2025-06-22,4
txn09032,ing019,2025-07-06,PURCHASE_ORDER,6,sup003,2025-06-29,7
txn09138,ing019,2025-07-16,PURCHASE_ORDER,7,sup003,2025-07-09,7
txn09195,ing019,2025-07-21,PURCHASE_ORDER,6,sup003,2025-07-19,2
txn09288,ing019,2025-07-29,PURCHASE_ORDER,6,sup003,2025-07-24,5
txn09339,ing019,2025-08-04,PURCHASE_ORDER,6,sup003,2025-08-01,3
txn09416,ing019,2025-08-11,PURCHASE_ORDER,6,sup003,2025-08-07,4
txn09468,ing019,2025-08-16,PURCHASE_ORDER,7,sup003,2025-08-14,2
txn09584,ing019,2025-08-26,PURCHASE_ORDER,7,sup003,2025-08-19,7
txn09649,ing019,2025-09-01,PURCHASE_ORDER,6,sup003,2025-08-29,3
txn09702,ing019,2025-09-06,PURCHASE_ORDER,6,sup003,2025-09-04,2
txn09811,ing019,2025-09-17,PURCHASE_ORDER,6,sup003,2025-09-09,8
txn09935,ing019,2025-09-29,PURCHASE_ORDER,6,sup003,2025-09-20,9
txn10016,ing019,2025-10-06,PURCHASE_ORDER,6,sup003,2025-10-02,4
txn10088,ing019,2025-10-13,PURCHASE_ORDER,6,sup003,2025-10-09,4
txn10152,ing019,2025-10-19,PURCHASE_ORDER,6,sup003,2025-10-16,3
txn00786,ing020,2023-05-05,PURCHASE_ORDER,4,sup002,2023-03-21,45
txn01073,ing020,2023-06-02,PURCHASE_ORDER,4,sup006,2023-05-08,25
txn01580,ing020,2023-07-18,PURCHASE_ORDER,4,sup002,2023-06-06,42
txn01767,ing020,2023-08-04,PURCHASE_ORDER,4,sup002,2023-07-21,14
txn02053,ing020,2023-09-01,PURCHASE_ORDER,4,sup002,2023-08-07,25
txn02689,ing020,2023-10-30,PURCHASE_ORDER,4,sup002,2023-09-04,56
txn03495,ing020,2024-01-14,PURCHASE_ORDER,4,sup006,2023-11-02,73
txn04251,ing020,2024-03-25,PURCHASE_ORDER,4,sup006,2024-01-18,67
txn04479,ing020,2024-04-15,PURCHASE_ORDER,4,sup006,2024-03-29,17
txn04720,ing020,2024-05-08,PURCHASE_ORDER,4,sup002,2024-04-19,19
txn05346,ing020,2024-07-08,PURCHASE_ORDER,4,sup002,2024-05-11,58
txn06082,ing020,2024-09-20,PURCHASE_ORDER,4,sup006,2024-07-11,71
txn06365,ing020,2024-10-18,PURCHASE_ORDER,4,sup002,2024-09-24,24
txn07237,ing020,2025-01-13,PURCHASE_ORDER,4,sup002,2024-10-21,84
txn07530,ing020,2025-02-09,PURCHASE_ORDER,4,sup002,2025-01-16,24
txn07917,ing020,2025-03-17,PURCHASE_ORDER,4,sup002,2025-02-12,33
txn08224,ing020,2025-04-15,PURCHASE_ORDER,4,sup006,2025-03-20,26
txn09139,ing020,2025-07-16,PURCHASE_ORDER,4,sup002,2025-04-19,88
txn09436,ing020,2025-08-13,PURCHASE_ORDER,4,sup002,2025-07-19,25
txn10025,ing020,2025-10-07,PURCHASE_ORDER,4,sup006,2025-08-16,52
txn01074,ing021,2023-06-02,PURCHASE_ORDER,7,sup002,2023-03-31,63
txn01581,ing021,2023-07-18,PURCHASE_ORDER,7,sup007,2023-06-07,41
txn02030,ing021,2023-08-30,PURCHASE_ORDER,7,sup002,2023-07-24,37
txn03073,ing021,2023-12-06,PURCHASE_ORDER,7,sup002,2023-09-04,93
txn04097,ing021,2024-03-11,PURCHASE_ORDER,7,sup007,2023-12-11,91
txn04515,ing021,2024-04-19,PURCHASE_ORDER,7,sup002,2024-03-17,33
txn05347,ing021,2024-07-08,PURCHASE_ORDER,7,sup002,2024-04-24,75
txn06083,ing021,2024-09-20,PURCHASE_ORDER,7,sup002,2024-07-13,69
txn06843,ing021,2024-12-05,PURCHASE_ORDER,7,sup002,2024-09-25,71
txn07622,ing021,2025-02-18,PURCHASE_ORDER,7,sup002,2024-12-10,70
txn08264,ing021,2025-04-19,PURCHASE_ORDER,7,sup002,2025-02-23,55
txn09196,ing021,2025-07-21,PURCHASE_ORDER,7,sup007,2025-04-24,88
txn09469,ing021,2025-08-16,PURCHASE_ORDER,7,sup002,2025-07-27,20
txn00047,ing022,2023-02-24,PURCHASE_ORDER,4,sup004,2023-02-21,3
txn00082,ing022,2023-02-27,PURCHASE_ORDER,4,sup004,2023-02-26,1
txn00121,ing022,2023-03-03,PURCHASE_ORDER,4,sup004,2023-03-01,2
txn00155,ing022,2023-03-06,PURCHASE_ORDER,4,sup004,2023-03-05,1
txn00190,ing022,2023-03-10,PURCHASE_ORDER,4,sup004,2023-03-08,2
txn00227,ing022,2023-03-13,PURCHASE_ORDER,5,sup004,2023-03-12,1
txn00261,ing022,2023-03-17,PURCHASE_ORDER,5,sup004,2023-03-15,2
txn00282,ing022,2023-03-19,PURCHASE_ORDER,4,sup004,2023-03-15,4
txn00339,ing022,2023-03-24,PURCHASE_ORDER,5,sup004,2023-03-21,3
txn00368,ing022,2023-03-27,PURCHASE_ORDER,4,sup004,2023-03-26,1
txn00393,ing022,2023-03-29,PURCHASE_ORDER,4,sup004,2023-03-26,3
txn00414,ing022,2023-03-31,PURCHASE_ORDER,4,sup004,2023-03-29,2
txn00449,ing022,2023-04-03,PURCHASE_ORDER,4,sup004,2023-04-02,1
txn00511,ing022,2023-04-08,PURCHASE_ORDER,5,sup004,2023-04-05,3
txn00540,ing022,2023-04-11,PURCHASE_ORDER,4,sup004,2023-04-10,1
txn00569,ing022,2023-04-14,PURCHASE_ORDER,4,sup004,2023-04-13,1
txn00593,ing022,2023-04-16,PURCHASE_ORDER,4,sup004,2023-04-13,3
txn00629,ing022,2023-04-20,PURCHASE_ORDER,4,sup004,2023-04-18,2
txn00698,ing022,2023-04-26,PURCHASE_ORDER,4,sup004,2023-04-22,4
txn00732,ing022,2023-04-30,PURCHASE_ORDER,4,sup004,2023-04-28,2
txn00787,ing022,2023-05-05,PURCHASE_ORDER,4,sup004,2023-05-02,3
txn00835,ing022,2023-05-09,PURCHASE_ORDER,4,sup004,2023-05-07,2
txn00849,ing022,2023-05-11,PURCHASE_ORDER,4,sup004,2023-05-07,4
txn00879,ing022,2023-05-14,PURCHASE_ORDER,4,sup004,2023-05-13,1
txn00921,ing022,2023-05-18,PURCHASE_ORDER,4,sup004,2023-05-16,2
txn00954,ing022,2023-05-21,PURCHASE_ORDER,4,sup004,2023-05-20,1
txn00978,ing022,2023-05-24,PURCHASE_ORDER,4,sup004,2023-05-23,1
txn01030,ing022,2023-05-29,PURCHASE_ORDER,4,sup004,2023-05-26,3
txn01075,ing022,2023-06-02,PURCHASE_ORDER,4,sup004,2023-05-31,2
txn01113,ing022,2023-06-05,PURCHASE_ORDER,4,sup004,2023-06-04,1
txn01151,ing022,2023-06-09,PURCHASE_ORDER,5,sup004,2023-06-07,2
txn01199,ing022,2023-06-13,PURCHASE_ORDER,4,sup004,2023-06-11,2
txn01218,ing022,2023-06-15,PURCHASE_ORDER,4,sup004,2023-06-11,4
txn01239,ing022,2023-06-17,PURCHASE_ORDER,4,sup004,2023-06-15,2
txn01284,ing022,2023-06-21,PURCHASE_ORDER,4,sup004,2023-06-19,2
txn01315,ing022,2023-06-24,PURCHASE_ORDER,4,sup004,2023-06-23,1
txn01347,ing022,2023-06-27,PURCHASE_ORDER,4,sup004,2023-06-26,1
txn01379,ing022,2023-06-30,PURCHASE_ORDER,4,sup004,2023-06-29,1
txn01445,ing022,2023-07-07,PURCHASE_ORDER,4,sup004,2023-07-02,5
txn01498,ing022,2023-07-11,PURCHASE_ORDER,4,sup004,2023-07-09,2
txn01533,ing022,2023-07-14,PURCHASE_ORDER,4,sup004,2023-07-13,1
txn01598,ing022,2023-07-20,PURCHASE_ORDER,6,sup004,2023-07-16,4
txn01619,ing022,2023-07-22,PURCHASE_ORDER,4,sup004,2023-07-16,6
txn01664,ing022,2023-07-26,PURCHASE_ORDER,4,sup004,2023-07-24,2
txn01733,ing022,2023-08-01,PURCHASE_ORDER,4,sup004,2023-07-28,4
txn01775,ing022,2023-08-05,PURCHASE_ORDER,4,sup004,2023-08-03,2
txn01820,ing022,2023-08-09,PURCHASE_ORDER,4,sup004,2023-08-07,2
txn01846,ing022,2023-08-12,PURCHASE_ORDER,5,sup004,2023-08-11,1
txn01901,ing022,2023-08-18,PURCHASE_ORDER,4,sup004,2023-08-14,4
txn01953,ing022,2023-08-23,PURCHASE_ORDER,4,sup004,2023-08-20,3
txn01976,ing022,2023-08-25,PURCHASE_ORDER,4,sup004,2023-08-20,5
txn02038,ing022,2023-08-31,PURCHASE_ORDER,4,sup004,2023-08-27,4
txn02099,ing022,2023-09-05,PURCHASE_ORDER,4,sup004,2023-09-02,3
txn02132,ing022,2023-09-08,PURCHASE_ORDER,5,sup004,2023-09-07,1
txn02167,ing022,2023-09-11,PURCHASE_ORDER,4,sup004,2023-09-10,1
txn02227,ing022,2023-09-17,PURCHASE_ORDER,4,sup004,2023-09-13,4
txn02267,ing022,2023-09-21,PURCHASE_ORDER,5,sup004,2023-09-19,2
txn02298,ing022,2023-09-24,PURCHASE_ORDER,4,sup004,2023-09-23,1
txn02336,ing022,2023-09-28,PURCHASE_ORDER,4,sup004,2023-09-26,2
txn02396,ing022,2023-10-03,PURCHASE_ORDER,4,sup004,2023-09-30,3
txn02445,ing022,2023-10-07,PURCHASE_ORDER,4,sup004,2023-10-05,2
txn02465,ing022,2023-10-09,PURCHASE_ORDER,5,sup004,2023-10-05,4
txn02518,ing022,2023-10-14,PURCHASE_ORDER,4,sup004,2023-10-11,3
txn02549,ing022,2023-10-17,PURCHASE_ORDER,4,sup004,2023-10-16,1
txn02570,ing022,2023-10-19,PURCHASE_ORDER,5,sup004,2023-10-16,3
txn02615,ing022,2023-10-23,PURCHASE_ORDER,5,sup004,2023-10-21,2
txn02670,ing022,2023-10-28,PURCHASE_ORDER,4,sup004,2023-10-25,3
txn02712,ing022,2023-11-01,PURCHASE_ORDER,5,sup004,2023-10-30,2
txn02742,ing022,2023-11-04,PURCHASE_ORDER,5,sup004,2023-11-03,1
txn02770,ing022,2023-11-07,PURCHASE_ORDER,6,sup004,2023-11-06,1
txn02808,ing022,2023-11-11,PURCHASE_ORDER,4,sup004,2023-11-09,2
txn02858,ing022,2023-11-16,PURCHASE_ORDER,4,sup004,2023-11-13,3
txn02887,ing022,2023-11-19,PURCHASE_ORDER,4,sup004,2023-11-18,1
txn02923,ing022,2023-11-22,PURCHASE_ORDER,4,sup004,2023-11-21,1
txn02950,ing022,2023-11-25,PURCHASE_ORDER,4,sup004,2023-11-24,1
txn02983,ing022,2023-11-28,PURCHASE_ORDER,4,sup004,2023-11-27,1
txn03019,ing022,2023-12-01,PURCHASE_ORDER,4,sup004,2023-11-30,1
txn03051,ing022,2023-12-04,PURCHASE_ORDER,4,sup004,2023-12-03,1
txn03088,ing022,2023-12-07,PURCHASE_ORDER,4,sup004,2023-12-06,1
txn03138,ing022,2023-12-11,PURCHASE_ORDER,5,sup004,2023-12-09,2
txn03184,ing022,2023-12-16,PURCHASE_ORDER,4,sup004,2023-12-13,3
txn03235,ing022,2023-12-21,PURCHASE_ORDER,4,sup004,2023-12-18,3
txn03280,ing022,2023-12-25,PURCHASE_ORDER,4,sup004,2023-12-23,2
txn03312,ing022,2023-12-28,PURCHASE_ORDER,4,sup004,2023-12-27,1
txn03344,ing022,2023-12-31,PURCHASE_ORDER,4,sup004,2023-12-30,1
txn03388,ing022,2024-01-04,PURCHASE_ORDER,4,sup004,2024-01-02,2
txn03428,ing022,2024-01-08,PURCHASE_ORDER,4,sup004,2024-01-06,2
txn03466,ing022,2024-01-11,PURCHASE_ORDER,5,sup004,2024-01-10,1
txn03502,ing022,2024-01-15,PURCHASE_ORDER,4,sup004,2024-01-13,2
txn03557,ing022,2024-01-20,PURCHASE_ORDER,5,sup004,2024-01-17,3
txn03595,ing022,2024-01-23,PURCHASE_ORDER,4,sup004,2024-01-22,1
txn03637,ing022,2024-01-27,PURCHASE_ORDER,5,sup004,2024-01-25,2
txn03663,ing022,2024-01-29,PURCHASE_ORDER,4,sup004,2024-01-25,4
txn03702,ing022,2024-02-02,PURCHASE_ORDER,4,sup004,2024-01-31,2
txn03750,ing022,2024-02-06,PURCHASE_ORDER,6,sup004,2024-02-04,2
txn03776,ing022,2024-02-09,PURCHASE_ORDER,4,sup004,2024-02-08,1
txn03799,ing022,2024-02-12,PURCHASE_ORDER,4,sup004,2024-02-11,1
txn03850,ing022,2024-02-16,PURCHASE_ORDER,5,sup004,2024-02-14,2
txn03902,ing022,2024-02-20,PURCHASE_ORDER,4,sup004,2024-02-18,2
txn03936,ing022,2024-02-24,PURCHASE_ORDER,4,sup004,2024-02-22,2
txn03983,ing022,2024-02-29,PURCHASE_ORDER,5,sup004,2024-02-26,3
txn04003,ing022,2024-03-02,PURCHASE_ORDER,4,sup004,2024-02-26,5
txn04058,ing022,2024-03-07,PURCHASE_ORDER,4,sup004,2024-03-04,3
txn04082,ing022,2024-03-09,PURCHASE_ORDER,5,sup004,2024-03-04,5
txn04108,ing022,2024-03-12,PURCHASE_ORDER,4,sup004,2024-03-11,1
txn04146,ing022,2024-03-15,PURCHASE_ORDER,5,sup004,2024-03-14,1
txn04184,ing022,2024-03-19,PURCHASE_ORDER,5,sup004,2024-03-17,2
txn04231,ing022,2024-03-23,PURCHASE_ORDER,4,sup004,2024-03-21,2
txn04252,ing022,2024-03-25,PURCHASE_ORDER,4,sup004,2024-03-21,4
txn04284,ing022,2024-03-28,PURCHASE_ORDER,4,sup004,2024-03-27,1
txn04309,ing022,2024-03-30,PURCHASE_ORDER,4,sup004,2024-03-27,3
txn04357,ing022,2024-04-03,PURCHASE_ORDER,4,sup004,2024-04-01,2
txn04395,ing022,2024-04-07,PURCHASE_ORDER,4,sup004,2024-04-05,2
txn04459,ing022,2024-04-13,PURCHASE_ORDER,4,sup004,2024-04-09,4
txn04488,ing022,2024-04-16,PURCHASE_ORDER,4,sup004,2024-04-15,1
txn04516,ing022,2024-04-19,PURCHASE_ORDER,4,sup004,2024-04-18,1
txn04567,ing022,2024-04-24,PURCHASE_ORDER,4,sup004,2024-04-21,3
txn04625,ing022,2024-04-29,PURCHASE_ORDER,4,sup004,2024-04-26,3
txn04675,ing022,2024-05-04,PURCHASE_ORDER,4,sup004,2024-05-01,3
txn04707,ing022,2024-05-07,PURCHASE_ORDER,4,sup004,2024-05-06,1
txn04750,ing022,2024-05-11,PURCHASE_ORDER,4,sup004,2024-05-09,2
txn04775,ing022,2024-05-14,PURCHASE_ORDER,5,sup004,2024-05-13,1
txn04862,ing022,2024-05-22,PURCHASE_ORDER,4,sup004,2024-05-16,6
txn04892,ing022,2024-05-25,PURCHASE_ORDER,5,sup004,2024-05-24,1
txn04933,ing022,2024-05-29,PURCHASE_ORDER,4,sup004,2024-05-27,2
txn04999,ing022,2024-06-04,PURCHASE_ORDER,6,sup004,2024-05-31,4
txn05041,ing022,2024-06-09,PURCHASE_ORDER,4,sup004,2024-06-06,3
txn05069,ing022,2024-06-12,PURCHASE_ORDER,4,sup004,2024-06-11,1
txn05118,ing022,2024-06-16,PURCHASE_ORDER,5,sup004,2024-06-14,2
txn05153,ing022,2024-06-19,PURCHASE_ORDER,4,sup004,2024-06-18,1
txn05197,ing022,2024-06-23,PURCHASE_ORDER,5,sup004,2024-06-21,2
txn05260,ing022,2024-06-30,PURCHASE_ORDER,4,sup004,2024-06-25,5
txn05307,ing022,2024-07-05,PURCHASE_ORDER,4,sup004,2024-07-02,3
txn05359,ing022,2024-07-09,PURCHASE_ORDER,4,sup004,2024-07-07,2
txn05400,ing022,2024-07-13,PURCHASE_ORDER,4,sup004,2024-07-11,2
txn05439,ing022,2024-07-17,PURCHASE_ORDER,5,sup004,2024-07-15,2
txn05473,ing022,2024-07-20,PURCHASE_ORDER,4,sup004,2024-07-19,1
txn05494,ing022,2024-07-22,PURCHASE_ORDER,4,sup004,2024-07-19,3
txn05555,ing022,2024-07-28,PURCHASE_ORDER,4,sup004,2024-07-24,4
txn05608,ing022,2024-08-03,PURCHASE_ORDER,5,sup004,2024-07-30,4
txn05656,ing022,2024-08-07,PURCHASE_ORDER,4,sup004,2024-08-05,2
txn05710,ing022,2024-08-13,PURCHASE_ORDER,6,sup004,2024-08-09,4
txn05754,ing022,2024-08-17,PURCHASE_ORDER,4,sup004,2024-08-15,2
txn05793,ing022,2024-08-20,PURCHASE_ORDER,4,sup004,2024-08-19,1
txn05833,ing022,2024-08-24,PURCHASE_ORDER,4,sup004,2024-08-22,2
txn05877,ing022,2024-08-28,PURCHASE_ORDER,4,sup004,2024-08-26,2
txn05898,ing022,2024-08-31,PURCHASE_ORDER,4,sup004,2024-08-30,1
txn05928,ing022,2024-09-03,PURCHASE_ORDER,4,sup004,2024-09-02,1
txn05985,ing022,2024-09-09,PURCHASE_ORDER,4,sup004,2024-09-05,4
txn06009,ing022,2024-09-12,PURCHASE_ORDER,4,sup004,2024-09-11,1
txn06052,ing022,2024-09-16,PURCHASE_ORDER,4,sup004,2024-09-14,2
txn06075,ing022,2024-09-19,PURCHASE_ORDER,4,sup004,2024-09-18,1
txn06127,ing022,2024-09-24,PURCHASE_ORDER,4,sup004,2024-09-21,3
txn06171,ing022,2024-09-28,PURCHASE_ORDER,4,sup004,2024-09-26,2
txn06200,ing022,2024-10-01,PURCHASE_ORDER,4,sup004,2024-09-30,1
txn06232,ing022,2024-10-04,PURCHASE_ORDER,4,sup004,2024-10-03,1
txn06247,ing022,2024-10-06,PURCHASE_ORDER,4,sup004,2024-10-03,3
txn06314,ing022,2024-10-13,PURCHASE_ORDER,4,sup004,2024-10-08,5
txn06345,ing022,2024-10-16,PURCHASE_ORDER,5,sup004,2024-10-15,1
txn06390,ing022,2024-10-20,PURCHASE_ORDER,6,sup004,2024-10-18,2
txn06426,ing022,2024-10-23,PURCHASE_ORDER,4,sup004,2024-10-22,1
txn06455,ing022,2024-10-26,PURCHASE_ORDER,5,sup004,2024-10-25,1
txn06519,ing022,2024-11-02,PURCHASE_ORDER,4,sup004,2024-10-28,5
txn06561,ing022,2024-11-06,PURCHASE_ORDER,4,sup004,2024-11-04,2
txn06608,ing022,2024-11-11,PURCHASE_ORDER,4,sup004,2024-11-08,3
txn06635,ing022,2024-11-14,PURCHASE_ORDER,4,sup004,2024-11-13,1
txn06659,ing022,2024-11-16,PURCHASE_ORDER,5,sup004,2024-11-13,3
txn06722,ing022,2024-11-22,PURCHASE_ORDER,5,sup004,2024-11-18,4
txn06762,ing022,2024-11-27,PURCHASE_ORDER,4,sup004,2024-11-24,3
txn06811,ing022,2024-12-02,PURCHASE_ORDER,6,sup004,2024-11-29,3
txn06851,ing022,2024-12-06,PURCHASE_ORDER,5,sup004,2024-12-04,2
txn06921,ing022,2024-12-13,PURCHASE_ORDER,4,sup004,2024-12-08,5
txn06960,ing022,2024-12-17,PURCHASE_ORDER,4,sup004,2024-12-15,2
txn06999,ing022,2024-12-21,PURCHASE_ORDER,4,sup004,2024-12-19,2
txn07049,ing022,2024-12-26,PURCHASE_ORDER,4,sup004,2024-12-23,3
txn07087,ing022,2024-12-30,PURCHASE_ORDER,4,sup004,2024-12-28,2
txn07124,ing022,2025-01-02,PURCHASE_ORDER,5,sup004,2025-01-01,1
txn07157,ing022,2025-01-05,PURCHASE_ORDER,4,sup004,2025-01-04,1
txn07189,ing022,2025-01-08,PURCHASE_ORDER,4,sup004,2025-01-07,1
txn07214,ing022,2025-01-11,PURCHASE_ORDER,4,sup004,2025-01-10,1
txn07259,ing022,2025-01-15,PURCHASE_ORDER,4,sup004,2025-01-13,2
txn07298,ing022,2025-01-19,PURCHASE_ORDER,4,sup004,2025-01-17,2
txn07336,ing022,2025-01-22,PURCHASE_ORDER,6,sup004,2025-01-21,1
txn07383,ing022,2025-01-26,PURCHASE_ORDER,5,sup004,2025-01-24,2
txn07419,ing022,2025-01-29,PURCHASE_ORDER,4,sup004,2025-01-28,1
txn07475,ing022,2025-02-03,PURCHASE_ORDER,4,sup004,2025-01-31,3
txn07502,ing022,2025-02-06,PURCHASE_ORDER,4,sup004,2025-02-05,1
txn07531,ing022,2025-02-09,PURCHASE_ORDER,4,sup004,2025-02-08,1
txn07579,ing022,2025-02-13,PURCHASE_ORDER,4,sup004,2025-02-11,2
txn07623,ing022,2025-02-18,PURCHASE_ORDER,4,sup004,2025-02-15,3
txn07675,ing022,2025-02-22,PURCHASE_ORDER,5,sup004,2025-02-20,2
txn07715,ing022,2025-02-26,PURCHASE_ORDER,5,sup004,2025-02-24,2
txn07744,ing022,2025-03-01,PURCHASE_ORDER,4,sup004,2025-02-28,1
txn07788,ing022,2025-03-05,PURCHASE_ORDER,4,sup004,2025-03-03,2
txn07847,ing022,2025-03-11,PURCHASE_ORDER,4,sup004,2025-03-07,4
txn07891,ing022,2025-03-14,PURCHASE_ORDER,4,sup004,2025-03-13,1
txn07918,ing022,2025-03-17,PURCHASE_ORDER,4,sup004,2025-03-16,1
txn07952,ing022,2025-03-20,PURCHASE_ORDER,5,sup004,2025-03-19,1
txn08001,ing022,2025-03-25,PURCHASE_ORDER,4,sup004,2025-03-22,3
txn08060,ing022,2025-03-30,PURCHASE_ORDER,4,sup004,2025-03-27,3
txn08107,ing022,2025-04-03,PURCHASE_ORDER,4,sup004,2025-04-01,2
txn08144,ing022,2025-04-06,PURCHASE_ORDER,5,sup004,2025-04-05,1
txn08189,ing022,2025-04-11,PURCHASE_ORDER,5,sup004,2025-04-08,3
txn08234,ing022,2025-04-16,PURCHASE_ORDER,4,sup004,2025-04-13,3
txn08284,ing022,2025-04-21,PURCHASE_ORDER,5,sup004,2025-04-18,3
txn08327,ing022,2025-04-25,PURCHASE_ORDER,4,sup004,2025-04-23,2
txn08384,ing022,2025-05-01,PURCHASE_ORDER,5,sup004,2025-04-27,4
txn08406,ing022,2025-05-04,PURCHASE_ORDER,4,sup004,2025-05-03,1
txn08439,ing022,2025-05-07,PURCHASE_ORDER,4,sup004,2025-05-06,1
txn08490,ing022,2025-05-13,PURCHASE_ORDER,6,sup004,2025-05-09,4
txn08548,ing022,2025-05-18,PURCHASE_ORDER,4,sup004,2025-05-15,3
txn08587,ing022,2025-05-22,PURCHASE_ORDER,4,sup004,2025-05-20,2
txn08647,ing022,2025-05-28,PURCHASE_ORDER,5,sup004,2025-05-24,4
txn08674,ing022,2025-05-31,PURCHASE_ORDER,4,sup004,2025-05-30,1
txn08704,ing022,2025-06-03,PURCHASE_ORDER,5,sup004,2025-06-02,1
txn08765,ing022,2025-06-08,PURCHASE_ORDER,4,sup004,2025-06-05,3
txn08811,ing022,2025-06-13,PURCHASE_ORDER,4,sup004,2025-06-10,3
txn08849,ing022,2025-06-17,PURCHASE_ORDER,4,sup004,2025-06-15,2
txn08867,ing022,2025-06-19,PURCHASE_ORDER,4,sup004,2025-06-15,4
txn08914,ing022,2025-06-24,PURCHASE_ORDER,4,sup004,2025-06-21,3
txn08943,ing022,2025-06-27,PURCHASE_ORDER,4,sup004,2025-06-26,1
txn08986,ing022,2025-07-01,PURCHASE_ORDER,4,sup004,2025-06-29,2
txn09023,ing022,2025-07-05,PURCHASE_ORDER,4,sup004,2025-07-03,2
txn09052,ing022,2025-07-08,PURCHASE_ORDER,4,sup004,2025-07-07,1
txn09082,ing022,2025-07-11,PURCHASE_ORDER,4,sup004,2025-07-10,1
txn09150,ing022,2025-07-17,PURCHASE_ORDER,4,sup004,2025-07-13,4
txn09219,ing022,2025-07-23,PURCHASE_ORDER,5,sup004,2025-07-19,4
txn09265,ing022,2025-07-27,PURCHASE_ORDER,5,sup004,2025-07-25,2
txn09309,ing022,2025-08-01,PURCHASE_ORDER,4,sup004,2025-07-29,3
txn09352,ing022,2025-08-05,PURCHASE_ORDER,4,sup004,2025-08-03,2
txn09405,ing022,2025-08-10,PURCHASE_ORDER,4,sup004,2025-08-07,3
txn09460,ing022,2025-08-15,PURCHASE_ORDER,4,sup004,2025-08-12,3
txn09494,ing022,2025-08-18,PURCHASE_ORDER,4,sup004,2025-08-17,1
txn09534,ing022,2025-08-21,PURCHASE_ORDER,4,sup004,2025-08-20,1
txn09567,ing022,2025-08-24,PURCHASE_ORDER,4,sup004,2025-08-23,1
txn09600,ing022,2025-08-27,PURCHASE_ORDER,4,sup004,2025-08-26,1
txn09640,ing022,2025-08-31,PURCHASE_ORDER,5,sup004,2025-08-29,2
txn09681,ing022,2025-09-04,PURCHASE_ORDER,4,sup004,2025-09-02,2
txn09709,ing022,2025-09-07,PURCHASE_ORDER,5,sup004,2025-09-06,1
txn09758,ing022,2025-09-12,PURCHASE_ORDER,5,sup004,2025-09-09,3
txn09812,ing022,2025-09-17,PURCHASE_ORDER,4,sup004,2025-09-14,3
txn09858,ing022,2025-09-21,PURCHASE_ORDER,4,sup004,2025-09-19,2
txn09900,ing022,2025-09-25,PURCHASE_ORDER,4,sup004,2025-09-23,2
txn09936,ing022,2025-09-29,PURCHASE_ORDER,4,sup004,2025-09-27,2
txn09990,ing022,2025-10-04,PURCHASE_ORDER,4,sup004,2025-10-01,3
txn10026,ing022,2025-10-07,PURCHASE_ORDER,4,sup004,2025-10-06,1
txn10051,ing022,2025-10-10,PURCHASE_ORDER,4,sup004,2025-10-09,1
txn10096,ing022,2025-10-14,PURCHASE_ORDER,4,sup004,2025-10-12,2
txn10143,ing022,2025-10-18,PURCHASE_ORDER,5,sup004,2025-10-16,2
txn10197,ing022,2025-10-23,PURCHASE_ORDER,5,sup004,2025-10-20,3
txn10213,ing022,2025-10-25,PURCHASE_ORDER,4,sup004,2025-10-20,5
txn00146,ing023,2023-03-05,PURCHASE_ORDER,6,sup003,2023-02-28,5
txn00213,ing023,2023-03-12,PURCHASE_ORDER,6,sup003,2023-03-08,4
txn00274,ing023,2023-03-18,PURCHASE_ORDER,6,sup003,2023-03-15,3
txn00357,ing023,2023-03-26,PURCHASE_ORDER,6,sup003,2023-03-21,5
txn00423,ing023,2023-04-01,PURCHASE_ORDER,6,sup003,2023-03-29,3
txn00512,ing023,2023-04-08,PURCHASE_ORDER,6,sup003,2023-04-04,4
txn00578,ing023,2023-04-15,PURCHASE_ORDER,7,sup003,2023-04-11,4
txn00666,ing023,2023-04-23,PURCHASE_ORDER,6,sup003,2023-04-18,5
txn00788,ing023,2023-05-05,PURCHASE_ORDER,6,sup003,2023-04-26,9
txn00850,ing023,2023-05-11,PURCHASE_ORDER,6,sup003,2023-05-08,3
txn00943,ing023,2023-05-20,PURCHASE_ORDER,6,sup003,2023-05-14,6
txn01009,ing023,2023-05-27,PURCHASE_ORDER,6,sup003,2023-05-23,4
txn01076,ing023,2023-06-02,PURCHASE_ORDER,6,sup003,2023-05-30,3
txn01152,ing023,2023-06-09,PURCHASE_ORDER,6,sup003,2023-06-05,4
txn01229,ing023,2023-06-16,PURCHASE_ORDER,7,sup003,2023-06-12,4
txn01316,ing023,2023-06-24,PURCHASE_ORDER,6,sup003,2023-06-19,5
txn01380,ing023,2023-06-30,PURCHASE_ORDER,6,sup003,2023-06-27,3
txn01481,ing023,2023-07-10,PURCHASE_ORDER,6,sup003,2023-07-03,7
txn01589,ing023,2023-07-19,PURCHASE_ORDER,6,sup003,2023-07-13,6
txn01635,ing023,2023-07-23,PURCHASE_ORDER,6,sup003,2023-07-22,1
txn01734,ing023,2023-08-01,PURCHASE_ORDER,6,sup003,2023-07-26,6
txn01821,ing023,2023-08-09,PURCHASE_ORDER,6,sup003,2023-08-04,5
txn01892,ing023,2023-08-17,PURCHASE_ORDER,6,sup003,2023-08-12,5
txn01977,ing023,2023-08-25,PURCHASE_ORDER,6,sup003,2023-08-20,5
txn02088,ing023,2023-09-04,PURCHASE_ORDER,6,sup003,2023-08-28,7
txn02168,ing023,2023-09-11,PURCHASE_ORDER,6,sup003,2023-09-07,4
txn02253,ing023,2023-09-20,PURCHASE_ORDER,6,sup003,2023-09-14,6
txn02317,ing023,2023-09-26,PURCHASE_ORDER,6,sup003,2023-09-23,3
txn02409,ing023,2023-10-04,PURCHASE_ORDER,6,sup003,2023-09-29,5
txn02466,ing023,2023-10-09,PURCHASE_ORDER,6,sup003,2023-10-07,2
txn02541,ing023,2023-10-16,PURCHASE_ORDER,6,sup003,2023-10-12,4
txn02583,ing023,2023-10-20,PURCHASE_ORDER,6,sup003,2023-10-19,1
txn02700,ing023,2023-10-31,PURCHASE_ORDER,6,sup003,2023-10-23,8
txn02751,ing023,2023-11-05,PURCHASE_ORDER,6,sup003,2023-11-03,2
txn02819,ing023,2023-11-12,PURCHASE_ORDER,6,sup003,2023-11-08,4
txn02888,ing023,2023-11-19,PURCHASE_ORDER,6,sup003,2023-11-15,4
txn02951,ing023,2023-11-25,PURCHASE_ORDER,6,sup003,2023-11-22,3
txn03030,ing023,2023-12-02,PURCHASE_ORDER,6,sup003,2023-11-28,4
txn03089,ing023,2023-12-07,PURCHASE_ORDER,6,sup003,2023-12-05,2
txn03167,ing023,2023-12-14,PURCHASE_ORDER,6,sup003,2023-12-10,4
txn03258,ing023,2023-12-23,PURCHASE_ORDER,6,sup003,2023-12-17,6
txn03320,ing023,2023-12-29,PURCHASE_ORDER,6,sup003,2023-12-26,3
txn03399,ing023,2024-01-05,PURCHASE_ORDER,6,sup003,2024-01-01,4
txn03489,ing023,2024-01-13,PURCHASE_ORDER,6,sup003,2024-01-08,5
txn03558,ing023,2024-01-20,PURCHASE_ORDER,6,sup003,2024-01-16,4
txn03638,ing023,2024-01-27,PURCHASE_ORDER,6,sup003,2024-01-23,4
txn03734,ing023,2024-02-05,PURCHASE_ORDER,6,sup003,2024-01-30,6
txn03790,ing023,2024-02-11,PURCHASE_ORDER,6,sup003,2024-02-08,3
txn03875,ing023,2024-02-18,PURCHASE_ORDER,6,sup003,2024-02-14,4
txn03984,ing023,2024-02-29,PURCHASE_ORDER,6,sup003,2024-02-21,8
txn04059,ing023,2024-03-07,PURCHASE_ORDER,6,sup003,2024-03-03,4
txn04121,ing023,2024-03-13,PURCHASE_ORDER,6,sup003,2024-03-10,3
txn04185,ing023,2024-03-19,PURCHASE_ORDER,6,sup003,2024-03-16,3
txn04262,ing023,2024-03-26,PURCHASE_ORDER,7,sup003,2024-03-22,4
txn04321,ing023,2024-03-31,PURCHASE_ORDER,6,sup003,2024-03-29,2
txn04396,ing023,2024-04-07,PURCHASE_ORDER,6,sup003,2024-04-03,4
txn04480,ing023,2024-04-15,PURCHASE_ORDER,6,sup003,2024-04-10,5
txn04535,ing023,2024-04-21,PURCHASE_ORDER,6,sup003,2024-04-18,3
txn04655,ing023,2024-05-02,PURCHASE_ORDER,6,sup003,2024-04-24,8
txn04708,ing023,2024-05-07,PURCHASE_ORDER,6,sup003,2024-05-05,2
txn04776,ing023,2024-05-14,PURCHASE_ORDER,6,sup003,2024-05-10,4
txn04882,ing023,2024-05-24,PURCHASE_ORDER,7,sup003,2024-05-17,7
txn04942,ing023,2024-05-30,PURCHASE_ORDER,6,sup003,2024-05-27,3
txn05032,ing023,2024-06-08,PURCHASE_ORDER,6,sup003,2024-06-02,6
txn05093,ing023,2024-06-14,PURCHASE_ORDER,6,sup003,2024-06-11,3
txn05154,ing023,2024-06-19,PURCHASE_ORDER,6,sup003,2024-06-17,2
txn05245,ing023,2024-06-29,PURCHASE_ORDER,6,sup003,2024-06-22,7
txn05319,ing023,2024-07-06,PURCHASE_ORDER,6,sup003,2024-07-02,4
txn05440,ing023,2024-07-17,PURCHASE_ORDER,7,sup003,2024-07-09,8
txn05515,ing023,2024-07-24,PURCHASE_ORDER,6,sup003,2024-07-20,4
txn05609,ing023,2024-08-03,PURCHASE_ORDER,6,sup003,2024-07-27,7
txn05693,ing023,2024-08-11,PURCHASE_ORDER,6,sup003,2024-08-06,5
txn05794,ing023,2024-08-20,PURCHASE_ORDER,6,sup003,2024-08-14,6
txn05881,ing023,2024-08-29,PURCHASE_ORDER,7,sup003,2024-08-23,6
txn05936,ing023,2024-09-04,PURCHASE_ORDER,6,sup003,2024-09-01,3
txn06062,ing023,2024-09-17,PURCHASE_ORDER,6,sup003,2024-09-07,10
txn06141,ing023,2024-09-25,PURCHASE_ORDER,6,sup003,2024-09-20,5
txn06220,ing023,2024-10-03,PURCHASE_ORDER,6,sup003,2024-09-28,5
txn06315,ing023,2024-10-13,PURCHASE_ORDER,6,sup003,2024-10-06,7
txn06366,ing023,2024-10-18,PURCHASE_ORDER,6,sup003,2024-10-16,2
txn06445,ing023,2024-10-25,PURCHASE_ORDER,6,sup003,2024-10-21,4
txn06541,ing023,2024-11-04,PURCHASE_ORDER,6,sup003,2024-10-28,7
txn06625,ing023,2024-11-13,PURCHASE_ORDER,6,sup003,2024-11-07,6
txn06680,ing023,2024-11-18,PURCHASE_ORDER,6,sup003,2024-11-16,2
txn06774,ing023,2024-11-28,PURCHASE_ORDER,6,sup003,2024-11-21,7
txn06832,ing023,2024-12-04,PURCHASE_ORDER,6,sup003,2024-12-01,3
txn06948,ing023,2024-12-16,PURCHASE_ORDER,6,sup003,2024-12-07,9
txn07029,ing023,2024-12-24,PURCHASE_ORDER,6,sup003,2024-12-19,5
txn07088,ing023,2024-12-30,PURCHASE_ORDER,6,sup003,2024-12-27,3
txn07158,ing023,2025-01-05,PURCHASE_ORDER,6,sup003,2025-01-02,3
txn07215,ing023,2025-01-11,PURCHASE_ORDER,7,sup003,2025-01-08,3
txn07290,ing023,2025-01-18,PURCHASE_ORDER,6,sup003,2025-01-14,4
txn07337,ing023,2025-01-22,PURCHASE_ORDER,6,sup003,2025-01-21,1
txn07406,ing023,2025-01-28,PURCHASE_ORDER,6,sup003,2025-01-25,3
txn07496,ing023,2025-02-05,PURCHASE_ORDER,6,sup003,2025-01-31,5
txn07580,ing023,2025-02-13,PURCHASE_ORDER,6,sup003,2025-02-08,5
txn07660,ing023,2025-02-21,PURCHASE_ORDER,7,sup003,2025-02-16,5
txn07735,ing023,2025-02-28,PURCHASE_ORDER,6,sup003,2025-02-24,4
txn07813,ing023,2025-03-08,PURCHASE_ORDER,6,sup003,2025-03-03,5
txn07898,ing023,2025-03-15,PURCHASE_ORDER,7,sup003,2025-03-11,4
txn07962,ing023,2025-03-21,PURCHASE_ORDER,6,sup003,2025-03-18,3
txn08085,ing023,2025-04-01,PURCHASE_ORDER,6,sup003,2025-03-24,8
txn08145,ing023,2025-04-06,PURCHASE_ORDER,7,sup003,2025-04-04,2
txn08235,ing023,2025-04-16,PURCHASE_ORDER,6,sup003,2025-04-09,7
txn08328,ing023,2025-04-25,PURCHASE_ORDER,6,sup003,2025-04-19,6
txn08407,ing023,2025-05-04,PURCHASE_ORDER,6,sup003,2025-04-28,6
txn08491,ing023,2025-05-13,PURCHASE_ORDER,6,sup003,2025-05-07,6
txn08588,ing023,2025-05-22,PURCHASE_ORDER,7,sup003,2025-05-16,6
txn08667,ing023,2025-05-30,PURCHASE_ORDER,6,sup003,2025-05-25,5
txn08739,ing023,2025-06-06,PURCHASE_ORDER,6,sup003,2025-06-02,4
txn08812,ing023,2025-06-13,PURCHASE_ORDER,6,sup003,2025-06-09,4
txn08868,ing023,2025-06-19,PURCHASE_ORDER,7,sup003,2025-06-16,3
txn08968,ing023,2025-06-29,PURCHASE_ORDER,6,sup003,2025-06-22,7
txn09024,ing023,2025-07-05,PURCHASE_ORDER,6,sup003,2025-07-02,3
txn09083,ing023,2025-07-11,PURCHASE_ORDER,7,sup003,2025-07-08,3
txn09171,ing023,2025-07-19,PURCHASE_ORDER,6,sup003,2025-07-14,5
txn09274,ing023,2025-07-28,PURCHASE_ORDER,6,sup003,2025-07-22,6
txn09353,ing023,2025-08-05,PURCHASE_ORDER,6,sup003,2025-07-31,5
txn09450,ing023,2025-08-14,PURCHASE_ORDER,6,sup003,2025-08-08,6
txn09512,ing023,2025-08-19,PURCHASE_ORDER,6,sup003,2025-08-17,2
txn09585,ing023,2025-08-26,PURCHASE_ORDER,6,sup003,2025-08-22,4
txn09655,ing023,2025-09-02,PURCHASE_ORDER,6,sup003,2025-08-29,4
txn09722,ing023,2025-09-08,PURCHASE_ORDER,6,sup003,2025-09-05,3
txn09837,ing023,2025-09-19,PURCHASE_ORDER,6,sup003,2025-09-11,8
txn09908,ing023,2025-09-26,PURCHASE_ORDER,6,sup003,2025-09-22,4
txn09991,ing023,2025-10-04,PURCHASE_ORDER,6,sup003,2025-09-29,5
txn10052,ing023,2025-10-10,PURCHASE_ORDER,6,sup003,2025-10-07,3
txn10131,ing023,2025-10-17,PURCHASE_ORDER,6,sup003,2025-10-13,4
txn10198,ing023,2025-10-23,PURCHASE_ORDER,6,sup003,2025-10-20,3
txn00340,ing024,2023-03-24,PURCHASE_ORDER,7,sup006,2023-03-16,8
txn00434,ing024,2023-04-02,PURCHASE_ORDER,7,sup006,2023-03-27,6
txn00699,ing024,2023-04-26,PURCHASE_ORDER,7,sup006,2023-04-05,21
txn00910,ing024,2023-05-17,PURCHASE_ORDER,7,sup006,2023-04-29,18
txn01139,ing024,2023-06-08,PURCHASE_ORDER,7,sup006,2023-05-20,19
txn01317,ing024,2023-06-24,PURCHASE_ORDER,7,sup006,2023-06-11,13
txn01534,ing024,2023-07-14,PURCHASE_ORDER,7,sup006,2023-06-27,17
txn01776,ing024,2023-08-05,PURCHASE_ORDER,7,sup006,2023-07-17,19
txn01965,ing024,2023-08-24,PURCHASE_ORDER,7,sup006,2023-08-08,16
txn02148,ing024,2023-09-09,PURCHASE_ORDER,7,sup006,2023-08-27,13
txn02369,ing024,2023-10-01,PURCHASE_ORDER,7,sup006,2023-09-12,19
txn02584,ing024,2023-10-20,PURCHASE_ORDER,7,sup006,2023-10-04,16
txn02743,ing024,2023-11-04,PURCHASE_ORDER,7,sup006,2023-10-23,12
txn02867,ing024,2023-11-17,PURCHASE_ORDER,7,sup006,2023-11-07,10
txn03040,ing024,2023-12-03,PURCHASE_ORDER,7,sup006,2023-11-20,13
txn03382,ing024,2024-01-03,PURCHASE_ORDER,7,sup006,2023-12-06,28
txn03582,ing024,2024-01-22,PURCHASE_ORDER,7,sup006,2024-01-06,16
txn03751,ing024,2024-02-06,PURCHASE_ORDER,7,sup006,2024-01-25,12
txn03974,ing024,2024-02-28,PURCHASE_ORDER,7,sup006,2024-02-09,19
txn04109,ing024,2024-03-12,PURCHASE_ORDER,7,sup006,2024-03-02,10
txn04263,ing024,2024-03-26,PURCHASE_ORDER,7,sup006,2024-03-15,11
txn04469,ing024,2024-04-14,PURCHASE_ORDER,7,sup006,2024-03-29,16
txn04726,ing024,2024-05-09,PURCHASE_ORDER,7,sup006,2024-04-17,22
txn05070,ing024,2024-06-12,PURCHASE_ORDER,7,sup006,2024-05-12,31
txn05360,ing024,2024-07-09,PURCHASE_ORDER,7,sup006,2024-06-15,24
txn05516,ing024,2024-07-24,PURCHASE_ORDER,7,sup006,2024-07-12,12
txn05711,ing024,2024-08-13,PURCHASE_ORDER,7,sup006,2024-07-27,17
txn05882,ing024,2024-08-29,PURCHASE_ORDER,7,sup006,2024-08-16,13
txn06076,ing024,2024-09-19,PURCHASE_ORDER,7,sup006,2024-09-01,18
txn06233,ing024,2024-10-04,PURCHASE_ORDER,7,sup006,2024-09-22,12
txn06410,ing024,2024-10-22,PURCHASE_ORDER,7,sup006,2024-10-07,15
txn06647,ing024,2024-11-15,PURCHASE_ORDER,7,sup006,2024-10-25,21
txn06852,ing024,2024-12-06,PURCHASE_ORDER,7,sup006,2024-11-18,18
txn07179,ing024,2025-01-07,PURCHASE_ORDER,7,sup006,2024-12-09,29
txn07384,ing024,2025-01-26,PURCHASE_ORDER,7,sup006,2025-01-10,16
txn07624,ing024,2025-02-18,PURCHASE_ORDER,7,sup006,2025-01-29,20
txn07848,ing024,2025-03-11,PURCHASE_ORDER,7,sup006,2025-02-21,18
txn08061,ing024,2025-03-30,PURCHASE_ORDER,7,sup006,2025-03-14,16
txn08285,ing024,2025-04-21,PURCHASE_ORDER,7,sup006,2025-04-02,19
txn08549,ing024,2025-05-18,PURCHASE_ORDER,7,sup006,2025-04-24,24
txn08692,ing024,2025-06-02,PURCHASE_ORDER,7,sup006,2025-05-21,12
txn08869,ing024,2025-06-19,PURCHASE_ORDER,7,sup006,2025-06-05,14
txn09084,ing024,2025-07-11,PURCHASE_ORDER,7,sup006,2025-06-22,19
txn09495,ing024,2025-08-18,PURCHASE_ORDER,7,sup006,2025-07-14,35
txn09669,ing024,2025-09-03,PURCHASE_ORDER,7,sup006,2025-08-21,13
txn09848,ing024,2025-09-20,PURCHASE_ORDER,7,sup006,2025-09-06,14
txn10053,ing024,2025-10-10,PURCHASE_ORDER,7,sup006,2025-09-23,17
txn00162,ing025,2023-03-07,PURCHASE_ORDER,5,sup004,2023-02-25,10
txn00262,ing025,2023-03-17,PURCHASE_ORDER,5,sup004,2023-03-09,8
txn00316,ing025,2023-03-22,PURCHASE_ORDER,5,sup004,2023-03-19,3
txn00369,ing025,2023-03-27,PURCHASE_ORDER,5,sup004,2023-03-24,3
txn00424,ing025,2023-04-01,PURCHASE_ORDER,5,sup004,2023-03-29,3
txn00484,ing025,2023-04-06,PURCHASE_ORDER,5,sup004,2023-04-03,3
txn00557,ing025,2023-04-13,PURCHASE_ORDER,5,sup004,2023-04-08,5
txn00599,ing025,2023-04-17,PURCHASE_ORDER,5,sup004,2023-04-15,2
txn00647,ing025,2023-04-21,PURCHASE_ORDER,5,sup004,2023-04-19,2
txn00700,ing025,2023-04-26,PURCHASE_ORDER,5,sup004,2023-04-23,3
txn00733,ing025,2023-04-30,PURCHASE_ORDER,5,sup004,2023-04-28,2
txn00824,ing025,2023-05-08,PURCHASE_ORDER,6,sup004,2023-05-02,6
txn00867,ing025,2023-05-13,PURCHASE_ORDER,5,sup004,2023-05-10,3
txn00911,ing025,2023-05-17,PURCHASE_ORDER,5,sup004,2023-05-15,2
txn00959,ing025,2023-05-22,PURCHASE_ORDER,5,sup004,2023-05-19,3
txn01010,ing025,2023-05-27,PURCHASE_ORDER,5,sup004,2023-05-24,3
txn01059,ing025,2023-06-01,PURCHASE_ORDER,6,sup004,2023-05-29,3
txn01153,ing025,2023-06-09,PURCHASE_ORDER,5,sup004,2023-06-03,6
txn01230,ing025,2023-06-16,PURCHASE_ORDER,6,sup004,2023-06-11,5
txn01305,ing025,2023-06-23,PURCHASE_ORDER,6,sup004,2023-06-18,5
txn01381,ing025,2023-06-30,PURCHASE_ORDER,5,sup004,2023-06-25,5
txn01419,ing025,2023-07-04,PURCHASE_ORDER,6,sup004,2023-07-02,2
txn01469,ing025,2023-07-09,PURCHASE_ORDER,5,sup004,2023-07-06,3
txn01507,ing025,2023-07-12,PURCHASE_ORDER,5,sup004,2023-07-11,1
txn01599,ing025,2023-07-20,PURCHASE_ORDER,6,sup004,2023-07-14,6
txn01677,ing025,2023-07-27,PURCHASE_ORDER,5,sup004,2023-07-22,5
txn01717,ing025,2023-07-31,PURCHASE_ORDER,5,sup004,2023-07-29,2
txn01785,ing025,2023-08-06,PURCHASE_ORDER,5,sup004,2023-08-02,4
txn01858,ing025,2023-08-13,PURCHASE_ORDER,5,sup004,2023-08-08,5
txn01893,ing025,2023-08-17,PURCHASE_ORDER,5,sup004,2023-08-15,2
txn01978,ing025,2023-08-25,PURCHASE_ORDER,5,sup004,2023-08-19,6
txn02039,ing025,2023-08-31,PURCHASE_ORDER,5,sup004,2023-08-27,4
txn02124,ing025,2023-09-07,PURCHASE_ORDER,6,sup004,2023-09-02,5
txn02198,ing025,2023-09-14,PURCHASE_ORDER,5,sup004,2023-09-09,5
txn02254,ing025,2023-09-20,PURCHASE_ORDER,5,sup004,2023-09-16,4
txn02328,ing025,2023-09-27,PURCHASE_ORDER,6,sup004,2023-09-22,5
txn02370,ing025,2023-10-01,PURCHASE_ORDER,5,sup004,2023-09-29,2
txn02410,ing025,2023-10-04,PURCHASE_ORDER,5,sup004,2023-10-03,1
txn02467,ing025,2023-10-09,PURCHASE_ORDER,6,sup004,2023-10-06,3
txn02499,ing025,2023-10-12,PURCHASE_ORDER,5,sup004,2023-10-11,1
txn02550,ing025,2023-10-17,PURCHASE_ORDER,5,sup004,2023-10-14,3
txn02603,ing025,2023-10-22,PURCHASE_ORDER,5,sup004,2023-10-19,3
txn02676,ing025,2023-10-29,PURCHASE_ORDER,5,sup004,2023-10-24,5
txn02734,ing025,2023-11-03,PURCHASE_ORDER,5,sup004,2023-10-31,3
txn02838,ing025,2023-11-14,PURCHASE_ORDER,5,sup004,2023-11-05,9
txn02900,ing025,2023-11-20,PURCHASE_ORDER,5,sup004,2023-11-16,4
txn02970,ing025,2023-11-27,PURCHASE_ORDER,5,sup004,2023-11-22,5
txn03041,ing025,2023-12-03,PURCHASE_ORDER,5,sup004,2023-11-29,4
txn03090,ing025,2023-12-07,PURCHASE_ORDER,5,sup004,2023-12-05,2
txn03177,ing025,2023-12-15,PURCHASE_ORDER,5,sup004,2023-12-09,6
txn03225,ing025,2023-12-20,PURCHASE_ORDER,5,sup004,2023-12-17,3
txn03281,ing025,2023-12-25,PURCHASE_ORDER,6,sup004,2023-12-22,3
txn03330,ing025,2023-12-30,PURCHASE_ORDER,5,sup004,2023-12-27,3
txn03400,ing025,2024-01-05,PURCHASE_ORDER,5,sup004,2024-01-01,4
txn03467,ing025,2024-01-11,PURCHASE_ORDER,5,sup004,2024-01-07,4
txn03503,ing025,2024-01-15,PURCHASE_ORDER,5,sup004,2024-01-13,2
txn03571,ing025,2024-01-21,PURCHASE_ORDER,5,sup004,2024-01-17,4
txn03628,ing025,2024-01-26,PURCHASE_ORDER,5,sup004,2024-01-23,3
txn03696,ing025,2024-02-01,PURCHASE_ORDER,5,sup004,2024-01-28,4
txn03735,ing025,2024-02-05,PURCHASE_ORDER,5,sup004,2024-02-03,2
txn03813,ing025,2024-02-13,PURCHASE_ORDER,5,sup004,2024-02-07,6
txn03851,ing025,2024-02-16,PURCHASE_ORDER,5,sup004,2024-02-15,1
txn03910,ing025,2024-02-21,PURCHASE_ORDER,5,sup004,2024-02-18,3
txn03975,ing025,2024-02-28,PURCHASE_ORDER,5,sup004,2024-02-23,5
txn04004,ing025,2024-03-02,PURCHASE_ORDER,6,sup004,2024-03-01,1
txn04060,ing025,2024-03-07,PURCHASE_ORDER,5,sup004,2024-03-04,3
txn04122,ing025,2024-03-13,PURCHASE_ORDER,5,sup004,2024-03-09,4
txn04186,ing025,2024-03-19,PURCHASE_ORDER,5,sup004,2024-03-15,4
txn04241,ing025,2024-03-24,PURCHASE_ORDER,6,sup004,2024-03-21,3
txn04332,ing025,2024-04-01,PURCHASE_ORDER,5,sup004,2024-03-26,6
txn04385,ing025,2024-04-06,PURCHASE_ORDER,5,sup004,2024-04-03,3
txn04432,ing025,2024-04-11,PURCHASE_ORDER,6,sup004,2024-04-08,3
txn04496,ing025,2024-04-17,PURCHASE_ORDER,6,sup004,2024-04-13,4
txn04554,ing025,2024-04-23,PURCHASE_ORDER,5,sup004,2024-04-19,4
txn04635,ing025,2024-04-30,PURCHASE_ORDER,6,sup004,2024-04-25,5
txn04685,ing025,2024-05-05,PURCHASE_ORDER,5,sup004,2024-05-02,3
txn04751,ing025,2024-05-11,PURCHASE_ORDER,5,sup004,2024-05-07,4
txn04794,ing025,2024-05-15,PURCHASE_ORDER,5,sup004,2024-05-13,2
txn04849,ing025,2024-05-20,PURCHASE_ORDER,5,sup004,2024-05-17,3
txn04893,ing025,2024-05-25,PURCHASE_ORDER,6,sup004,2024-05-22,3
txn04964,ing025,2024-06-01,PURCHASE_ORDER,5,sup004,2024-05-27,5
txn05033,ing025,2024-06-08,PURCHASE_ORDER,6,sup004,2024-06-03,5
txn05082,ing025,2024-06-13,PURCHASE_ORDER,5,sup004,2024-06-10,3
txn05138,ing025,2024-06-18,PURCHASE_ORDER,5,sup004,2024-06-15,3
txn05198,ing025,2024-06-23,PURCHASE_ORDER,5,sup004,2024-06-20,3
txn05261,ing025,2024-06-30,PURCHASE_ORDER,5,sup004,2024-06-25,5
txn05308,ing025,2024-07-05,PURCHASE_ORDER,5,sup004,2024-07-02,3
txn05361,ing025,2024-07-09,PURCHASE_ORDER,5,sup004,2024-07-07,2
txn05418,ing025,2024-07-15,PURCHASE_ORDER,5,sup004,2024-07-11,4
txn05474,ing025,2024-07-20,PURCHASE_ORDER,5,sup004,2024-07-17,3
txn05542,ing025,2024-07-27,PURCHASE_ORDER,6,sup004,2024-07-22,5
txn05610,ing025,2024-08-03,PURCHASE_ORDER,6,sup004,2024-07-29,5
txn05673,ing025,2024-08-09,PURCHASE_ORDER,5,sup004,2024-08-05,4
txn05720,ing025,2024-08-14,PURCHASE_ORDER,5,sup004,2024-08-11,3
txn05795,ing025,2024-08-20,PURCHASE_ORDER,5,sup004,2024-08-16,4
txn05850,ing025,2024-08-26,PURCHASE_ORDER,5,sup004,2024-08-22,4
txn05918,ing025,2024-09-02,PURCHASE_ORDER,5,sup004,2024-08-28,5
txn05959,ing025,2024-09-06,PURCHASE_ORDER,5,sup004,2024-09-04,2
txn06003,ing025,2024-09-11,PURCHASE_ORDER,5,sup004,2024-09-08,3
txn06109,ing025,2024-09-22,PURCHASE_ORDER,6,sup004,2024-09-13,9
txn06152,ing025,2024-09-26,PURCHASE_ORDER,5,sup004,2024-09-24,2
txn06201,ing025,2024-10-01,PURCHASE_ORDER,5,sup004,2024-09-28,3
txn06248,ing025,2024-10-06,PURCHASE_ORDER,5,sup004,2024-10-03,3
txn06310,ing025,2024-10-12,PURCHASE_ORDER,5,sup004,2024-10-08,4
txn06367,ing025,2024-10-18,PURCHASE_ORDER,5,sup004,2024-10-14,4
txn06432,ing025,2024-10-24,PURCHASE_ORDER,5,sup004,2024-10-20,4
txn06502,ing025,2024-10-31,PURCHASE_ORDER,5,sup004,2024-10-26,5
txn06601,ing025,2024-11-10,PURCHASE_ORDER,5,sup004,2024-11-02,8
txn06636,ing025,2024-11-14,PURCHASE_ORDER,5,sup004,2024-11-12,2
txn06692,ing025,2024-11-19,PURCHASE_ORDER,5,sup004,2024-11-16,3
txn06755,ing025,2024-11-26,PURCHASE_ORDER,5,sup004,2024-11-21,5
txn06833,ing025,2024-12-04,PURCHASE_ORDER,5,sup004,2024-11-28,6
txn06899,ing025,2024-12-11,PURCHASE_ORDER,5,sup004,2024-12-06,5
txn06961,ing025,2024-12-17,PURCHASE_ORDER,6,sup004,2024-12-13,4
txn07030,ing025,2024-12-24,PURCHASE_ORDER,5,sup004,2024-12-19,5
txn07110,ing025,2025-01-01,PURCHASE_ORDER,5,sup004,2024-12-26,6
txn07168,ing025,2025-01-06,PURCHASE_ORDER,5,sup004,2025-01-03,3
txn07226,ing025,2025-01-12,PURCHASE_ORDER,5,sup004,2025-01-08,4
txn07299,ing025,2025-01-19,PURCHASE_ORDER,5,sup004,2025-01-14,5
txn07394,ing025,2025-01-27,PURCHASE_ORDER,5,sup004,2025-01-21,6
txn07465,ing025,2025-02-02,PURCHASE_ORDER,5,sup004,2025-01-29,4
txn07521,ing025,2025-02-08,PURCHASE_ORDER,5,sup004,2025-02-04,4
txn07589,ing025,2025-02-14,PURCHASE_ORDER,5,sup004,2025-02-10,4
txn07646,ing025,2025-02-20,PURCHASE_ORDER,5,sup004,2025-02-16,4
txn07702,ing025,2025-02-25,PURCHASE_ORDER,5,sup004,2025-02-22,3
txn07764,ing025,2025-03-03,PURCHASE_ORDER,5,sup004,2025-02-27,4
txn07814,ing025,2025-03-08,PURCHASE_ORDER,7,sup004,2025-03-05,3
txn07874,ing025,2025-03-13,PURCHASE_ORDER,6,sup004,2025-03-10,3
txn07953,ing025,2025-03-20,PURCHASE_ORDER,5,sup004,2025-03-15,5
txn07991,ing025,2025-03-24,PURCHASE_ORDER,5,sup004,2025-03-22,2
txn08062,ing025,2025-03-30,PURCHASE_ORDER,5,sup004,2025-03-26,4
txn08108,ing025,2025-04-03,PURCHASE_ORDER,5,sup004,2025-04-01,2
txn08174,ing025,2025-04-09,PURCHASE_ORDER,5,sup004,2025-04-05,4
txn08225,ing025,2025-04-15,PURCHASE_ORDER,5,sup004,2025-04-11,4
txn08265,ing025,2025-04-19,PURCHASE_ORDER,5,sup004,2025-04-17,2
txn08329,ing025,2025-04-25,PURCHASE_ORDER,5,sup004,2025-04-21,4
txn08371,ing025,2025-04-30,PURCHASE_ORDER,5,sup004,2025-04-27,3
txn08428,ing025,2025-05-06,PURCHASE_ORDER,5,sup004,2025-05-02,4
txn08465,ing025,2025-05-10,PURCHASE_ORDER,5,sup004,2025-05-08,2
txn08517,ing025,2025-05-15,PURCHASE_ORDER,5,sup004,2025-05-12,3
txn08589,ing025,2025-05-22,PURCHASE_ORDER,5,sup004,2025-05-17,5
txn08640,ing025,2025-05-27,PURCHASE_ORDER,5,sup004,2025-05-24,3
txn08682,ing025,2025-06-01,PURCHASE_ORDER,5,sup004,2025-05-29,3
txn08714,ing025,2025-06-04,PURCHASE_ORDER,5,sup004,2025-06-03,1
txn08766,ing025,2025-06-08,PURCHASE_ORDER,5,sup004,2025-06-06,2
txn08820,ing025,2025-06-14,PURCHASE_ORDER,5,sup004,2025-06-10,4
txn08870,ing025,2025-06-19,PURCHASE_ORDER,5,sup004,2025-06-16,3
txn08944,ing025,2025-06-27,PURCHASE_ORDER,5,sup004,2025-06-21,6
txn09025,ing025,2025-07-05,PURCHASE_ORDER,6,sup004,2025-06-29,6
txn09085,ing025,2025-07-11,PURCHASE_ORDER,5,sup004,2025-07-07,4
txn09126,ing025,2025-07-15,PURCHASE_ORDER,5,sup004,2025-07-13,2
txn09212,ing025,2025-07-22,PURCHASE_ORDER,5,sup004,2025-07-17,5
txn09266,ing025,2025-07-27,PURCHASE_ORDER,5,sup004,2025-07-24,3
txn09331,ing025,2025-08-03,PURCHASE_ORDER,5,sup004,2025-07-29,5
txn09385,ing025,2025-08-08,PURCHASE_ORDER,5,sup004,2025-08-05,3
txn09426,ing025,2025-08-12,PURCHASE_ORDER,5,sup004,2025-08-10,2
txn09470,ing025,2025-08-16,PURCHASE_ORDER,5,sup004,2025-08-14,2
txn09535,ing025,2025-08-21,PURCHASE_ORDER,5,sup004,2025-08-18,3
txn09601,ing025,2025-08-27,PURCHASE_ORDER,6,sup004,2025-08-23,4
txn09656,ing025,2025-09-02,PURCHASE_ORDER,5,sup004,2025-08-29,4
txn09741,ing025,2025-09-10,PURCHASE_ORDER,5,sup004,2025-09-04,6
txn09797,ing025,2025-09-16,PURCHASE_ORDER,6,sup004,2025-09-12,4
txn09881,ing025,2025-09-23,PURCHASE_ORDER,5,sup004,2025-09-18,5
txn09928,ing025,2025-09-28,PURCHASE_ORDER,6,sup004,2025-09-25,3
txn09976,ing025,2025-10-03,PURCHASE_ORDER,5,sup004,2025-09-30,3
txn10043,ing025,2025-10-09,PURCHASE_ORDER,5,sup004,2025-10-05,4
txn10103,ing025,2025-10-15,PURCHASE_ORDER,5,sup004,2025-10-11,4
txn10187,ing025,2025-10-22,PURCHASE_ORDER,5,sup004,2025-10-17,5
txn10214,ing025,2025-10-25,PURCHASE_ORDER,5,sup004,2025-10-24,1
txn00558,ing026,2023-04-13,PURCHASE_ORDER,6,sup003,2023-04-03,10
txn00655,ing026,2023-04-22,PURCHASE_ORDER,6,sup003,2023-04-16,6
txn00798,ing026,2023-05-06,PURCHASE_ORDER,6,sup003,2023-04-25,11
txn00960,ing026,2023-05-22,PURCHASE_ORDER,6,sup003,2023-05-09,13
txn01133,ing026,2023-06-07,PURCHASE_ORDER,6,sup003,2023-05-25,13
txn01264,ing026,2023-06-19,PURCHASE_ORDER,6,sup003,2023-06-10,9
txn01446,ing026,2023-07-07,PURCHASE_ORDER,6,sup003,2023-06-22,15
txn01535,ing026,2023-07-14,PURCHASE_ORDER,6,sup003,2023-07-10,4
txn01718,ing026,2023-07-31,PURCHASE_ORDER,6,sup003,2023-07-17,14
txn01864,ing026,2023-08-14,PURCHASE_ORDER,6,sup003,2023-08-03,11
txn02089,ing026,2023-09-04,PURCHASE_ORDER,6,sup003,2023-08-17,18
txn02383,ing026,2023-10-02,PURCHASE_ORDER,6,sup003,2023-09-07,25
txn02489,ing026,2023-10-11,PURCHASE_ORDER,6,sup003,2023-10-05,6
txn02701,ing026,2023-10-31,PURCHASE_ORDER,6,sup003,2023-10-14,17
txn02846,ing026,2023-11-15,PURCHASE_ORDER,6,sup003,2023-11-03,12
txn03091,ing026,2023-12-07,PURCHASE_ORDER,6,sup003,2023-11-18,19
txn03313,ing026,2023-12-28,PURCHASE_ORDER,6,sup003,2023-12-10,18
txn03478,ing026,2024-01-12,PURCHASE_ORDER,6,sup003,2023-12-31,12
txn03710,ing026,2024-02-03,PURCHASE_ORDER,6,sup003,2024-01-15,19
txn03862,ing026,2024-02-17,PURCHASE_ORDER,6,sup003,2024-02-06,11
txn03985,ing026,2024-02-29,PURCHASE_ORDER,6,sup003,2024-02-20,9
txn04098,ing026,2024-03-11,PURCHASE_ORDER,6,sup003,2024-03-03,8
txn04264,ing026,2024-03-26,PURCHASE_ORDER,6,sup003,2024-03-14,12
txn04433,ing026,2024-04-11,PURCHASE_ORDER,6,sup003,2024-03-29,13
txn04636,ing026,2024-04-30,PURCHASE_ORDER,6,sup003,2024-04-14,16
txn04777,ing026,2024-05-14,PURCHASE_ORDER,6,sup003,2024-05-03,11
txn04965,ing026,2024-06-01,PURCHASE_ORDER,6,sup003,2024-05-17,15
txn05094,ing026,2024-06-14,PURCHASE_ORDER,6,sup003,2024-06-04,10
txn05246,ing026,2024-06-29,PURCHASE_ORDER,6,sup003,2024-06-17,12
txn05401,ing026,2024-07-13,PURCHASE_ORDER,6,sup003,2024-07-02,11
txn05611,ing026,2024-08-03,PURCHASE_ORDER,6,sup003,2024-07-16,18
txn05702,ing026,2024-08-12,PURCHASE_ORDER,6,sup003,2024-08-06,6
txn05946,ing026,2024-09-05,PURCHASE_ORDER,6,sup003,2024-08-15,21
txn06202,ing026,2024-10-01,PURCHASE_ORDER,6,sup003,2024-09-08,23
txn06356,ing026,2024-10-17,PURCHASE_ORDER,6,sup003,2024-10-04,13
txn06581,ing026,2024-11-08,PURCHASE_ORDER,6,sup003,2024-10-20,19
txn06775,ing026,2024-11-28,PURCHASE_ORDER,6,sup003,2024-11-11,17
txn07031,ing026,2024-12-24,PURCHASE_ORDER,6,sup003,2024-12-01,23
txn07260,ing026,2025-01-15,PURCHASE_ORDER,6,sup003,2024-12-27,19
txn07509,ing026,2025-02-07,PURCHASE_ORDER,6,sup003,2025-01-18,20
txn07647,ing026,2025-02-20,PURCHASE_ORDER,6,sup003,2025-02-10,10
txn07807,ing026,2025-03-07,PURCHASE_ORDER,6,sup003,2025-02-23,12
txn07875,ing026,2025-03-13,PURCHASE_ORDER,6,sup003,2025-03-10,3
txn07992,ing026,2025-03-24,PURCHASE_ORDER,6,sup003,2025-03-16,8
txn08180,ing026,2025-04-10,PURCHASE_ORDER,6,sup003,2025-03-27,14
txn08391,ing026,2025-05-02,PURCHASE_ORDER,6,sup003,2025-04-13,19
txn08590,ing026,2025-05-22,PURCHASE_ORDER,6,sup003,2025-05-05,17
txn08705,ing026,2025-06-03,PURCHASE_ORDER,6,sup003,2025-05-25,9
txn08850,ing026,2025-06-17,PURCHASE_ORDER,6,sup003,2025-06-06,11
txn09197,ing026,2025-07-21,PURCHASE_ORDER,6,sup003,2025-06-20,31
txn09406,ing026,2025-08-10,PURCHASE_ORDER,6,sup003,2025-07-24,17
txn09522,ing026,2025-08-20,PURCHASE_ORDER,6,sup003,2025-08-13,7
txn09710,ing026,2025-09-07,PURCHASE_ORDER,6,sup003,2025-08-23,15
txn09929,ing026,2025-09-28,PURCHASE_ORDER,6,sup003,2025-09-10,18
txn10132,ing026,2025-10-17,PURCHASE_ORDER,6,sup003,2025-10-01,16
txn00613,ing027,2023-04-18,PURCHASE_ORDER,4,sup002,2023-04-08,10
txn00685,ing027,2023-04-25,PURCHASE_ORDER,4,sup002,2023-04-22,3
txn00799,ing027,2023-05-06,PURCHASE_ORDER,4,sup002,2023-04-29,7
txn00901,ing027,2023-05-16,PURCHASE_ORDER,4,sup002,2023-05-10,6
txn01090,ing027,2023-06-03,PURCHASE_ORDER,4,sup007,2023-05-20,14
txn01265,ing027,2023-06-19,PURCHASE_ORDER,4,sup007,2023-06-06,13
txn01470,ing027,2023-07-09,PURCHASE_ORDER,4,sup002,2023-06-22,17
txn01525,ing027,2023-07-13,PURCHASE_ORDER,4,sup007,2023-06-22,21
txn01636,ing027,2023-07-23,PURCHASE_ORDER,4,sup007,2023-07-16,7
txn01865,ing027,2023-08-14,PURCHASE_ORDER,4,sup007,2023-07-26,19
txn02125,ing027,2023-09-07,PURCHASE_ORDER,4,sup002,2023-08-17,21
txn02363,ing027,2023-09-30,PURCHASE_ORDER,4,sup007,2023-09-11,19
txn02455,ing027,2023-10-08,PURCHASE_ORDER,4,sup007,2023-10-03,5
txn02625,ing027,2023-10-24,PURCHASE_ORDER,4,sup002,2023-10-11,13
txn02809,ing027,2023-11-11,PURCHASE_ORDER,4,sup007,2023-10-28,14
txn02998,ing027,2023-11-29,PURCHASE_ORDER,4,sup007,2023-11-14,15
txn03236,ing027,2023-12-21,PURCHASE_ORDER,4,sup002,2023-12-02,19
txn03345,ing027,2023-12-31,PURCHASE_ORDER,4,sup007,2023-12-25,6
txn03479,ing027,2024-01-12,PURCHASE_ORDER,4,sup002,2024-01-03,9
txn03639,ing027,2024-01-27,PURCHASE_ORDER,4,sup002,2024-01-16,11
txn03835,ing027,2024-02-15,PURCHASE_ORDER,4,sup002,2024-01-31,15
txn03976,ing027,2024-02-28,PURCHASE_ORDER,4,sup007,2024-02-19,9
txn04016,ing027,2024-03-03,PURCHASE_ORDER,4,sup002,2024-03-02,1
txn04219,ing027,2024-03-22,PURCHASE_ORDER,4,sup007,2024-03-07,15
txn04341,ing027,2024-04-02,PURCHASE_ORDER,4,sup007,2024-03-25,8
txn04434,ing027,2024-04-11,PURCHASE_ORDER,4,sup002,2024-04-05,6
txn04536,ing027,2024-04-21,PURCHASE_ORDER,4,sup002,2024-04-15,6
txn04757,ing027,2024-05-12,PURCHASE_ORDER,4,sup007,2024-04-25,17
txn04853,ing027,2024-05-21,PURCHASE_ORDER,4,sup007,2024-05-15,6
txn05034,ing027,2024-06-08,PURCHASE_ORDER,4,sup007,2024-05-24,15
txn05139,ing027,2024-06-18,PURCHASE_ORDER,4,sup007,2024-06-11,7
txn05320,ing027,2024-07-06,PURCHASE_ORDER,4,sup007,2024-06-21,15
txn05533,ing027,2024-07-26,PURCHASE_ORDER,4,sup007,2024-07-09,17
txn05634,ing027,2024-08-05,PURCHASE_ORDER,4,sup002,2024-07-29,7
txn05937,ing027,2024-09-04,PURCHASE_ORDER,4,sup007,2024-08-09,26
txn06153,ing027,2024-09-26,PURCHASE_ORDER,4,sup007,2024-09-07,19
txn06234,ing027,2024-10-04,PURCHASE_ORDER,4,sup002,2024-09-29,5
txn06465,ing027,2024-10-27,PURCHASE_ORDER,4,sup007,2024-10-08,19
txn06812,ing027,2024-12-02,PURCHASE_ORDER,4,sup007,2024-10-30,33
txn07111,ing027,2025-01-01,PURCHASE_ORDER,4,sup007,2024-12-05,27
txn07545,ing027,2025-02-10,PURCHASE_ORDER,4,sup007,2025-01-04,37
txn07745,ing027,2025-03-01,PURCHASE_ORDER,4,sup007,2025-02-13,16
txn07849,ing027,2025-03-11,PURCHASE_ORDER,4,sup007,2025-03-04,7
txn08074,ing027,2025-03-31,PURCHASE_ORDER,4,sup007,2025-03-14,17
txn08242,ing027,2025-04-17,PURCHASE_ORDER,4,sup002,2025-04-03,14
txn08429,ing027,2025-05-06,PURCHASE_ORDER,4,sup002,2025-04-21,15
txn08591,ing027,2025-05-22,PURCHASE_ORDER,4,sup002,2025-05-10,12
txn08715,ing027,2025-06-04,PURCHASE_ORDER,4,sup002,2025-05-26,9
txn09026,ing027,2025-07-05,PURCHASE_ORDER,4,sup002,2025-06-08,27
txn09255,ing027,2025-07-26,PURCHASE_ORDER,4,sup002,2025-07-09,17
txn09407,ing027,2025-08-10,PURCHASE_ORDER,4,sup002,2025-07-30,11
txn09485,ing027,2025-08-17,PURCHASE_ORDER,4,sup002,2025-08-14,3
txn09670,ing027,2025-09-03,PURCHASE_ORDER,4,sup002,2025-08-21,13
txn09901,ing027,2025-09-25,PURCHASE_ORDER,4,sup007,2025-09-07,18
txn10133,ing027,2025-10-17,PURCHASE_ORDER,4,sup007,2025-09-28,19
txn00092,ing028,2023-02-28,PURCHASE_ORDER,5,sup004,2023-02-22,6
txn00170,ing028,2023-03-08,PURCHASE_ORDER,5,sup002,2023-03-03,5
txn00263,ing028,2023-03-17,PURCHASE_ORDER,5,sup004,2023-03-11,6
txn00341,ing028,2023-03-24,PURCHASE_ORDER,5,sup002,2023-03-20,4
txn00473,ing028,2023-04-05,PURCHASE_ORDER,5,sup002,2023-03-27,9
txn00600,ing028,2023-04-17,PURCHASE_ORDER,5,sup004,2023-04-08,9
txn00656,ing028,2023-04-22,PURCHASE_ORDER,5,sup004,2023-04-20,2
txn00766,ing028,2023-05-03,PURCHASE_ORDER,5,sup004,2023-04-25,8
txn00880,ing028,2023-05-14,PURCHASE_ORDER,5,sup004,2023-05-06,8
txn00979,ing028,2023-05-24,PURCHASE_ORDER,5,sup004,2023-05-17,7
txn01036,ing028,2023-05-30,PURCHASE_ORDER,6,sup002,2023-05-27,3
txn01140,ing028,2023-06-08,PURCHASE_ORDER,5,sup004,2023-06-02,6
txn01231,ing028,2023-06-16,PURCHASE_ORDER,5,sup004,2023-06-11,5
txn01306,ing028,2023-06-23,PURCHASE_ORDER,5,sup002,2023-06-19,4
txn01367,ing028,2023-06-29,PURCHASE_ORDER,5,sup004,2023-06-26,3
txn01430,ing028,2023-07-05,PURCHASE_ORDER,5,sup002,2023-07-02,3
txn01508,ing028,2023-07-12,PURCHASE_ORDER,5,sup002,2023-07-08,4
txn01600,ing028,2023-07-20,PURCHASE_ORDER,5,sup004,2023-07-15,5
txn01665,ing028,2023-07-26,PURCHASE_ORDER,5,sup004,2023-07-23,3
txn01707,ing028,2023-07-30,PURCHASE_ORDER,5,sup002,2023-07-29,1
txn01777,ing028,2023-08-05,PURCHASE_ORDER,5,sup004,2023-08-02,3
txn01847,ing028,2023-08-12,PURCHASE_ORDER,6,sup004,2023-08-08,4
txn01925,ing028,2023-08-20,PURCHASE_ORDER,5,sup002,2023-08-15,5
txn01979,ing028,2023-08-25,PURCHASE_ORDER,5,sup004,2023-08-23,2
txn02067,ing028,2023-09-02,PURCHASE_ORDER,5,sup004,2023-08-28,5
txn02133,ing028,2023-09-08,PURCHASE_ORDER,5,sup002,2023-09-05,3
txn02191,ing028,2023-09-13,PURCHASE_ORDER,5,sup002,2023-09-11,2
txn02236,ing028,2023-09-18,PURCHASE_ORDER,5,sup002,2023-09-16,2
txn02318,ing028,2023-09-26,PURCHASE_ORDER,5,sup004,2023-09-21,5
txn02397,ing028,2023-10-03,PURCHASE_ORDER,5,sup004,2023-09-29,4
txn02510,ing028,2023-10-13,PURCHASE_ORDER,5,sup004,2023-10-06,7
txn02585,ing028,2023-10-20,PURCHASE_ORDER,5,sup004,2023-10-16,4
txn02626,ing028,2023-10-24,PURCHASE_ORDER,5,sup002,2023-10-23,1
txn02713,ing028,2023-11-01,PURCHASE_ORDER,5,sup002,2023-10-27,5
txn02790,ing028,2023-11-09,PURCHASE_ORDER,5,sup004,2023-11-04,5
txn02868,ing028,2023-11-17,PURCHASE_ORDER,5,sup002,2023-11-12,5
txn02952,ing028,2023-11-25,PURCHASE_ORDER,5,sup002,2023-11-20,5
txn02999,ing028,2023-11-29,PURCHASE_ORDER,5,sup002,2023-11-28,1
txn03074,ing028,2023-12-06,PURCHASE_ORDER,5,sup004,2023-12-02,4
txn03156,ing028,2023-12-13,PURCHASE_ORDER,5,sup002,2023-12-09,4
txn03214,ing028,2023-12-19,PURCHASE_ORDER,5,sup004,2023-12-16,3
txn03321,ing028,2023-12-29,PURCHASE_ORDER,5,sup004,2023-12-22,7
txn03383,ing028,2024-01-03,PURCHASE_ORDER,5,sup002,2024-01-01,2
txn03429,ing028,2024-01-08,PURCHASE_ORDER,5,sup004,2024-01-06,2
txn03496,ing028,2024-01-14,PURCHASE_ORDER,5,sup004,2024-01-11,3
txn03629,ing028,2024-01-26,PURCHASE_ORDER,5,sup004,2024-01-17,9
txn03711,ing028,2024-02-03,PURCHASE_ORDER,5,sup002,2024-01-29,5
txn03781,ing028,2024-02-10,PURCHASE_ORDER,5,sup002,2024-02-06,4
txn03863,ing028,2024-02-17,PURCHASE_ORDER,5,sup004,2024-02-13,4
txn03928,ing028,2024-02-23,PURCHASE_ORDER,5,sup004,2024-02-20,3
txn04005,ing028,2024-03-02,PURCHASE_ORDER,5,sup004,2024-02-26,5
txn04099,ing028,2024-03-11,PURCHASE_ORDER,5,sup004,2024-03-05,6
txn04197,ing028,2024-03-20,PURCHASE_ORDER,5,sup002,2024-03-14,6
txn04310,ing028,2024-03-30,PURCHASE_ORDER,6,sup004,2024-03-23,7
txn04447,ing028,2024-04-12,PURCHASE_ORDER,5,sup002,2024-04-02,10
txn04527,ing028,2024-04-20,PURCHASE_ORDER,5,sup002,2024-04-15,5
txn04614,ing028,2024-04-28,PURCHASE_ORDER,5,sup002,2024-04-23,5
txn04656,ing028,2024-05-02,PURCHASE_ORDER,5,sup002,2024-05-01,1
txn04804,ing028,2024-05-16,PURCHASE_ORDER,5,sup004,2024-05-05,11
txn04877,ing028,2024-05-23,PURCHASE_ORDER,5,sup002,2024-05-19,4
txn04986,ing028,2024-06-03,PURCHASE_ORDER,5,sup002,2024-05-26,8
txn05063,ing028,2024-06-11,PURCHASE_ORDER,5,sup002,2024-06-06,5
txn05155,ing028,2024-06-19,PURCHASE_ORDER,5,sup002,2024-06-14,5
txn05247,ing028,2024-06-29,PURCHASE_ORDER,5,sup002,2024-06-22,7
txn05296,ing028,2024-07-04,PURCHASE_ORDER,5,sup004,2024-07-02,2
txn05362,ing028,2024-07-09,PURCHASE_ORDER,5,sup004,2024-07-07,2
txn05413,ing028,2024-07-14,PURCHASE_ORDER,5,sup002,2024-07-12,2
txn05483,ing028,2024-07-21,PURCHASE_ORDER,5,sup004,2024-07-17,4
txn05582,ing028,2024-07-31,PURCHASE_ORDER,5,sup002,2024-07-24,7
txn05635,ing028,2024-08-05,PURCHASE_ORDER,5,sup002,2024-08-03,2
txn05721,ing028,2024-08-14,PURCHASE_ORDER,5,sup004,2024-08-08,6
txn05777,ing028,2024-08-19,PURCHASE_ORDER,5,sup004,2024-08-17,2
txn05840,ing028,2024-08-25,PURCHASE_ORDER,5,sup004,2024-08-22,3
txn05919,ing028,2024-09-02,PURCHASE_ORDER,5,sup002,2024-08-28,5
txn05994,ing028,2024-09-10,PURCHASE_ORDER,5,sup002,2024-09-05,5
txn06063,ing028,2024-09-17,PURCHASE_ORDER,5,sup002,2024-09-13,4
txn06142,ing028,2024-09-25,PURCHASE_ORDER,5,sup002,2024-09-20,5
txn06249,ing028,2024-10-06,PURCHASE_ORDER,5,sup002,2024-09-28,8
txn06333,ing028,2024-10-15,PURCHASE_ORDER,5,sup004,2024-10-09,6
txn06391,ing028,2024-10-20,PURCHASE_ORDER,5,sup002,2024-10-18,2
txn06507,ing028,2024-11-01,PURCHASE_ORDER,5,sup002,2024-10-23,9
txn06562,ing028,2024-11-06,PURCHASE_ORDER,5,sup004,2024-11-04,2
txn06702,ing028,2024-11-20,PURCHASE_ORDER,5,sup004,2024-11-09,11
txn06790,ing028,2024-11-29,PURCHASE_ORDER,5,sup004,2024-11-23,6
txn06834,ing028,2024-12-04,PURCHASE_ORDER,5,sup004,2024-12-02,2
txn06910,ing028,2024-12-12,PURCHASE_ORDER,5,sup004,2024-12-07,5
txn07000,ing028,2024-12-21,PURCHASE_ORDER,6,sup004,2024-12-15,6
txn07089,ing028,2024-12-30,PURCHASE_ORDER,5,sup002,2024-12-24,6
txn07139,ing028,2025-01-03,PURCHASE_ORDER,5,sup004,2025-01-02,1
txn07248,ing028,2025-01-14,PURCHASE_ORDER,5,sup004,2025-01-06,8
txn07326,ing028,2025-01-21,PURCHASE_ORDER,5,sup004,2025-01-17,4
txn07385,ing028,2025-01-26,PURCHASE_ORDER,5,sup002,2025-01-24,2
txn07497,ing028,2025-02-05,PURCHASE_ORDER,5,sup004,2025-01-29,7
txn07581,ing028,2025-02-13,PURCHASE_ORDER,5,sup002,2025-02-08,5
txn07661,ing028,2025-02-21,PURCHASE_ORDER,5,sup002,2025-02-16,5
txn07703,ing028,2025-02-25,PURCHASE_ORDER,5,sup002,2025-02-24,1
txn07746,ing028,2025-03-01,PURCHASE_ORDER,5,sup004,2025-02-28,1
txn07824,ing028,2025-03-09,PURCHASE_ORDER,5,sup002,2025-03-04,5
txn07919,ing028,2025-03-17,PURCHASE_ORDER,5,sup002,2025-03-12,5
txn08017,ing028,2025-03-26,PURCHASE_ORDER,5,sup004,2025-03-20,6
txn08075,ing028,2025-03-31,PURCHASE_ORDER,5,sup002,2025-03-29,2
txn08130,ing028,2025-04-05,PURCHASE_ORDER,5,sup002,2025-04-03,2
txn08207,ing028,2025-04-13,PURCHASE_ORDER,5,sup004,2025-04-08,5
txn08296,ing028,2025-04-22,PURCHASE_ORDER,5,sup004,2025-04-16,6
txn08408,ing028,2025-05-04,PURCHASE_ORDER,5,sup002,2025-04-25,9
txn08473,ing028,2025-05-11,PURCHASE_ORDER,5,sup002,2025-05-07,4
txn08568,ing028,2025-05-20,PURCHASE_ORDER,5,sup004,2025-05-14,6
txn08607,ing028,2025-05-24,PURCHASE_ORDER,5,sup004,2025-05-23,1
txn08668,ing028,2025-05-30,PURCHASE_ORDER,5,sup002,2025-05-27,3
txn08740,ing028,2025-06-06,PURCHASE_ORDER,5,sup002,2025-06-02,4
txn08813,ing028,2025-06-13,PURCHASE_ORDER,5,sup004,2025-06-09,4
txn08934,ing028,2025-06-26,PURCHASE_ORDER,5,sup002,2025-06-16,10
txn09044,ing028,2025-07-07,PURCHASE_ORDER,6,sup002,2025-06-29,8
txn09106,ing028,2025-07-13,PURCHASE_ORDER,5,sup002,2025-07-10,3
txn09159,ing028,2025-07-18,PURCHASE_ORDER,5,sup004,2025-07-16,2
txn09249,ing028,2025-07-25,PURCHASE_ORDER,5,sup004,2025-07-21,4
txn09332,ing028,2025-08-03,PURCHASE_ORDER,5,sup002,2025-07-28,6
txn09417,ing028,2025-08-11,PURCHASE_ORDER,5,sup002,2025-08-06,5
txn09496,ing028,2025-08-18,PURCHASE_ORDER,5,sup002,2025-08-14,4
txn09607,ing028,2025-08-28,PURCHASE_ORDER,5,sup004,2025-08-21,7
txn09711,ing028,2025-09-07,PURCHASE_ORDER,5,sup004,2025-08-31,7
txn09759,ing028,2025-09-12,PURCHASE_ORDER,5,sup004,2025-09-10,2
txn09821,ing028,2025-09-18,PURCHASE_ORDER,5,sup004,2025-09-15,3
txn09909,ing028,2025-09-26,PURCHASE_ORDER,5,sup004,2025-09-21,5
txn09972,ing028,2025-10-02,PURCHASE_ORDER,5,sup004,2025-09-29,3
txn10044,ing028,2025-10-09,PURCHASE_ORDER,5,sup002,2025-10-05,4
txn10134,ing028,2025-10-17,PURCHASE_ORDER,5,sup002,2025-10-12,5
txn10188,ing028,2025-10-22,PURCHASE_ORDER,5,sup004,2025-10-20,2
txn00068,ing029,2023-02-26,PURCHASE_ORDER,5,sup004,2023-02-23,3
txn00105,ing029,2023-03-01,PURCHASE_ORDER,4,sup004,2023-02-23,6
txn00134,ing029,2023-03-04,PURCHASE_ORDER,4,sup004,2023-03-01,3
txn00183,ing029,2023-03-09,PURCHASE_ORDER,5,sup004,2023-03-07,2
txn00237,ing029,2023-03-14,PURCHASE_ORDER,4,sup004,2023-03-12,2
txn00275,ing029,2023-03-18,PURCHASE_ORDER,4,sup004,2023-03-17,1
txn00304,ing029,2023-03-21,PURCHASE_ORDER,6,sup004,2023-03-17,4
txn00370,ing029,2023-03-27,PURCHASE_ORDER,4,sup004,2023-03-24,3
txn00435,ing029,2023-04-02,PURCHASE_ORDER,4,sup004,2023-03-30,3
txn00513,ing029,2023-04-08,PURCHASE_ORDER,5,sup004,2023-04-05,3
txn00579,ing029,2023-04-15,PURCHASE_ORDER,4,sup004,2023-04-11,4
txn00614,ing029,2023-04-18,PURCHASE_ORDER,4,sup004,2023-04-11,7
txn00648,ing029,2023-04-21,PURCHASE_ORDER,5,sup004,2023-04-18,3
txn00686,ing029,2023-04-25,PURCHASE_ORDER,5,sup004,2023-04-24,1
txn00734,ing029,2023-04-30,PURCHASE_ORDER,4,sup004,2023-04-28,2
txn00776,ing029,2023-05-04,PURCHASE_ORDER,4,sup004,2023-05-03,1
txn00868,ing029,2023-05-13,PURCHASE_ORDER,4,sup004,2023-05-07,6
txn00922,ing029,2023-05-18,PURCHASE_ORDER,5,sup004,2023-05-16,2
txn00955,ing029,2023-05-21,PURCHASE_ORDER,4,sup004,2023-05-16,5
txn00990,ing029,2023-05-25,PURCHASE_ORDER,4,sup004,2023-05-24,1
txn01031,ing029,2023-05-29,PURCHASE_ORDER,4,sup004,2023-05-28,1
txn01060,ing029,2023-06-01,PURCHASE_ORDER,4,sup004,2023-05-28,4
txn01114,ing029,2023-06-05,PURCHASE_ORDER,4,sup004,2023-06-04,1
txn01141,ing029,2023-06-08,PURCHASE_ORDER,4,sup004,2023-06-04,4
txn01187,ing029,2023-06-12,PURCHASE_ORDER,4,sup004,2023-06-11,1
txn01232,ing029,2023-06-16,PURCHASE_ORDER,4,sup004,2023-06-15,1
txn01285,ing029,2023-06-21,PURCHASE_ORDER,4,sup004,2023-06-19,2
txn01328,ing029,2023-06-25,PURCHASE_ORDER,4,sup004,2023-06-24,1
txn01356,ing029,2023-06-28,PURCHASE_ORDER,4,sup004,2023-06-24,4
txn01388,ing029,2023-07-01,PURCHASE_ORDER,4,sup004,2023-06-28,3
txn01431,ing029,2023-07-05,PURCHASE_ORDER,5,sup004,2023-07-04,1
txn01456,ing029,2023-07-08,PURCHASE_ORDER,4,sup004,2023-07-04,4
txn01509,ing029,2023-07-12,PURCHASE_ORDER,4,sup004,2023-07-11,1
txn01571,ing029,2023-07-17,PURCHASE_ORDER,4,sup004,2023-07-15,2
txn01611,ing029,2023-07-21,PURCHASE_ORDER,5,sup004,2023-07-20,1
txn01655,ing029,2023-07-25,PURCHASE_ORDER,4,sup004,2023-07-24,1
txn01683,ing029,2023-07-28,PURCHASE_ORDER,7,sup004,2023-07-24,4
txn01719,ing029,2023-07-31,PURCHASE_ORDER,6,sup004,2023-07-28,3
txn01778,ing029,2023-08-05,PURCHASE_ORDER,4,sup004,2023-08-03,2
txn01809,ing029,2023-08-08,PURCHASE_ORDER,4,sup004,2023-08-03,5
txn01848,ing029,2023-08-12,PURCHASE_ORDER,4,sup004,2023-08-11,1
txn01894,ing029,2023-08-17,PURCHASE_ORDER,4,sup004,2023-08-15,2
txn01926,ing029,2023-08-20,PURCHASE_ORDER,5,sup004,2023-08-15,5
txn01954,ing029,2023-08-23,PURCHASE_ORDER,8,sup004,2023-08-20,3
txn02012,ing029,2023-08-28,PURCHASE_ORDER,4,sup004,2023-08-26,2
txn02090,ing029,2023-09-04,PURCHASE_ORDER,4,sup004,2023-08-31,4
txn02134,ing029,2023-09-08,PURCHASE_ORDER,4,sup004,2023-09-07,1
txn02169,ing029,2023-09-11,PURCHASE_ORDER,5,sup004,2023-09-07,4
txn02208,ing029,2023-09-15,PURCHASE_ORDER,4,sup004,2023-09-14,1
txn02237,ing029,2023-09-18,PURCHASE_ORDER,4,sup004,2023-09-14,4
txn02278,ing029,2023-09-22,PURCHASE_ORDER,4,sup004,2023-09-21,1
txn02310,ing029,2023-09-25,PURCHASE_ORDER,5,sup004,2023-09-21,4
txn02352,ing029,2023-09-29,PURCHASE_ORDER,4,sup004,2023-09-28,1
txn02398,ing029,2023-10-03,PURCHASE_ORDER,4,sup004,2023-10-02,1
txn02468,ing029,2023-10-09,PURCHASE_ORDER,4,sup004,2023-10-06,3
txn02511,ing029,2023-10-13,PURCHASE_ORDER,4,sup004,2023-10-12,1
txn02542,ing029,2023-10-16,PURCHASE_ORDER,5,sup004,2023-10-12,4
txn02586,ing029,2023-10-20,PURCHASE_ORDER,4,sup004,2023-10-19,1
txn02616,ing029,2023-10-23,PURCHASE_ORDER,5,sup004,2023-10-19,4
txn02677,ing029,2023-10-29,PURCHASE_ORDER,4,sup004,2023-10-26,3
txn02714,ing029,2023-11-01,PURCHASE_ORDER,4,sup004,2023-10-26,6
txn02752,ing029,2023-11-05,PURCHASE_ORDER,5,sup004,2023-11-04,1
txn02780,ing029,2023-11-08,PURCHASE_ORDER,4,sup004,2023-11-04,4
txn02830,ing029,2023-11-13,PURCHASE_ORDER,4,sup004,2023-11-11,2
txn02880,ing029,2023-11-18,PURCHASE_ORDER,4,sup004,2023-11-16,2
txn02924,ing029,2023-11-22,PURCHASE_ORDER,4,sup004,2023-11-21,1
txn02953,ing029,2023-11-25,PURCHASE_ORDER,4,sup004,2023-11-21,4
txn02984,ing029,2023-11-28,PURCHASE_ORDER,6,sup004,2023-11-25,3
txn03031,ing029,2023-12-02,PURCHASE_ORDER,4,sup004,2023-12-01,1
txn03075,ing029,2023-12-06,PURCHASE_ORDER,5,sup004,2023-12-05,1
txn03112,ing029,2023-12-09,PURCHASE_ORDER,4,sup004,2023-12-05,4
txn03157,ing029,2023-12-13,PURCHASE_ORDER,4,sup004,2023-12-12,1
txn03185,ing029,2023-12-16,PURCHASE_ORDER,4,sup004,2023-12-12,4
txn03215,ing029,2023-12-19,PURCHASE_ORDER,5,sup004,2023-12-16,3
txn03293,ing029,2023-12-26,PURCHASE_ORDER,5,sup004,2023-12-22,4
txn03331,ing029,2023-12-30,PURCHASE_ORDER,4,sup004,2023-12-29,1
txn03384,ing029,2024-01-03,PURCHASE_ORDER,5,sup004,2024-01-02,1
txn03411,ing029,2024-01-06,PURCHASE_ORDER,5,sup004,2024-01-02,4
txn03440,ing029,2024-01-09,PURCHASE_ORDER,6,sup004,2024-01-06,3
txn03490,ing029,2024-01-13,PURCHASE_ORDER,4,sup004,2024-01-12,1
txn03518,ing029,2024-01-16,PURCHASE_ORDER,4,sup004,2024-01-12,4
txn03572,ing029,2024-01-21,PURCHASE_ORDER,4,sup004,2024-01-19,2
txn03630,ing029,2024-01-26,PURCHASE_ORDER,5,sup004,2024-01-24,2
txn03675,ing029,2024-01-30,PURCHASE_ORDER,4,sup004,2024-01-29,1
txn03703,ing029,2024-02-02,PURCHASE_ORDER,5,sup004,2024-01-29,4
txn03736,ing029,2024-02-05,PURCHASE_ORDER,4,sup004,2024-02-02,3
txn03770,ing029,2024-02-08,PURCHASE_ORDER,4,sup004,2024-02-05,3
txn03800,ing029,2024-02-12,PURCHASE_ORDER,4,sup004,2024-02-11,1
txn03836,ing029,2024-02-15,PURCHASE_ORDER,4,sup004,2024-02-11,4
txn03889,ing029,2024-02-19,PURCHASE_ORDER,5,sup004,2024-02-18,1
txn03923,ing029,2024-02-22,PURCHASE_ORDER,4,sup004,2024-02-18,4
txn03948,ing029,2024-02-25,PURCHASE_ORDER,5,sup004,2024-02-22,3
txn04006,ing029,2024-03-02,PURCHASE_ORDER,7,sup004,2024-02-28,3
txn04047,ing029,2024-03-06,PURCHASE_ORDER,4,sup004,2024-03-05,1
txn04110,ing029,2024-03-12,PURCHASE_ORDER,4,sup004,2024-03-09,3
txn04147,ing029,2024-03-15,PURCHASE_ORDER,4,sup004,2024-03-09,6
txn04198,ing029,2024-03-20,PURCHASE_ORDER,4,sup004,2024-03-18,2
txn04274,ing029,2024-03-27,PURCHASE_ORDER,4,sup004,2024-03-23,4
txn04311,ing029,2024-03-30,PURCHASE_ORDER,6,sup004,2024-03-23,7
txn04363,ing029,2024-04-04,PURCHASE_ORDER,4,sup004,2024-04-02,2
txn04406,ing029,2024-04-08,PURCHASE_ORDER,4,sup004,2024-04-07,1
txn04448,ing029,2024-04-12,PURCHASE_ORDER,4,sup004,2024-04-11,1
txn04489,ing029,2024-04-16,PURCHASE_ORDER,5,sup004,2024-04-15,1
txn04517,ing029,2024-04-19,PURCHASE_ORDER,4,sup004,2024-04-15,4
txn04555,ing029,2024-04-23,PURCHASE_ORDER,4,sup004,2024-04-22,1
txn04602,ing029,2024-04-27,PURCHASE_ORDER,4,sup004,2024-04-26,1
txn04637,ing029,2024-04-30,PURCHASE_ORDER,5,sup004,2024-04-26,4
txn04664,ing029,2024-05-03,PURCHASE_ORDER,5,sup004,2024-04-30,3
txn04758,ing029,2024-05-12,PURCHASE_ORDER,4,sup004,2024-05-06,6
txn04805,ing029,2024-05-16,PURCHASE_ORDER,4,sup004,2024-05-15,1
txn04841,ing029,2024-05-19,PURCHASE_ORDER,4,sup004,2024-05-15,4
txn04878,ing029,2024-05-23,PURCHASE_ORDER,5,sup004,2024-05-22,1
txn04929,ing029,2024-05-28,PURCHASE_ORDER,4,sup004,2024-05-26,2
txn04966,ing029,2024-06-01,PURCHASE_ORDER,4,sup004,2024-05-31,1
txn05000,ing029,2024-06-04,PURCHASE_ORDER,4,sup004,2024-05-31,4
txn05021,ing029,2024-06-07,PURCHASE_ORDER,4,sup004,2024-06-04,3
txn05054,ing029,2024-06-10,PURCHASE_ORDER,4,sup004,2024-06-07,3
txn05083,ing029,2024-06-13,PURCHASE_ORDER,4,sup004,2024-06-10,3
txn05156,ing029,2024-06-19,PURCHASE_ORDER,4,sup004,2024-06-16,3
txn05232,ing029,2024-06-27,PURCHASE_ORDER,4,sup004,2024-06-22,5
txn05262,ing029,2024-06-30,PURCHASE_ORDER,5,sup004,2024-06-22,8
txn05291,ing029,2024-07-03,PURCHASE_ORDER,4,sup004,2024-06-30,3
txn05321,ing029,2024-07-06,PURCHASE_ORDER,4,sup004,2024-07-03,3
txn05363,ing029,2024-07-09,PURCHASE_ORDER,4,sup004,2024-07-06,3
txn05395,ing029,2024-07-12,PURCHASE_ORDER,4,sup004,2024-07-09,3
txn05427,ing029,2024-07-16,PURCHASE_ORDER,4,sup004,2024-07-15,1
txn05461,ing029,2024-07-19,PURCHASE_ORDER,4,sup004,2024-07-15,4
txn05495,ing029,2024-07-22,PURCHASE_ORDER,4,sup004,2024-07-19,3
txn05556,ing029,2024-07-28,PURCHASE_ORDER,4,sup004,2024-07-25,3
txn05601,ing029,2024-08-02,PURCHASE_ORDER,4,sup004,2024-07-31,2
txn05636,ing029,2024-08-05,PURCHASE_ORDER,5,sup004,2024-07-31,5
txn05674,ing029,2024-08-09,PURCHASE_ORDER,4,sup004,2024-08-08,1
txn05703,ing029,2024-08-12,PURCHASE_ORDER,4,sup004,2024-08-08,4
txn05755,ing029,2024-08-17,PURCHASE_ORDER,5,sup004,2024-08-15,2
txn05796,ing029,2024-08-20,PURCHASE_ORDER,4,sup004,2024-08-15,5
txn05841,ing029,2024-08-25,PURCHASE_ORDER,4,sup004,2024-08-23,2
txn05878,ing029,2024-08-28,PURCHASE_ORDER,4,sup004,2024-08-23,5
txn05920,ing029,2024-09-02,PURCHASE_ORDER,4,sup004,2024-08-31,2
txn05947,ing029,2024-09-05,PURCHASE_ORDER,4,sup004,2024-08-31,5
txn05995,ing029,2024-09-10,PURCHASE_ORDER,4,sup004,2024-09-08,2
txn06036,ing029,2024-09-14,PURCHASE_ORDER,5,sup004,2024-09-13,1
txn06096,ing029,2024-09-21,PURCHASE_ORDER,4,sup004,2024-09-17,4
txn06128,ing029,2024-09-24,PURCHASE_ORDER,4,sup004,2024-09-17,7
txn06203,ing029,2024-10-01,PURCHASE_ORDER,4,sup004,2024-09-27,4
txn06250,ing029,2024-10-06,PURCHASE_ORDER,5,sup004,2024-10-04,2
txn06283,ing029,2024-10-09,PURCHASE_ORDER,4,sup004,2024-10-04,5
txn06316,ing029,2024-10-13,PURCHASE_ORDER,4,sup004,2024-10-12,1
txn06368,ing029,2024-10-18,PURCHASE_ORDER,6,sup004,2024-10-16,2
txn06404,ing029,2024-10-21,PURCHASE_ORDER,4,sup004,2024-10-16,5
txn06477,ing029,2024-10-28,PURCHASE_ORDER,5,sup004,2024-10-24,4
txn06508,ing029,2024-11-01,PURCHASE_ORDER,5,sup004,2024-10-31,1
txn06553,ing029,2024-11-05,PURCHASE_ORDER,5,sup004,2024-11-04,1
txn06602,ing029,2024-11-10,PURCHASE_ORDER,4,sup004,2024-11-08,2
txn06660,ing029,2024-11-16,PURCHASE_ORDER,4,sup004,2024-11-13,3
txn06693,ing029,2024-11-19,PURCHASE_ORDER,4,sup004,2024-11-13,6
txn06727,ing029,2024-11-23,PURCHASE_ORDER,6,sup004,2024-11-22,1
txn06776,ing029,2024-11-28,PURCHASE_ORDER,4,sup004,2024-11-26,2
txn06805,ing029,2024-12-01,PURCHASE_ORDER,4,sup004,2024-11-26,5
txn06835,ing029,2024-12-04,PURCHASE_ORDER,4,sup004,2024-12-01,3
txn06872,ing029,2024-12-08,PURCHASE_ORDER,4,sup004,2024-12-07,1
txn06900,ing029,2024-12-11,PURCHASE_ORDER,4,sup004,2024-12-07,4
txn06934,ing029,2024-12-14,PURCHASE_ORDER,5,sup004,2024-12-11,3
txn06990,ing029,2024-12-20,PURCHASE_ORDER,4,sup004,2024-12-17,3
txn07018,ing029,2024-12-23,PURCHASE_ORDER,6,sup004,2024-12-17,6
txn07090,ing029,2024-12-30,PURCHASE_ORDER,5,sup004,2024-12-26,4
txn07125,ing029,2025-01-02,PURCHASE_ORDER,4,sup004,2024-12-26,7
txn07159,ing029,2025-01-05,PURCHASE_ORDER,6,sup004,2025-01-02,3
txn07196,ing029,2025-01-09,PURCHASE_ORDER,4,sup004,2025-01-08,1
txn07238,ing029,2025-01-13,PURCHASE_ORDER,4,sup004,2025-01-12,1
txn07279,ing029,2025-01-17,PURCHASE_ORDER,4,sup004,2025-01-16,1
txn07316,ing029,2025-01-20,PURCHASE_ORDER,5,sup004,2025-01-16,4
txn07348,ing029,2025-01-23,PURCHASE_ORDER,5,sup004,2025-01-20,3
txn07420,ing029,2025-01-29,PURCHASE_ORDER,5,sup004,2025-01-26,3
txn07481,ing029,2025-02-04,PURCHASE_ORDER,4,sup004,2025-02-01,3
txn07510,ing029,2025-02-07,PURCHASE_ORDER,4,sup004,2025-02-01,6
txn07558,ing029,2025-02-11,PURCHASE_ORDER,4,sup004,2025-02-10,1
txn07590,ing029,2025-02-14,PURCHASE_ORDER,5,sup004,2025-02-10,4
txn07648,ing029,2025-02-20,PURCHASE_ORDER,4,sup004,2025-02-17,3
txn07683,ing029,2025-02-23,PURCHASE_ORDER,5,sup004,2025-02-17,6
txn07716,ing029,2025-02-26,PURCHASE_ORDER,5,sup004,2025-02-23,3
txn07756,ing029,2025-03-02,PURCHASE_ORDER,5,sup004,2025-03-01,1
txn07797,ing029,2025-03-06,PURCHASE_ORDER,4,sup004,2025-03-05,1
txn07825,ing029,2025-03-09,PURCHASE_ORDER,4,sup004,2025-03-05,4
txn07867,ing029,2025-03-12,PURCHASE_ORDER,4,sup004,2025-03-09,3
txn07899,ing029,2025-03-15,PURCHASE_ORDER,5,sup004,2025-03-12,3
txn07933,ing029,2025-03-18,PURCHASE_ORDER,4,sup004,2025-03-15,3
txn07993,ing029,2025-03-24,PURCHASE_ORDER,4,sup004,2025-03-21,3
txn08033,ing029,2025-03-27,PURCHASE_ORDER,4,sup004,2025-03-21,6
txn08063,ing029,2025-03-30,PURCHASE_ORDER,5,sup004,2025-03-27,3
txn08095,ing029,2025-04-02,PURCHASE_ORDER,4,sup004,2025-03-30,3
txn08131,ing029,2025-04-05,PURCHASE_ORDER,4,sup004,2025-04-02,3
txn08175,ing029,2025-04-09,PURCHASE_ORDER,4,sup004,2025-04-08,1
txn08215,ing029,2025-04-14,PURCHASE_ORDER,4,sup004,2025-04-12,2
txn08266,ing029,2025-04-19,PURCHASE_ORDER,4,sup004,2025-04-17,2
txn08319,ing029,2025-04-24,PURCHASE_ORDER,4,sup004,2025-04-22,2
txn08356,ing029,2025-04-28,PURCHASE_ORDER,4,sup004,2025-04-27,1
txn08409,ing029,2025-05-04,PURCHASE_ORDER,5,sup004,2025-05-01,3
txn08448,ing029,2025-05-08,PURCHASE_ORDER,5,sup004,2025-05-07,1
txn08474,ing029,2025-05-11,PURCHASE_ORDER,5,sup004,2025-05-07,4
txn08503,ing029,2025-05-14,PURCHASE_ORDER,5,sup004,2025-05-11,3
txn08555,ing029,2025-05-19,PURCHASE_ORDER,4,sup004,2025-05-17,2
txn08592,ing029,2025-05-22,PURCHASE_ORDER,6,sup004,2025-05-17,5
txn08619,ing029,2025-05-25,PURCHASE_ORDER,4,sup004,2025-05-22,3
txn08656,ing029,2025-05-29,PURCHASE_ORDER,4,sup004,2025-05-28,1
txn08683,ing029,2025-06-01,PURCHASE_ORDER,5,sup004,2025-05-28,4
txn08728,ing029,2025-06-05,PURCHASE_ORDER,4,sup004,2025-06-04,1
txn08786,ing029,2025-06-10,PURCHASE_ORDER,5,sup004,2025-06-08,2
txn08821,ing029,2025-06-14,PURCHASE_ORDER,4,sup004,2025-06-13,1
txn08857,ing029,2025-06-18,PURCHASE_ORDER,4,sup004,2025-06-17,1
txn08908,ing029,2025-06-23,PURCHASE_ORDER,4,sup004,2025-06-21,2
txn08945,ing029,2025-06-27,PURCHASE_ORDER,4,sup004,2025-06-26,1
txn08997,ing029,2025-07-02,PURCHASE_ORDER,5,sup004,2025-06-30,2
txn09045,ing029,2025-07-07,PURCHASE_ORDER,6,sup004,2025-07-05,2
txn09086,ing029,2025-07-11,PURCHASE_ORDER,4,sup004,2025-07-10,1
txn09121,ing029,2025-07-14,PURCHASE_ORDER,5,sup004,2025-07-10,4
txn09151,ing029,2025-07-17,PURCHASE_ORDER,5,sup004,2025-07-14,3
txn09183,ing029,2025-07-20,PURCHASE_ORDER,4,sup004,2025-07-17,3
txn09220,ing029,2025-07-23,PURCHASE_ORDER,4,sup004,2025-07-20,3
txn09267,ing029,2025-07-27,PURCHASE_ORDER,4,sup004,2025-07-26,1
txn09296,ing029,2025-07-30,PURCHASE_ORDER,4,sup004,2025-07-26,4
txn09333,ing029,2025-08-03,PURCHASE_ORDER,4,sup004,2025-08-02,1
txn09366,ing029,2025-08-06,PURCHASE_ORDER,5,sup004,2025-08-02,4
txn09418,ing029,2025-08-11,PURCHASE_ORDER,4,sup004,2025-08-09,2
txn09451,ing029,2025-08-14,PURCHASE_ORDER,4,sup004,2025-08-09,5
txn09486,ing029,2025-08-17,PURCHASE_ORDER,4,sup004,2025-08-14,3
txn09548,ing029,2025-08-22,PURCHASE_ORDER,4,sup004,2025-08-20,2
txn09602,ing029,2025-08-27,PURCHASE_ORDER,4,sup004,2025-08-25,2
txn09641,ing029,2025-08-31,PURCHASE_ORDER,4,sup004,2025-08-30,1
txn09703,ing029,2025-09-06,PURCHASE_ORDER,5,sup004,2025-09-03,3
txn09733,ing029,2025-09-09,PURCHASE_ORDER,5,sup004,2025-09-03,6
txn09760,ing029,2025-09-12,PURCHASE_ORDER,4,sup004,2025-09-09,3
txn09784,ing029,2025-09-15,PURCHASE_ORDER,4,sup004,2025-09-12,3
txn09822,ing029,2025-09-18,PURCHASE_ORDER,4,sup004,2025-09-15,3
txn09882,ing029,2025-09-23,PURCHASE_ORDER,4,sup004,2025-09-21,2
txn09914,ing029,2025-09-27,PURCHASE_ORDER,5,sup004,2025-09-26,1
txn09961,ing029,2025-10-01,PURCHASE_ORDER,4,sup004,2025-09-30,1
txn10000,ing029,2025-10-05,PURCHASE_ORDER,4,sup004,2025-10-04,1
txn10045,ing029,2025-10-09,PURCHASE_ORDER,5,sup004,2025-10-08,1
txn10074,ing029,2025-10-12,PURCHASE_ORDER,4,sup004,2025-10-08,4
txn10135,ing029,2025-10-17,PURCHASE_ORDER,5,sup004,2025-10-15,2
txn10169,ing029,2025-10-20,PURCHASE_ORDER,5,sup004,2025-10-15,5
txn10199,ing029,2025-10-23,PURCHASE_ORDER,4,sup004,2025-10-20,3
txn00264,ing030,2023-03-17,PURCHASE_ORDER,10,sup002,2023-03-04,13
txn00485,ing030,2023-04-06,PURCHASE_ORDER,10,sup005,2023-03-22,15
txn00657,ing030,2023-04-22,PURCHASE_ORDER,10,sup005,2023-04-09,13
txn00869,ing030,2023-05-13,PURCHASE_ORDER,10,sup005,2023-04-25,18
txn01037,ing030,2023-05-30,PURCHASE_ORDER,11,sup002,2023-05-16,14
txn01266,ing030,2023-06-19,PURCHASE_ORDER,10,sup002,2023-06-04,15
txn01457,ing030,2023-07-08,PURCHASE_ORDER,10,sup002,2023-06-24,14
txn01572,ing030,2023-07-17,PURCHASE_ORDER,10,sup008,2023-07-13,4
txn01720,ing030,2023-07-31,PURCHASE_ORDER,10,sup008,2023-07-21,10
txn01927,ing030,2023-08-20,PURCHASE_ORDER,11,sup002,2023-08-04,16
txn02068,ing030,2023-09-02,PURCHASE_ORDER,11,sup002,2023-08-25,8
txn02238,ing030,2023-09-18,PURCHASE_ORDER,10,sup002,2023-09-07,11
txn02446,ing030,2023-10-07,PURCHASE_ORDER,10,sup005,2023-09-23,14
txn02594,ing030,2023-10-21,PURCHASE_ORDER,10,sup008,2023-10-10,11
txn02735,ing030,2023-11-03,PURCHASE_ORDER,10,sup005,2023-10-25,9
txn02881,ing030,2023-11-18,PURCHASE_ORDER,10,sup008,2023-11-06,12
txn02962,ing030,2023-11-26,PURCHASE_ORDER,10,sup008,2023-11-22,4
txn03139,ing030,2023-12-11,PURCHASE_ORDER,10,sup008,2023-11-30,11
txn03294,ing030,2023-12-26,PURCHASE_ORDER,10,sup002,2023-12-15,11
txn03430,ing030,2024-01-08,PURCHASE_ORDER,10,sup005,2023-12-31,8
txn03528,ing030,2024-01-17,PURCHASE_ORDER,10,sup002,2024-01-11,6
txn03684,ing030,2024-01-31,PURCHASE_ORDER,11,sup002,2024-01-22,9
txn03801,ing030,2024-02-12,PURCHASE_ORDER,12,sup005,2024-02-05,7
txn04061,ing030,2024-03-07,PURCHASE_ORDER,11,sup005,2024-02-15,21
txn04265,ing030,2024-03-26,PURCHASE_ORDER,11,sup002,2024-03-10,16
txn04407,ing030,2024-04-08,PURCHASE_ORDER,10,sup008,2024-03-31,8
txn04528,ing030,2024-04-20,PURCHASE_ORDER,11,sup002,2024-04-12,8
txn04778,ing030,2024-05-14,PURCHASE_ORDER,10,sup002,2024-04-25,19
txn04930,ing030,2024-05-28,PURCHASE_ORDER,11,sup002,2024-05-19,9
txn05084,ing030,2024-06-13,PURCHASE_ORDER,11,sup008,2024-06-02,11
txn05226,ing030,2024-06-26,PURCHASE_ORDER,10,sup002,2024-06-17,9
txn05402,ing030,2024-07-13,PURCHASE_ORDER,10,sup008,2024-07-01,12
txn05589,ing030,2024-08-01,PURCHASE_ORDER,11,sup008,2024-07-17,15
txn05733,ing030,2024-08-15,PURCHASE_ORDER,10,sup008,2024-08-05,10
txn05921,ing030,2024-09-02,PURCHASE_ORDER,10,sup008,2024-08-19,14
txn06068,ing030,2024-09-18,PURCHASE_ORDER,10,sup008,2024-09-06,12
txn06235,ing030,2024-10-04,PURCHASE_ORDER,10,sup005,2024-09-22,12
txn06466,ing030,2024-10-27,PURCHASE_ORDER,11,sup005,2024-10-07,20
txn06619,ing030,2024-11-12,PURCHASE_ORDER,10,sup002,2024-10-30,13
txn06806,ing030,2024-12-01,PURCHASE_ORDER,11,sup002,2024-11-17,14
txn06935,ing030,2024-12-14,PURCHASE_ORDER,10,sup008,2024-12-06,8
txn07005,ing030,2024-12-22,PURCHASE_ORDER,10,sup002,2024-12-18,4
txn07112,ing030,2025-01-01,PURCHASE_ORDER,10,sup002,2024-12-27,5
txn07300,ing030,2025-01-19,PURCHASE_ORDER,10,sup005,2025-01-06,13
txn07429,ing030,2025-01-30,PURCHASE_ORDER,10,sup005,2025-01-22,8
txn07559,ing030,2025-02-11,PURCHASE_ORDER,10,sup008,2025-02-02,9
txn07695,ing030,2025-02-24,PURCHASE_ORDER,11,sup002,2025-02-15,9
txn07868,ing030,2025-03-12,PURCHASE_ORDER,10,sup008,2025-03-01,11
txn08064,ing030,2025-03-30,PURCHASE_ORDER,10,sup002,2025-03-16,14
txn08190,ing030,2025-04-11,PURCHASE_ORDER,10,sup002,2025-04-04,7
txn08320,ing030,2025-04-24,PURCHASE_ORDER,10,sup008,2025-04-16,8
txn08449,ing030,2025-05-08,PURCHASE_ORDER,10,sup008,2025-04-28,10
txn08641,ing030,2025-05-27,PURCHASE_ORDER,11,sup005,2025-05-12,15
txn08741,ing030,2025-06-06,PURCHASE_ORDER,10,sup008,2025-05-30,7
txn08871,ing030,2025-06-19,PURCHASE_ORDER,11,sup005,2025-06-10,9
txn09053,ing030,2025-07-08,PURCHASE_ORDER,10,sup002,2025-06-22,16
txn09184,ing030,2025-07-20,PURCHASE_ORDER,10,sup008,2025-07-13,7
txn09395,ing030,2025-08-09,PURCHASE_ORDER,10,sup002,2025-07-24,16
txn09536,ing030,2025-08-21,PURCHASE_ORDER,10,sup008,2025-08-14,7
txn09650,ing030,2025-09-01,PURCHASE_ORDER,10,sup002,2025-08-25,7
txn09785,ing030,2025-09-15,PURCHASE_ORDER,10,sup002,2025-09-06,9
txn09915,ing030,2025-09-27,PURCHASE_ORDER,10,sup005,2025-09-20,7
txn10075,ing030,2025-10-12,PURCHASE_ORDER,10,sup008,2025-09-30,12
txn10215,ing030,2025-10-25,PURCHASE_ORDER,10,sup002,2025-10-16,9
txn03619,ing031,2024-01-25,PURCHASE_ORDER,4,sup003,2023-09-03,144
txn04408,ing031,2024-04-08,PURCHASE_ORDER,4,sup003,2024-01-28,71
txn05756,ing031,2024-08-17,PURCHASE_ORDER,4,sup003,2024-04-11,128
txn07374,ing031,2025-01-25,PURCHASE_ORDER,4,sup003,2024-08-20,158
txn08804,ing031,2025-06-12,PURCHASE_ORDER,4,sup003,2025-01-28,135
txn00305,ing032,2023-03-21,PURCHASE_ORDER,9,sup004,2023-03-03,18
txn00436,ing032,2023-04-02,PURCHASE_ORDER,9,sup007,2023-03-25,8
txn00630,ing032,2023-04-20,PURCHASE_ORDER,9,sup002,2023-04-04,16
txn00720,ing032,2023-04-29,PURCHASE_ORDER,9,sup004,2023-04-22,7
txn00870,ing032,2023-05-13,PURCHASE_ORDER,9,sup004,2023-05-03,10
txn01077,ing032,2023-06-02,PURCHASE_ORDER,9,sup004,2023-05-17,16
txn01240,ing032,2023-06-17,PURCHASE_ORDER,9,sup004,2023-06-06,11
txn01382,ing032,2023-06-30,PURCHASE_ORDER,9,sup007,2023-06-21,9
txn01573,ing032,2023-07-17,PURCHASE_ORDER,9,sup002,2023-07-02,15
txn01698,ing032,2023-07-29,PURCHASE_ORDER,10,sup007,2023-07-19,10
txn01810,ing032,2023-08-08,PURCHASE_ORDER,9,sup002,2023-07-31,8
txn02013,ing032,2023-08-28,PURCHASE_ORDER,9,sup004,2023-08-10,18
txn02108,ing032,2023-09-06,PURCHASE_ORDER,9,sup002,2023-09-01,5
txn02245,ing032,2023-09-19,PURCHASE_ORDER,9,sup007,2023-09-08,11
txn02399,ing032,2023-10-03,PURCHASE_ORDER,9,sup002,2023-09-21,12
txn02512,ing032,2023-10-13,PURCHASE_ORDER,9,sup007,2023-10-05,8
txn02678,ing032,2023-10-29,PURCHASE_ORDER,9,sup004,2023-10-15,14
txn02820,ing032,2023-11-12,PURCHASE_ORDER,9,sup007,2023-11-02,10
txn02971,ing032,2023-11-27,PURCHASE_ORDER,9,sup004,2023-11-14,13
txn03124,ing032,2023-12-10,PURCHASE_ORDER,10,sup002,2023-12-01,9
txn03259,ing032,2023-12-23,PURCHASE_ORDER,9,sup002,2023-12-12,11
txn03431,ing032,2024-01-08,PURCHASE_ORDER,9,sup004,2023-12-25,14
txn03551,ing032,2024-01-19,PURCHASE_ORDER,9,sup007,2024-01-12,7
txn03685,ing032,2024-01-31,PURCHASE_ORDER,9,sup004,2024-01-21,10
txn03890,ing032,2024-02-19,PURCHASE_ORDER,9,sup002,2024-02-04,15
txn04007,ing032,2024-03-02,PURCHASE_ORDER,9,sup002,2024-02-21,10
txn04123,ing032,2024-03-13,PURCHASE_ORDER,9,sup004,2024-03-04,9
txn04210,ing032,2024-03-21,PURCHASE_ORDER,9,sup002,2024-03-17,4
txn04470,ing032,2024-04-14,PURCHASE_ORDER,9,sup004,2024-03-23,22
txn04638,ing032,2024-04-30,PURCHASE_ORDER,11,sup004,2024-04-18,12
txn04806,ing032,2024-05-16,PURCHASE_ORDER,9,sup007,2024-05-04,12
txn04957,ing032,2024-05-31,PURCHASE_ORDER,9,sup002,2024-05-18,13
txn05157,ing032,2024-06-19,PURCHASE_ORDER,9,sup004,2024-06-02,17
txn05428,ing032,2024-07-16,PURCHASE_ORDER,9,sup004,2024-06-23,23
txn05663,ing032,2024-08-08,PURCHASE_ORDER,9,sup002,2024-07-20,19
txn05818,ing032,2024-08-22,PURCHASE_ORDER,9,sup002,2024-08-10,12
txn06010,ing032,2024-09-12,PURCHASE_ORDER,9,sup002,2024-08-24,19
txn06182,ing032,2024-09-29,PURCHASE_ORDER,9,sup002,2024-09-14,15
txn06334,ing032,2024-10-15,PURCHASE_ORDER,9,sup004,2024-10-01,14
txn06554,ing032,2024-11-05,PURCHASE_ORDER,9,sup004,2024-10-19,17
txn06672,ing032,2024-11-17,PURCHASE_ORDER,9,sup002,2024-11-09,8
txn06844,ing032,2024-12-05,PURCHASE_ORDER,9,sup007,2024-11-19,16
txn06949,ing032,2024-12-16,PURCHASE_ORDER,9,sup004,2024-12-07,9
txn07069,ing032,2024-12-28,PURCHASE_ORDER,9,sup004,2024-12-20,8
txn07206,ing032,2025-01-10,PURCHASE_ORDER,9,sup002,2025-01-01,9
txn07338,ing032,2025-01-22,PURCHASE_ORDER,9,sup004,2025-01-12,10
txn07503,ing032,2025-02-06,PURCHASE_ORDER,9,sup004,2025-01-26,11
txn07684,ing032,2025-02-23,PURCHASE_ORDER,9,sup002,2025-02-10,13
txn07869,ing032,2025-03-12,PURCHASE_ORDER,9,sup002,2025-02-25,15
txn08163,ing032,2025-04-08,PURCHASE_ORDER,9,sup002,2025-03-14,25
txn08372,ing032,2025-04-30,PURCHASE_ORDER,9,sup004,2025-04-10,20
txn08504,ing032,2025-05-14,PURCHASE_ORDER,10,sup007,2025-05-04,10
txn08627,ing032,2025-05-26,PURCHASE_ORDER,9,sup007,2025-05-16,10
txn08814,ing032,2025-06-13,PURCHASE_ORDER,9,sup002,2025-05-28,16
txn08923,ing032,2025-06-25,PURCHASE_ORDER,9,sup007,2025-06-15,10
txn09127,ing032,2025-07-15,PURCHASE_ORDER,9,sup004,2025-06-27,18
txn09289,ing032,2025-07-29,PURCHASE_ORDER,9,sup002,2025-07-19,10
txn09376,ing032,2025-08-07,PURCHASE_ORDER,9,sup004,2025-07-31,7
txn09578,ing032,2025-08-25,PURCHASE_ORDER,9,sup004,2025-08-11,14
txn09778,ing032,2025-09-14,PURCHASE_ORDER,9,sup007,2025-08-29,16
txn09962,ing032,2025-10-01,PURCHASE_ORDER,9,sup007,2025-09-16,15
txn10120,ing032,2025-10-16,PURCHASE_ORDER,9,sup004,2025-10-03,13
txn01383,ing033,2023-06-30,PURCHASE_ORDER,6,sup006,2023-05-09,52
txn01928,ing033,2023-08-20,PURCHASE_ORDER,6,sup006,2023-07-03,48
txn02821,ing033,2023-11-12,PURCHASE_ORDER,6,sup006,2023-08-23,81
txn04041,ing033,2024-03-05,PURCHASE_ORDER,6,sup006,2023-11-15,111
txn05131,ing033,2024-06-17,PURCHASE_ORDER,6,sup006,2024-03-08,101
txn06609,ing033,2024-11-11,PURCHASE_ORDER,6,sup006,2024-06-20,144
txn07430,ing033,2025-01-30,PURCHASE_ORDER,6,sup006,2024-11-14,77
txn08475,ing033,2025-05-11,PURCHASE_ORDER,6,sup006,2025-02-02,98
txn09354,ing033,2025-08-05,PURCHASE_ORDER,6,sup006,2025-05-14,83
txn09367,ing034,2025-08-06,PURCHASE_ORDER,6,sup006,2024-05-03,460
txn00289,ing035,2023-03-20,PURCHASE_ORDER,13,sup001,2023-03-07,13
txn00559,ing035,2023-04-13,PURCHASE_ORDER,13,sup001,2023-03-23,21
txn00735,ing035,2023-04-30,PURCHASE_ORDER,14,sup001,2023-04-16,14
txn00890,ing035,2023-05-15,PURCHASE_ORDER,13,sup005,2023-05-03,12
txn01091,ing035,2023-06-03,PURCHASE_ORDER,13,sup001,2023-05-18,16
txn01286,ing035,2023-06-21,PURCHASE_ORDER,13,sup001,2023-06-06,15
txn01510,ing035,2023-07-12,PURCHASE_ORDER,13,sup001,2023-06-24,18
txn01721,ing035,2023-07-31,PURCHASE_ORDER,13,sup005,2023-07-15,16
txn01879,ing035,2023-08-15,PURCHASE_ORDER,13,sup001,2023-08-03,12
txn02192,ing035,2023-09-13,PURCHASE_ORDER,13,sup005,2023-08-18,26
txn02447,ing035,2023-10-07,PURCHASE_ORDER,14,sup001,2023-09-16,21
txn02671,ing035,2023-10-28,PURCHASE_ORDER,13,sup005,2023-10-10,18
txn02847,ing035,2023-11-15,PURCHASE_ORDER,13,sup001,2023-10-31,15
txn03042,ing035,2023-12-03,PURCHASE_ORDER,13,sup001,2023-11-18,15
txn03346,ing035,2023-12-31,PURCHASE_ORDER,13,sup005,2023-12-06,25
txn03640,ing035,2024-01-27,PURCHASE_ORDER,13,sup001,2024-01-03,24
txn03814,ing035,2024-02-13,PURCHASE_ORDER,13,sup001,2024-01-30,14
txn04187,ing035,2024-03-19,PURCHASE_ORDER,13,sup001,2024-02-16,32
txn04435,ing035,2024-04-11,PURCHASE_ORDER,13,sup005,2024-03-22,20
txn04676,ing035,2024-05-04,PURCHASE_ORDER,13,sup005,2024-04-14,20
txn04883,ing035,2024-05-24,PURCHASE_ORDER,13,sup005,2024-05-07,17
txn05158,ing035,2024-06-19,PURCHASE_ORDER,13,sup001,2024-05-27,23
txn05335,ing035,2024-07-07,PURCHASE_ORDER,13,sup005,2024-06-22,15
txn05647,ing035,2024-08-06,PURCHASE_ORDER,13,sup001,2024-07-10,27
txn05825,ing035,2024-08-23,PURCHASE_ORDER,13,sup001,2024-08-09,14
txn06143,ing035,2024-09-25,PURCHASE_ORDER,13,sup005,2024-08-26,30
txn06324,ing035,2024-10-14,PURCHASE_ORDER,13,sup005,2024-09-28,16
txn06509,ing035,2024-11-01,PURCHASE_ORDER,13,sup005,2024-10-17,15
txn06739,ing035,2024-11-24,PURCHASE_ORDER,13,sup001,2024-11-04,20
txn06889,ing035,2024-12-10,PURCHASE_ORDER,13,sup001,2024-11-27,13
txn07091,ing035,2024-12-30,PURCHASE_ORDER,13,sup005,2024-12-13,17
txn07280,ing035,2025-01-17,PURCHASE_ORDER,13,sup001,2025-01-02,15
txn07431,ing035,2025-01-30,PURCHASE_ORDER,13,sup005,2025-01-20,10
txn07604,ing035,2025-02-16,PURCHASE_ORDER,13,sup005,2025-02-02,14
txn07778,ing035,2025-03-04,PURCHASE_ORDER,13,sup001,2025-02-19,13
txn07963,ing035,2025-03-21,PURCHASE_ORDER,13,sup005,2025-03-07,14
txn08208,ing035,2025-04-13,PURCHASE_ORDER,13,sup005,2025-03-24,20
txn08334,ing035,2025-04-26,PURCHASE_ORDER,13,sup005,2025-04-16,10
txn08574,ing035,2025-05-21,PURCHASE_ORDER,13,sup005,2025-04-29,22
txn08767,ing035,2025-06-08,PURCHASE_ORDER,13,sup005,2025-05-24,15
txn08976,ing035,2025-06-30,PURCHASE_ORDER,13,sup001,2025-06-11,19
txn09160,ing035,2025-07-18,PURCHASE_ORDER,13,sup001,2025-07-03,15
txn09368,ing035,2025-08-06,PURCHASE_ORDER,13,sup001,2025-07-21,16
txn09608,ing035,2025-08-28,PURCHASE_ORDER,14,sup001,2025-08-09,19
txn09766,ing035,2025-09-13,PURCHASE_ORDER,14,sup001,2025-08-31,13
txn10033,ing035,2025-10-08,PURCHASE_ORDER,13,sup001,2025-09-16,22
txn01902,ing036,2023-08-18,PURCHASE_ORDER,8,sup007,2023-05-05,105
txn02364,ing036,2023-09-30,PURCHASE_ORDER,8,sup002,2023-08-22,39
txn02796,ing036,2023-11-10,PURCHASE_ORDER,8,sup007,2023-10-03,38
txn04253,ing036,2024-03-25,PURCHASE_ORDER,8,sup002,2023-11-14,132
txn04556,ing036,2024-04-23,PURCHASE_ORDER,8,sup007,2024-03-28,26
txn05309,ing036,2024-07-05,PURCHASE_ORDER,8,sup002,2024-04-27,69
txn05543,ing036,2024-07-27,PURCHASE_ORDER,8,sup007,2024-07-08,19
txn07261,ing036,2025-01-15,PURCHASE_ORDER,8,sup007,2024-07-31,168
txn07934,ing036,2025-03-18,PURCHASE_ORDER,8,sup002,2025-01-19,58
txn08505,ing036,2025-05-14,PURCHASE_ORDER,8,sup007,2025-03-21,54
txn09033,ing036,2025-07-06,PURCHASE_ORDER,8,sup007,2025-05-18,49
txn09523,ing036,2025-08-20,PURCHASE_ORDER,8,sup007,2025-07-10,41
txn00191,ing037,2023-03-10,PURCHASE_ORDER,8,sup007,2023-03-05,5
txn00437,ing037,2023-04-02,PURCHASE_ORDER,8,sup002,2023-03-12,21
txn00667,ing037,2023-04-23,PURCHASE_ORDER,8,sup007,2023-04-05,18
txn00801,ing037,2023-05-06,PURCHASE_ORDER,8,sup002,2023-04-25,11
txn00927,ing037,2023-05-19,PURCHASE_ORDER,8,sup002,2023-05-09,10
txn01078,ing037,2023-06-02,PURCHASE_ORDER,8,sup007,2023-05-22,11
txn01233,ing037,2023-06-16,PURCHASE_ORDER,8,sup002,2023-06-04,12
txn01368,ing037,2023-06-29,PURCHASE_ORDER,8,sup002,2023-06-19,10
txn01499,ing037,2023-07-11,PURCHASE_ORDER,8,sup002,2023-07-02,9
txn01656,ing037,2023-07-25,PURCHASE_ORDER,8,sup007,2023-07-14,11
txn01811,ing037,2023-08-08,PURCHASE_ORDER,8,sup002,2023-07-27,12
txn01998,ing037,2023-08-27,PURCHASE_ORDER,8,sup002,2023-08-11,16
txn02100,ing037,2023-09-05,PURCHASE_ORDER,8,sup002,2023-08-30,6
txn02209,ing037,2023-09-15,PURCHASE_ORDER,8,sup007,2023-09-08,7
txn02400,ing037,2023-10-03,PURCHASE_ORDER,8,sup002,2023-09-17,16
txn02560,ing037,2023-10-18,PURCHASE_ORDER,9,sup002,2023-10-06,12
txn02762,ing037,2023-11-06,PURCHASE_ORDER,8,sup002,2023-10-21,16
txn02930,ing037,2023-11-23,PURCHASE_ORDER,8,sup002,2023-11-09,14
txn03125,ing037,2023-12-10,PURCHASE_ORDER,8,sup002,2023-11-26,14
txn03246,ing037,2023-12-22,PURCHASE_ORDER,8,sup002,2023-12-13,9
txn03432,ing037,2024-01-08,PURCHASE_ORDER,8,sup002,2023-12-25,14
txn03559,ing037,2024-01-20,PURCHASE_ORDER,8,sup007,2024-01-11,9
txn03664,ing037,2024-01-29,PURCHASE_ORDER,8,sup007,2024-01-22,7
txn03837,ing037,2024-02-15,PURCHASE_ORDER,8,sup007,2024-01-31,15
txn03992,ing037,2024-03-01,PURCHASE_ORDER,8,sup007,2024-02-17,13
txn04158,ing037,2024-03-16,PURCHASE_ORDER,8,sup002,2024-03-03,13
txn04300,ing037,2024-03-29,PURCHASE_ORDER,8,sup002,2024-03-19,10
txn04418,ing037,2024-04-09,PURCHASE_ORDER,8,sup007,2024-04-01,8
txn04497,ing037,2024-04-17,PURCHASE_ORDER,8,sup007,2024-04-11,6
txn04591,ing037,2024-04-26,PURCHASE_ORDER,8,sup002,2024-04-19,7
txn04733,ing037,2024-05-10,PURCHASE_ORDER,9,sup007,2024-04-29,11
txn04943,ing037,2024-05-30,PURCHASE_ORDER,8,sup007,2024-05-12,18
txn05119,ing037,2024-06-16,PURCHASE_ORDER,8,sup002,2024-06-01,15
txn05310,ing037,2024-07-05,PURCHASE_ORDER,8,sup002,2024-06-19,16
txn05441,ing037,2024-07-17,PURCHASE_ORDER,8,sup002,2024-07-08,9
txn05544,ing037,2024-07-27,PURCHASE_ORDER,8,sup007,2024-07-20,7
txn05664,ing037,2024-08-08,PURCHASE_ORDER,8,sup002,2024-07-29,10
txn05734,ing037,2024-08-15,PURCHASE_ORDER,8,sup002,2024-08-11,4
txn05979,ing037,2024-09-08,PURCHASE_ORDER,8,sup002,2024-08-18,21
txn06097,ing037,2024-09-21,PURCHASE_ORDER,8,sup007,2024-09-11,10
txn06258,ing037,2024-10-07,PURCHASE_ORDER,8,sup002,2024-09-23,14
txn06411,ing037,2024-10-22,PURCHASE_ORDER,8,sup002,2024-10-10,12
txn06582,ing037,2024-11-08,PURCHASE_ORDER,8,sup007,2024-10-25,14
txn06763,ing037,2024-11-27,PURCHASE_ORDER,8,sup007,2024-11-10,17
txn06962,ing037,2024-12-17,PURCHASE_ORDER,8,sup007,2024-11-29,18
txn07126,ing037,2025-01-02,PURCHASE_ORDER,8,sup007,2024-12-19,14
txn07291,ing037,2025-01-18,PURCHASE_ORDER,8,sup007,2025-01-04,14
txn07432,ing037,2025-01-30,PURCHASE_ORDER,8,sup002,2025-01-20,10
txn07546,ing037,2025-02-10,PURCHASE_ORDER,8,sup002,2025-02-02,8
txn07662,ing037,2025-02-21,PURCHASE_ORDER,8,sup002,2025-02-13,8
txn07850,ing037,2025-03-11,PURCHASE_ORDER,8,sup002,2025-02-24,15
txn07980,ing037,2025-03-23,PURCHASE_ORDER,8,sup002,2025-03-14,9
txn08132,ing037,2025-04-05,PURCHASE_ORDER,8,sup007,2025-03-26,10
txn08286,ing037,2025-04-21,PURCHASE_ORDER,8,sup002,2025-04-07,14
txn08466,ing037,2025-05-10,PURCHASE_ORDER,8,sup007,2025-04-24,16
txn08575,ing037,2025-05-21,PURCHASE_ORDER,8,sup002,2025-05-12,9
txn08693,ing037,2025-06-02,PURCHASE_ORDER,9,sup007,2025-05-24,9
txn08851,ing037,2025-06-17,PURCHASE_ORDER,8,sup002,2025-06-04,13
txn08946,ing037,2025-06-27,PURCHASE_ORDER,8,sup007,2025-06-20,7
txn09046,ing037,2025-07-07,PURCHASE_ORDER,8,sup007,2025-06-29,8
txn09213,ing037,2025-07-22,PURCHASE_ORDER,9,sup002,2025-07-09,13
txn09340,ing037,2025-08-04,PURCHASE_ORDER,8,sup002,2025-07-25,10
txn09471,ing037,2025-08-16,PURCHASE_ORDER,8,sup002,2025-08-07,9
txn09609,ing037,2025-08-28,PURCHASE_ORDER,8,sup002,2025-08-19,9
txn09742,ing037,2025-09-10,PURCHASE_ORDER,8,sup007,2025-08-31,10
txn09883,ing037,2025-09-23,PURCHASE_ORDER,8,sup007,2025-09-12,11
txn09992,ing037,2025-10-04,PURCHASE_ORDER,8,sup007,2025-09-25,9
txn10104,ing037,2025-10-15,PURCHASE_ORDER,8,sup002,2025-10-06,9
txn04581,ing038,2024-04-25,PURCHASE_ORDER,6,sup007,2024-01-11,105
txn06882,ing038,2024-12-09,PURCHASE_ORDER,6,sup007,2024-04-28,225
txn10054,ing038,2025-10-10,PURCHASE_ORDER,6,sup007,2024-12-12,302
txn00171,ing040,2023-03-08,PURCHASE_ORDER,6,sup001,2023-03-01,7
txn00290,ing040,2023-03-20,PURCHASE_ORDER,6,sup003,2023-03-11,9
txn00405,ing040,2023-03-30,PURCHASE_ORDER,6,sup003,2023-03-23,7
txn00541,ing040,2023-04-11,PURCHASE_ORDER,6,sup005,2023-04-02,9
txn00631,ing040,2023-04-20,PURCHASE_ORDER,6,sup003,2023-04-15,5
txn00746,ing040,2023-05-01,PURCHASE_ORDER,6,sup003,2023-04-23,8
txn00836,ing040,2023-05-09,PURCHASE_ORDER,6,sup001,2023-05-04,5
txn00902,ing040,2023-05-16,PURCHASE_ORDER,6,sup005,2023-05-12,4
txn00980,ing040,2023-05-24,PURCHASE_ORDER,6,sup003,2023-05-20,4
txn01123,ing040,2023-06-06,PURCHASE_ORDER,6,sup001,2023-05-27,10
txn01329,ing040,2023-06-25,PURCHASE_ORDER,6,sup003,2023-06-09,16
txn01482,ing040,2023-07-10,PURCHASE_ORDER,7,sup005,2023-06-28,12
txn01620,ing040,2023-07-22,PURCHASE_ORDER,7,sup001,2023-07-14,8
txn01786,ing040,2023-08-06,PURCHASE_ORDER,6,sup003,2023-07-25,12
txn01966,ing040,2023-08-24,PURCHASE_ORDER,6,sup001,2023-08-09,15
txn02041,ing040,2023-08-31,PURCHASE_ORDER,6,sup001,2023-08-27,4
txn02159,ing040,2023-09-10,PURCHASE_ORDER,6,sup001,2023-09-03,7
txn02239,ing040,2023-09-18,PURCHASE_ORDER,6,sup003,2023-09-13,5
txn02329,ing040,2023-09-27,PURCHASE_ORDER,6,sup005,2023-09-21,6
txn02543,ing040,2023-10-16,PURCHASE_ORDER,6,sup005,2023-10-01,15
txn02715,ing040,2023-11-01,PURCHASE_ORDER,7,sup003,2023-10-20,12
txn02791,ing040,2023-11-09,PURCHASE_ORDER,7,sup005,2023-11-04,5
txn02911,ing040,2023-11-21,PURCHASE_ORDER,6,sup003,2023-11-13,8
txn02985,ing040,2023-11-28,PURCHASE_ORDER,6,sup001,2023-11-24,4
txn03158,ing040,2023-12-13,PURCHASE_ORDER,6,sup003,2023-12-01,12
txn03282,ing040,2023-12-25,PURCHASE_ORDER,6,sup003,2023-12-16,9
txn03452,ing040,2024-01-10,PURCHASE_ORDER,6,sup003,2023-12-28,13
txn03596,ing040,2024-01-23,PURCHASE_ORDER,6,sup003,2024-01-13,10
txn03802,ing040,2024-02-12,PURCHASE_ORDER,6,sup005,2024-01-26,17
txn03911,ing040,2024-02-21,PURCHASE_ORDER,6,sup001,2024-02-16,5
txn03993,ing040,2024-03-01,PURCHASE_ORDER,6,sup001,2024-02-24,6
txn04159,ing040,2024-03-16,PURCHASE_ORDER,6,sup003,2024-03-04,12
txn04364,ing040,2024-04-04,PURCHASE_ORDER,7,sup005,2024-03-19,16
txn04665,ing040,2024-05-03,PURCHASE_ORDER,6,sup001,2024-04-08,25
txn04815,ing040,2024-05-17,PURCHASE_ORDER,6,sup005,2024-05-06,11
txn04884,ing040,2024-05-24,PURCHASE_ORDER,6,sup005,2024-05-21,3
txn05004,ing040,2024-06-05,PURCHASE_ORDER,6,sup005,2024-05-28,8
txn05297,ing040,2024-07-04,PURCHASE_ORDER,6,sup001,2024-06-09,25
txn05475,ing040,2024-07-20,PURCHASE_ORDER,6,sup003,2024-07-07,13
txn05612,ing040,2024-08-03,PURCHASE_ORDER,6,sup003,2024-07-23,11
txn05747,ing040,2024-08-16,PURCHASE_ORDER,6,sup001,2024-08-06,10
txn05826,ing040,2024-08-23,PURCHASE_ORDER,6,sup005,2024-08-19,4
txn06069,ing040,2024-09-18,PURCHASE_ORDER,6,sup001,2024-08-27,22
txn06183,ing040,2024-09-29,PURCHASE_ORDER,6,sup003,2024-09-21,8
txn06271,ing040,2024-10-08,PURCHASE_ORDER,6,sup001,2024-10-02,6
txn06433,ing040,2024-10-24,PURCHASE_ORDER,6,sup003,2024-10-11,13
txn06510,ing040,2024-11-01,PURCHASE_ORDER,6,sup005,2024-10-27,5
txn06637,ing040,2024-11-14,PURCHASE_ORDER,6,sup003,2024-11-05,9
txn06793,ing040,2024-11-30,PURCHASE_ORDER,6,sup003,2024-11-17,13
txn06991,ing040,2024-12-20,PURCHASE_ORDER,6,sup005,2024-12-03,17
txn07180,ing040,2025-01-07,PURCHASE_ORDER,6,sup005,2024-12-24,14
txn07349,ing040,2025-01-23,PURCHASE_ORDER,6,sup001,2025-01-11,12
txn07522,ing040,2025-02-08,PURCHASE_ORDER,6,sup003,2025-01-26,13
txn07636,ing040,2025-02-19,PURCHASE_ORDER,6,sup003,2025-02-11,8
txn07900,ing040,2025-03-15,PURCHASE_ORDER,6,sup005,2025-02-22,21
txn08109,ing040,2025-04-03,PURCHASE_ORDER,6,sup005,2025-03-19,15
txn08243,ing040,2025-04-17,PURCHASE_ORDER,6,sup003,2025-04-07,10
txn08365,ing040,2025-04-29,PURCHASE_ORDER,6,sup001,2025-04-20,9
txn08492,ing040,2025-05-13,PURCHASE_ORDER,6,sup003,2025-05-02,11
txn08729,ing040,2025-06-05,PURCHASE_ORDER,6,sup003,2025-05-16,20
txn08956,ing040,2025-06-28,PURCHASE_ORDER,6,sup005,2025-06-08,20
txn09140,ing040,2025-07-16,PURCHASE_ORDER,6,sup001,2025-07-02,14
txn09250,ing040,2025-07-25,PURCHASE_ORDER,6,sup003,2025-07-19,6
txn09408,ing040,2025-08-10,PURCHASE_ORDER,6,sup001,2025-07-28,13
txn09513,ing040,2025-08-19,PURCHASE_ORDER,6,sup003,2025-08-13,6
txn09712,ing040,2025-09-07,PURCHASE_ORDER,6,sup001,2025-08-22,16
txn09838,ing040,2025-09-19,PURCHASE_ORDER,6,sup001,2025-09-10,9
txn09977,ing040,2025-10-03,PURCHASE_ORDER,7,sup001,2025-09-22,11
txn10089,ing040,2025-10-13,PURCHASE_ORDER,6,sup001,2025-10-06,7
txn00192,ing042,2023-03-10,PURCHASE_ORDER,5,sup003,2023-03-06,4
txn00358,ing042,2023-03-26,PURCHASE_ORDER,5,sup006,2023-03-13,13
txn00489,ing042,2023-04-07,PURCHASE_ORDER,5,sup003,2023-03-30,8
txn00601,ing042,2023-04-17,PURCHASE_ORDER,5,sup006,2023-04-10,7
txn00755,ing042,2023-05-02,PURCHASE_ORDER,5,sup003,2023-04-21,11
txn00912,ing042,2023-05-17,PURCHASE_ORDER,5,sup003,2023-05-05,12
txn01038,ing042,2023-05-30,PURCHASE_ORDER,5,sup003,2023-05-20,10
txn01165,ing042,2023-06-10,PURCHASE_ORDER,5,sup003,2023-06-02,8
txn01287,ing042,2023-06-21,PURCHASE_ORDER,5,sup006,2023-06-13,8
txn01458,ing042,2023-07-08,PURCHASE_ORDER,5,sup003,2023-06-25,13
txn01708,ing042,2023-07-30,PURCHASE_ORDER,5,sup003,2023-07-11,19
txn01980,ing042,2023-08-25,PURCHASE_ORDER,5,sup003,2023-08-02,23
txn02069,ing042,2023-09-02,PURCHASE_ORDER,5,sup006,2023-08-28,5
txn02170,ing042,2023-09-11,PURCHASE_ORDER,5,sup003,2023-09-06,5
txn02255,ing042,2023-09-20,PURCHASE_ORDER,5,sup003,2023-09-14,6
txn02371,ing042,2023-10-01,PURCHASE_ORDER,5,sup006,2023-09-23,8
txn02500,ing042,2023-10-12,PURCHASE_ORDER,6,sup003,2023-10-05,7
txn02672,ing042,2023-10-28,PURCHASE_ORDER,5,sup003,2023-10-15,13
txn02810,ing042,2023-11-11,PURCHASE_ORDER,5,sup006,2023-10-31,11
txn02940,ing042,2023-11-24,PURCHASE_ORDER,5,sup006,2023-11-15,9
txn03216,ing042,2023-12-19,PURCHASE_ORDER,5,sup006,2023-11-28,21
txn03419,ing042,2024-01-07,PURCHASE_ORDER,5,sup006,2023-12-23,15
txn03573,ing042,2024-01-21,PURCHASE_ORDER,5,sup003,2024-01-11,10
txn03757,ing042,2024-02-07,PURCHASE_ORDER,5,sup006,2024-01-24,14
txn03876,ing042,2024-02-18,PURCHASE_ORDER,5,sup006,2024-02-11,7
txn04254,ing042,2024-03-25,PURCHASE_ORDER,5,sup003,2024-02-22,32
txn04436,ing042,2024-04-11,PURCHASE_ORDER,5,sup006,2024-03-28,14
txn04582,ing042,2024-04-25,PURCHASE_ORDER,5,sup006,2024-04-15,10
txn04709,ing042,2024-05-07,PURCHASE_ORDER,5,sup006,2024-04-29,8
txn04894,ing042,2024-05-25,PURCHASE_ORDER,5,sup003,2024-05-11,14
txn04978,ing042,2024-06-02,PURCHASE_ORDER,5,sup006,2024-05-28,5
txn05140,ing042,2024-06-18,PURCHASE_ORDER,5,sup003,2024-06-06,12
txn05311,ing042,2024-07-05,PURCHASE_ORDER,5,sup003,2024-06-21,14
txn05565,ing042,2024-07-29,PURCHASE_ORDER,5,sup003,2024-07-08,21
txn05768,ing042,2024-08-18,PURCHASE_ORDER,5,sup006,2024-08-01,17
txn05899,ing042,2024-08-31,PURCHASE_ORDER,5,sup006,2024-08-22,9
txn05986,ing042,2024-09-09,PURCHASE_ORDER,5,sup006,2024-09-04,5
txn06129,ing042,2024-09-24,PURCHASE_ORDER,5,sup003,2024-09-13,11
txn06380,ing042,2024-10-19,PURCHASE_ORDER,5,sup006,2024-09-27,22
txn06583,ing042,2024-11-08,PURCHASE_ORDER,5,sup003,2024-10-23,16
txn06710,ing042,2024-11-21,PURCHASE_ORDER,5,sup006,2024-11-11,10
txn06863,ing042,2024-12-07,PURCHASE_ORDER,5,sup006,2024-11-25,12
txn06978,ing042,2024-12-19,PURCHASE_ORDER,5,sup006,2024-12-11,8
txn07127,ing042,2025-01-02,PURCHASE_ORDER,5,sup003,2024-12-23,10
txn07281,ing042,2025-01-17,PURCHASE_ORDER,5,sup003,2025-01-05,12
txn07386,ing042,2025-01-26,PURCHASE_ORDER,5,sup003,2025-01-20,6
txn07567,ing042,2025-02-12,PURCHASE_ORDER,5,sup003,2025-01-29,14
txn07815,ing042,2025-03-08,PURCHASE_ORDER,5,sup003,2025-02-15,21
txn08018,ing042,2025-03-26,PURCHASE_ORDER,5,sup003,2025-03-11,15
txn08133,ing042,2025-04-05,PURCHASE_ORDER,5,sup006,2025-03-29,7
txn08346,ing042,2025-04-27,PURCHASE_ORDER,5,sup003,2025-04-09,18
txn08493,ing042,2025-05-13,PURCHASE_ORDER,6,sup006,2025-04-30,13
txn08730,ing042,2025-06-05,PURCHASE_ORDER,5,sup003,2025-05-17,19
txn08872,ing042,2025-06-19,PURCHASE_ORDER,5,sup003,2025-06-08,11
txn09095,ing042,2025-07-12,PURCHASE_ORDER,5,sup006,2025-06-22,20
txn09221,ing042,2025-07-23,PURCHASE_ORDER,5,sup003,2025-07-16,7
txn09386,ing042,2025-08-08,PURCHASE_ORDER,5,sup006,2025-07-26,13
txn09657,ing042,2025-09-02,PURCHASE_ORDER,5,sup006,2025-08-12,21
txn09798,ing042,2025-09-16,PURCHASE_ORDER,5,sup003,2025-09-06,10
txn09950,ing042,2025-09-30,PURCHASE_ORDER,5,sup006,2025-09-19,11
txn10153,ing042,2025-10-19,PURCHASE_ORDER,5,sup003,2025-10-04,15
txn00736,ing044,2023-04-30,PURCHASE_ORDER,9,sup007,2023-03-19,42
txn01234,ing044,2023-06-16,PURCHASE_ORDER,9,sup002,2023-05-04,43
txn01684,ing044,2023-07-28,PURCHASE_ORDER,9,sup002,2023-06-19,39
txn02289,ing044,2023-09-23,PURCHASE_ORDER,9,sup007,2023-07-31,54
txn02595,ing044,2023-10-21,PURCHASE_ORDER,9,sup002,2023-09-27,24
txn03000,ing044,2023-11-29,PURCHASE_ORDER,9,sup002,2023-10-24,36
txn03838,ing044,2024-02-15,PURCHASE_ORDER,9,sup007,2023-12-02,75
txn04188,ing044,2024-03-19,PURCHASE_ORDER,9,sup007,2024-02-19,29
txn04568,ing044,2024-04-24,PURCHASE_ORDER,9,sup002,2024-03-23,32
txn04913,ing044,2024-05-27,PURCHASE_ORDER,9,sup007,2024-04-27,30
txn05462,ing044,2024-07-19,PURCHASE_ORDER,9,sup007,2024-05-31,49
txn05722,ing044,2024-08-14,PURCHASE_ORDER,9,sup002,2024-07-23,22
txn06221,ing044,2024-10-03,PURCHASE_ORDER,9,sup002,2024-08-17,47
txn06648,ing044,2024-11-15,PURCHASE_ORDER,9,sup002,2024-10-06,40
txn06979,ing044,2024-12-19,PURCHASE_ORDER,9,sup007,2024-11-18,31
txn07523,ing044,2025-02-08,PURCHASE_ORDER,9,sup007,2024-12-23,47
txn07920,ing044,2025-03-17,PURCHASE_ORDER,9,sup002,2025-02-12,33
txn08273,ing044,2025-04-20,PURCHASE_ORDER,9,sup002,2025-03-20,31
txn08657,ing044,2025-05-29,PURCHASE_ORDER,9,sup007,2025-04-23,36
txn09096,ing044,2025-07-12,PURCHASE_ORDER,9,sup002,2025-06-02,40
txn09514,ing044,2025-08-19,PURCHASE_ORDER,9,sup002,2025-07-15,35
txn09839,ing044,2025-09-19,PURCHASE_ORDER,9,sup007,2025-08-22,28
txn10136,ing044,2025-10-17,PURCHASE_ORDER,9,sup007,2025-09-23,24
txn01061,ing045,2023-06-01,PURCHASE_ORDER,7,sup005,2023-04-05,57
txn01685,ing045,2023-07-28,PURCHASE_ORDER,7,sup005,2023-06-03,55
txn02311,ing045,2023-09-25,PURCHASE_ORDER,7,sup005,2023-07-30,57
txn02596,ing045,2023-10-21,PURCHASE_ORDER,7,sup001,2023-09-27,24
txn03322,ing045,2023-12-29,PURCHASE_ORDER,7,sup005,2023-10-24,66
txn03924,ing045,2024-02-22,PURCHASE_ORDER,7,sup005,2023-12-31,53
txn04266,ing045,2024-03-26,PURCHASE_ORDER,7,sup005,2024-02-24,31
txn04666,ing045,2024-05-03,PURCHASE_ORDER,7,sup005,2024-03-28,36
txn05322,ing045,2024-07-06,PURCHASE_ORDER,7,sup005,2024-05-05,62
txn05735,ing045,2024-08-15,PURCHASE_ORDER,7,sup001,2024-07-08,38
txn06412,ing045,2024-10-22,PURCHASE_ORDER,7,sup001,2024-08-18,65
txn06864,ing045,2024-12-07,PURCHASE_ORDER,7,sup001,2024-10-25,43
txn07350,ing045,2025-01-23,PURCHASE_ORDER,7,sup005,2024-12-10,44
txn07613,ing045,2025-02-17,PURCHASE_ORDER,7,sup005,2025-01-25,23
txn08002,ing045,2025-03-25,PURCHASE_ORDER,7,sup005,2025-02-19,34
txn08569,ing045,2025-05-20,PURCHASE_ORDER,7,sup001,2025-03-27,54
txn09222,ing045,2025-07-23,PURCHASE_ORDER,7,sup005,2025-05-23,61
txn09579,ing045,2025-08-25,PURCHASE_ORDER,7,sup005,2025-07-25,31
txn09978,ing045,2025-10-03,PURCHASE_ORDER,7,sup001,2025-08-27,37
txn00283,ing046,2023-03-19,PURCHASE_ORDER,8,sup001,2023-03-02,17
txn00474,ing046,2023-04-05,PURCHASE_ORDER,8,sup004,2023-03-24,12
txn00580,ing046,2023-04-15,PURCHASE_ORDER,8,sup004,2023-04-08,7
txn00813,ing046,2023-05-07,PURCHASE_ORDER,8,sup001,2023-04-18,19
txn00944,ing046,2023-05-20,PURCHASE_ORDER,8,sup001,2023-05-12,8
txn01062,ing046,2023-06-01,PURCHASE_ORDER,8,sup001,2023-05-25,7
txn01400,ing046,2023-07-02,PURCHASE_ORDER,8,sup004,2023-06-06,26
txn01699,ing046,2023-07-29,PURCHASE_ORDER,8,sup004,2023-07-05,24
txn01895,ing046,2023-08-17,PURCHASE_ORDER,8,sup004,2023-08-01,16
txn02126,ing046,2023-09-07,PURCHASE_ORDER,8,sup001,2023-08-20,18
txn02337,ing046,2023-09-28,PURCHASE_ORDER,8,sup001,2023-09-12,16
txn02513,ing046,2023-10-13,PURCHASE_ORDER,8,sup001,2023-10-03,10
txn02641,ing046,2023-10-25,PURCHASE_ORDER,8,sup004,2023-10-18,7
txn02889,ing046,2023-11-19,PURCHASE_ORDER,8,sup004,2023-10-28,22
txn03020,ing046,2023-12-01,PURCHASE_ORDER,9,sup004,2023-11-22,9
txn03247,ing046,2023-12-22,PURCHASE_ORDER,8,sup004,2023-12-04,18
txn03453,ing046,2024-01-10,PURCHASE_ORDER,8,sup004,2023-12-25,16
txn03654,ing046,2024-01-28,PURCHASE_ORDER,8,sup001,2024-01-13,15
txn03803,ing046,2024-02-12,PURCHASE_ORDER,8,sup001,2024-02-02,10
txn03949,ing046,2024-02-25,PURCHASE_ORDER,9,sup004,2024-02-17,8
txn04148,ing046,2024-03-15,PURCHASE_ORDER,8,sup004,2024-02-28,16
txn04386,ing046,2024-04-06,PURCHASE_ORDER,8,sup004,2024-03-18,19
txn04626,ing046,2024-04-29,PURCHASE_ORDER,8,sup001,2024-04-09,20
txn04779,ing046,2024-05-14,PURCHASE_ORDER,8,sup004,2024-05-04,10
txn04934,ing046,2024-05-29,PURCHASE_ORDER,8,sup004,2024-05-17,12
txn05095,ing046,2024-06-14,PURCHASE_ORDER,8,sup004,2024-06-01,13
txn05298,ing046,2024-07-04,PURCHASE_ORDER,8,sup004,2024-06-17,17
txn05534,ing046,2024-07-26,PURCHASE_ORDER,8,sup001,2024-07-07,19
txn05712,ing046,2024-08-13,PURCHASE_ORDER,8,sup004,2024-07-31,13
txn05842,ing046,2024-08-25,PURCHASE_ORDER,8,sup004,2024-08-16,9
txn05987,ing046,2024-09-09,PURCHASE_ORDER,8,sup004,2024-08-28,12
txn06098,ing046,2024-09-21,PURCHASE_ORDER,8,sup001,2024-09-12,9
txn06272,ing046,2024-10-08,PURCHASE_ORDER,8,sup001,2024-09-26,12
txn06511,ing046,2024-11-01,PURCHASE_ORDER,8,sup004,2024-10-13,19
txn06673,ing046,2024-11-17,PURCHASE_ORDER,8,sup004,2024-11-04,13
txn06794,ing046,2024-11-30,PURCHASE_ORDER,9,sup004,2024-11-20,10
txn07032,ing046,2024-12-24,PURCHASE_ORDER,8,sup001,2024-12-03,21
txn07360,ing046,2025-01-24,PURCHASE_ORDER,8,sup004,2024-12-29,26
txn07547,ing046,2025-02-10,PURCHASE_ORDER,8,sup004,2025-01-27,14
txn07757,ing046,2025-03-02,PURCHASE_ORDER,8,sup001,2025-02-13,17
txn08041,ing046,2025-03-28,PURCHASE_ORDER,8,sup004,2025-03-07,21
txn08226,ing046,2025-04-15,PURCHASE_ORDER,8,sup004,2025-03-31,15
txn08537,ing046,2025-05-17,PURCHASE_ORDER,8,sup004,2025-04-18,29
txn08716,ing046,2025-06-04,PURCHASE_ORDER,8,sup001,2025-05-20,15
txn09013,ing046,2025-07-04,PURCHASE_ORDER,8,sup004,2025-06-09,25
txn09172,ing046,2025-07-19,PURCHASE_ORDER,8,sup001,2025-07-07,12
txn09369,ing046,2025-08-06,PURCHASE_ORDER,8,sup004,2025-07-24,13
txn09524,ing046,2025-08-20,PURCHASE_ORDER,8,sup004,2025-08-09,11
txn09767,ing046,2025-09-13,PURCHASE_ORDER,8,sup004,2025-08-23,21
txn09937,ing046,2025-09-29,PURCHASE_ORDER,8,sup004,2025-09-16,13
txn10154,ing046,2025-10-19,PURCHASE_ORDER,8,sup004,2025-10-02,17
txn00122,ing047,2023-03-03,PURCHASE_ORDER,33,sup006,2023-02-27,4
txn00208,ing047,2023-03-11,PURCHASE_ORDER,36,sup006,2023-03-06,5
txn00253,ing047,2023-03-16,PURCHASE_ORDER,33,sup006,2023-03-14,2
txn00306,ing047,2023-03-21,PURCHASE_ORDER,31,sup008,2023-03-19,2
txn00379,ing047,2023-03-28,PURCHASE_ORDER,32,sup006,2023-03-25,3
txn00520,ing047,2023-04-09,PURCHASE_ORDER,33,sup008,2023-03-31,9
txn00594,ing047,2023-04-16,PURCHASE_ORDER,33,sup006,2023-04-13,3
txn00668,ing047,2023-04-23,PURCHASE_ORDER,31,sup006,2023-04-19,4
txn00705,ing047,2023-04-27,PURCHASE_ORDER,30,sup006,2023-04-26,1
txn00777,ing047,2023-05-04,PURCHASE_ORDER,38,sup008,2023-04-30,4
txn00859,ing047,2023-05-12,PURCHASE_ORDER,32,sup006,2023-05-08,4
txn00913,ing047,2023-05-17,PURCHASE_ORDER,31,sup006,2023-05-15,2
txn00991,ing047,2023-05-25,PURCHASE_ORDER,30,sup006,2023-05-20,5
txn01063,ing047,2023-06-01,PURCHASE_ORDER,35,sup006,2023-05-28,4
txn01154,ing047,2023-06-09,PURCHASE_ORDER,30,sup006,2023-06-04,5
txn01241,ing047,2023-06-17,PURCHASE_ORDER,39,sup006,2023-06-12,5
txn01335,ing047,2023-06-26,PURCHASE_ORDER,31,sup008,2023-06-20,6
txn01401,ing047,2023-07-02,PURCHASE_ORDER,30,sup008,2023-06-30,2
txn01536,ing047,2023-07-14,PURCHASE_ORDER,34,sup006,2023-07-06,8
txn01590,ing047,2023-07-19,PURCHASE_ORDER,31,sup008,2023-07-17,2
txn01700,ing047,2023-07-29,PURCHASE_ORDER,33,sup008,2023-07-23,6
txn01779,ing047,2023-08-05,PURCHASE_ORDER,38,sup008,2023-08-02,3
txn01859,ing047,2023-08-13,PURCHASE_ORDER,32,sup006,2023-08-09,4
txn01896,ing047,2023-08-17,PURCHASE_ORDER,32,sup006,2023-08-16,1
txn01955,ing047,2023-08-23,PURCHASE_ORDER,38,sup008,2023-08-20,3
txn02042,ing047,2023-08-31,PURCHASE_ORDER,31,sup008,2023-08-27,4
txn02127,ing047,2023-09-07,PURCHASE_ORDER,30,sup006,2023-09-04,3
txn02199,ing047,2023-09-14,PURCHASE_ORDER,30,sup008,2023-09-10,4
txn02299,ing047,2023-09-24,PURCHASE_ORDER,32,sup006,2023-09-18,6
txn02411,ing047,2023-10-04,PURCHASE_ORDER,38,sup008,2023-09-27,7
txn02469,ing047,2023-10-09,PURCHASE_ORDER,30,sup006,2023-10-08,1
txn02551,ing047,2023-10-17,PURCHASE_ORDER,32,sup008,2023-10-12,5
txn02673,ing047,2023-10-28,PURCHASE_ORDER,34,sup006,2023-10-21,7
txn02771,ing047,2023-11-07,PURCHASE_ORDER,37,sup006,2023-10-31,7
txn02848,ing047,2023-11-15,PURCHASE_ORDER,31,sup008,2023-11-10,5
txn02931,ing047,2023-11-23,PURCHASE_ORDER,34,sup006,2023-11-19,4
txn03011,ing047,2023-11-30,PURCHASE_ORDER,32,sup008,2023-11-26,4
txn03149,ing047,2023-12-12,PURCHASE_ORDER,30,sup006,2023-12-04,8
txn03186,ing047,2023-12-16,PURCHASE_ORDER,30,sup006,2023-12-15,1
txn03248,ing047,2023-12-22,PURCHASE_ORDER,32,sup008,2023-12-19,3
txn03305,ing047,2023-12-27,PURCHASE_ORDER,30,sup008,2023-12-26,1
txn03369,ing047,2024-01-02,PURCHASE_ORDER,37,sup006,2023-12-31,2
txn03468,ing047,2024-01-11,PURCHASE_ORDER,34,sup006,2024-01-05,6
txn03538,ing047,2024-01-18,PURCHASE_ORDER,31,sup006,2024-01-14,4
txn03611,ing047,2024-01-24,PURCHASE_ORDER,30,sup008,2024-01-21,3
txn03697,ing047,2024-02-01,PURCHASE_ORDER,36,sup008,2024-01-28,4
txn03782,ing047,2024-02-10,PURCHASE_ORDER,30,sup008,2024-02-05,5
txn03839,ing047,2024-02-15,PURCHASE_ORDER,37,sup006,2024-02-14,1
txn03960,ing047,2024-02-26,PURCHASE_ORDER,32,sup008,2024-02-18,8
txn04032,ing047,2024-03-04,PURCHASE_ORDER,31,sup008,2024-03-01,3
txn04111,ing047,2024-03-12,PURCHASE_ORDER,36,sup006,2024-03-08,4
txn04189,ing047,2024-03-19,PURCHASE_ORDER,31,sup008,2024-03-15,4
txn04267,ing047,2024-03-26,PURCHASE_ORDER,34,sup006,2024-03-23,3
txn04333,ing047,2024-04-01,PURCHASE_ORDER,30,sup006,2024-03-29,3
txn04409,ing047,2024-04-08,PURCHASE_ORDER,30,sup008,2024-04-04,4
txn04460,ing047,2024-04-13,PURCHASE_ORDER,31,sup006,2024-04-12,1
txn04537,ing047,2024-04-21,PURCHASE_ORDER,32,sup006,2024-04-16,5
txn04583,ing047,2024-04-25,PURCHASE_ORDER,30,sup006,2024-04-24,1
txn04640,ing047,2024-04-30,PURCHASE_ORDER,30,sup008,2024-04-28,2
txn04710,ing047,2024-05-07,PURCHASE_ORDER,31,sup008,2024-05-04,3
txn04795,ing047,2024-05-15,PURCHASE_ORDER,32,sup008,2024-05-11,4
txn04854,ing047,2024-05-21,PURCHASE_ORDER,30,sup008,2024-05-19,2
txn04944,ing047,2024-05-30,PURCHASE_ORDER,33,sup006,2024-05-25,5
txn05042,ing047,2024-06-09,PURCHASE_ORDER,34,sup006,2024-06-02,7
txn05120,ing047,2024-06-16,PURCHASE_ORDER,30,sup006,2024-06-12,4
txn05199,ing047,2024-06-23,PURCHASE_ORDER,31,sup008,2024-06-19,4
txn05263,ing047,2024-06-30,PURCHASE_ORDER,33,sup008,2024-06-27,3
txn05364,ing047,2024-07-09,PURCHASE_ORDER,30,sup008,2024-07-04,5
txn05429,ing047,2024-07-16,PURCHASE_ORDER,35,sup008,2024-07-13,3
txn05496,ing047,2024-07-22,PURCHASE_ORDER,32,sup006,2024-07-20,2
txn05566,ing047,2024-07-29,PURCHASE_ORDER,31,sup008,2024-07-25,4
txn05637,ing047,2024-08-05,PURCHASE_ORDER,33,sup008,2024-08-02,3
txn05713,ing047,2024-08-13,PURCHASE_ORDER,30,sup006,2024-08-09,4
txn05803,ing047,2024-08-21,PURCHASE_ORDER,38,sup006,2024-08-16,5
txn05922,ing047,2024-09-02,PURCHASE_ORDER,30,sup006,2024-08-24,9
txn05996,ing047,2024-09-10,PURCHASE_ORDER,30,sup006,2024-09-05,5
txn06077,ing047,2024-09-19,PURCHASE_ORDER,30,sup008,2024-09-13,6
txn06162,ing047,2024-09-27,PURCHASE_ORDER,31,sup008,2024-09-23,4
txn06236,ing047,2024-10-04,PURCHASE_ORDER,30,sup008,2024-10-01,3
txn06284,ing047,2024-10-09,PURCHASE_ORDER,33,sup006,2024-10-08,1
txn06369,ing047,2024-10-18,PURCHASE_ORDER,32,sup006,2024-10-12,6
txn06446,ing047,2024-10-25,PURCHASE_ORDER,30,sup008,2024-10-21,4
txn06520,ing047,2024-11-02,PURCHASE_ORDER,33,sup006,2024-10-29,4
txn06610,ing047,2024-11-11,PURCHASE_ORDER,39,sup008,2024-11-05,6
txn06661,ing047,2024-11-16,PURCHASE_ORDER,36,sup006,2024-11-15,1
txn06756,ing047,2024-11-26,PURCHASE_ORDER,30,sup006,2024-11-19,7
txn06845,ing047,2024-12-05,PURCHASE_ORDER,30,sup006,2024-11-29,6
txn06922,ing047,2024-12-13,PURCHASE_ORDER,33,sup006,2024-12-08,5
txn06970,ing047,2024-12-18,PURCHASE_ORDER,30,sup006,2024-12-16,2
txn07060,ing047,2024-12-27,PURCHASE_ORDER,34,sup006,2024-12-21,6
txn07113,ing047,2025-01-01,PURCHASE_ORDER,31,sup008,2024-12-30,2
txn07181,ing047,2025-01-07,PURCHASE_ORDER,30,sup006,2025-01-05,2
txn07239,ing047,2025-01-13,PURCHASE_ORDER,35,sup008,2025-01-10,3
txn07327,ing047,2025-01-21,PURCHASE_ORDER,31,sup006,2025-01-17,4
txn07452,ing047,2025-02-01,PURCHASE_ORDER,39,sup008,2025-01-24,8
txn07524,ing047,2025-02-08,PURCHASE_ORDER,31,sup006,2025-02-05,3
txn07614,ing047,2025-02-17,PURCHASE_ORDER,30,sup008,2025-02-11,6
txn07723,ing047,2025-02-27,PURCHASE_ORDER,32,sup006,2025-02-21,6
txn07798,ing047,2025-03-06,PURCHASE_ORDER,32,sup008,2025-03-02,4
txn07892,ing047,2025-03-14,PURCHASE_ORDER,38,sup008,2025-03-10,4
txn07964,ing047,2025-03-21,PURCHASE_ORDER,35,sup006,2025-03-18,3
txn08034,ing047,2025-03-27,PURCHASE_ORDER,33,sup008,2025-03-24,3
txn08146,ing047,2025-04-06,PURCHASE_ORDER,32,sup006,2025-03-31,6
txn08227,ing047,2025-04-15,PURCHASE_ORDER,37,sup006,2025-04-09,6
txn08335,ing047,2025-04-26,PURCHASE_ORDER,33,sup008,2025-04-18,8
txn08430,ing047,2025-05-06,PURCHASE_ORDER,31,sup006,2025-04-30,6
txn08506,ing047,2025-05-14,PURCHASE_ORDER,35,sup008,2025-05-09,5
txn08556,ing047,2025-05-19,PURCHASE_ORDER,35,sup006,2025-05-18,1
txn08628,ing047,2025-05-26,PURCHASE_ORDER,32,sup008,2025-05-22,4
txn08717,ing047,2025-06-04,PURCHASE_ORDER,35,sup008,2025-05-30,5
txn08805,ing047,2025-06-12,PURCHASE_ORDER,31,sup006,2025-06-08,4
txn08873,ing047,2025-06-19,PURCHASE_ORDER,40,sup006,2025-06-15,4
txn08977,ing047,2025-06-30,PURCHASE_ORDER,48,sup006,2025-06-22,8
txn09054,ing047,2025-07-08,PURCHASE_ORDER,35,sup008,2025-07-03,5
txn09152,ing047,2025-07-17,PURCHASE_ORDER,31,sup006,2025-07-12,5
txn09256,ing047,2025-07-26,PURCHASE_ORDER,30,sup008,2025-07-20,6
txn09334,ing047,2025-08-03,PURCHASE_ORDER,31,sup008,2025-07-30,4
txn09387,ing047,2025-08-08,PURCHASE_ORDER,32,sup008,2025-08-07,1
txn09427,ing047,2025-08-12,PURCHASE_ORDER,31,sup006,2025-08-07,5
txn09537,ing047,2025-08-21,PURCHASE_ORDER,32,sup008,2025-08-15,6
txn09658,ing047,2025-09-02,PURCHASE_ORDER,31,sup006,2025-08-25,8
txn09704,ing047,2025-09-06,PURCHASE_ORDER,30,sup008,2025-09-05,1
txn09786,ing047,2025-09-15,PURCHASE_ORDER,31,sup008,2025-09-10,5
txn09902,ing047,2025-09-25,PURCHASE_ORDER,33,sup006,2025-09-19,6
txn10001,ing047,2025-10-05,PURCHASE_ORDER,33,sup008,2025-09-28,7
txn10076,ing047,2025-10-12,PURCHASE_ORDER,41,sup006,2025-10-09,3
txn10155,ing047,2025-10-19,PURCHASE_ORDER,32,sup006,2025-10-15,4
txn00048,ing048,2023-02-24,PURCHASE_ORDER,26,sup008,2023-02-21,3
txn00106,ing048,2023-03-01,PURCHASE_ORDER,20,sup006,2023-02-27,2
txn00123,ing048,2023-03-03,PURCHASE_ORDER,20,sup006,2023-02-27,4
txn00163,ing048,2023-03-07,PURCHASE_ORDER,19,sup006,2023-03-05,2
txn00214,ing048,2023-03-12,PURCHASE_ORDER,22,sup008,2023-03-09,3
txn00307,ing048,2023-03-21,PURCHASE_ORDER,20,sup006,2023-03-15,6
txn00359,ing048,2023-03-26,PURCHASE_ORDER,21,sup006,2023-03-23,3
txn00416,ing048,2023-03-31,PURCHASE_ORDER,19,sup008,2023-03-28,3
txn00490,ing048,2023-04-07,PURCHASE_ORDER,26,sup008,2023-04-03,4
txn00570,ing048,2023-04-14,PURCHASE_ORDER,27,sup006,2023-04-10,4
txn00621,ing048,2023-04-19,PURCHASE_ORDER,22,sup006,2023-04-16,3
txn00706,ing048,2023-04-27,PURCHASE_ORDER,27,sup008,2023-04-21,6
txn00747,ing048,2023-05-01,PURCHASE_ORDER,21,sup006,2023-04-30,1
txn00814,ing048,2023-05-07,PURCHASE_ORDER,21,sup006,2023-05-03,4
txn00842,ing048,2023-05-10,PURCHASE_ORDER,26,sup006,2023-05-09,1
txn00903,ing048,2023-05-16,PURCHASE_ORDER,21,sup008,2023-05-12,4
txn00928,ing048,2023-05-19,PURCHASE_ORDER,20,sup006,2023-05-12,7
txn01001,ing048,2023-05-26,PURCHASE_ORDER,23,sup006,2023-05-21,5
txn01064,ing048,2023-06-01,PURCHASE_ORDER,23,sup008,2023-05-28,4
txn01134,ing048,2023-06-07,PURCHASE_ORDER,19,sup008,2023-06-04,3
txn01175,ing048,2023-06-11,PURCHASE_ORDER,20,sup008,2023-06-10,1
txn01207,ing048,2023-06-14,PURCHASE_ORDER,21,sup008,2023-06-10,4
txn01267,ing048,2023-06-19,PURCHASE_ORDER,25,sup006,2023-06-17,2
txn01298,ing048,2023-06-22,PURCHASE_ORDER,21,sup006,2023-06-21,1
txn01369,ing048,2023-06-29,PURCHASE_ORDER,24,sup008,2023-06-24,5
txn01402,ing048,2023-07-02,PURCHASE_ORDER,23,sup008,2023-06-24,8
txn01459,ing048,2023-07-08,PURCHASE_ORDER,23,sup006,2023-07-05,3
txn01511,ing048,2023-07-12,PURCHASE_ORDER,28,sup008,2023-07-10,2
txn01561,ing048,2023-07-16,PURCHASE_ORDER,22,sup006,2023-07-15,1
txn01601,ing048,2023-07-20,PURCHASE_ORDER,20,sup008,2023-07-18,2
txn01637,ing048,2023-07-23,PURCHASE_ORDER,27,sup008,2023-07-18,5
txn01666,ing048,2023-07-26,PURCHASE_ORDER,26,sup006,2023-07-23,3
txn01722,ing048,2023-07-31,PURCHASE_ORDER,24,sup006,2023-07-28,3
txn01812,ing048,2023-08-08,PURCHASE_ORDER,23,sup006,2023-08-02,6
txn01849,ing048,2023-08-12,PURCHASE_ORDER,27,sup008,2023-08-10,2
txn01912,ing048,2023-08-19,PURCHASE_ORDER,20,sup006,2023-08-15,4
txn01999,ing048,2023-08-27,PURCHASE_ORDER,19,sup008,2023-08-21,6
txn02031,ing048,2023-08-30,PURCHASE_ORDER,24,sup008,2023-08-21,9
txn02070,ing048,2023-09-02,PURCHASE_ORDER,30,sup006,2023-08-30,3
txn02109,ing048,2023-09-06,PURCHASE_ORDER,25,sup008,2023-09-04,2
txn02149,ing048,2023-09-09,PURCHASE_ORDER,27,sup008,2023-09-04,5
txn02210,ing048,2023-09-15,PURCHASE_ORDER,22,sup008,2023-09-12,3
txn02256,ing048,2023-09-20,PURCHASE_ORDER,28,sup008,2023-09-18,2
txn02300,ing048,2023-09-24,PURCHASE_ORDER,27,sup008,2023-09-23,1
txn02338,ing048,2023-09-28,PURCHASE_ORDER,27,sup006,2023-09-27,1
txn02372,ing048,2023-10-01,PURCHASE_ORDER,22,sup008,2023-09-30,1
txn02412,ing048,2023-10-04,PURCHASE_ORDER,26,sup008,2023-09-30,4
txn02448,ing048,2023-10-07,PURCHASE_ORDER,24,sup006,2023-10-04,3
txn02474,ing048,2023-10-10,PURCHASE_ORDER,24,sup006,2023-10-09,1
txn02552,ing048,2023-10-17,PURCHASE_ORDER,19,sup008,2023-10-12,5
txn02642,ing048,2023-10-25,PURCHASE_ORDER,20,sup006,2023-10-20,5
txn02716,ing048,2023-11-01,PURCHASE_ORDER,27,sup006,2023-10-27,5
txn02753,ing048,2023-11-05,PURCHASE_ORDER,28,sup006,2023-11-03,2
txn02797,ing048,2023-11-10,PURCHASE_ORDER,20,sup008,2023-11-07,3
txn02849,ing048,2023-11-15,PURCHASE_ORDER,25,sup008,2023-11-13,2
txn02890,ing048,2023-11-19,PURCHASE_ORDER,21,sup006,2023-11-18,1
txn02963,ing048,2023-11-26,PURCHASE_ORDER,24,sup008,2023-11-21,5
txn03043,ing048,2023-12-03,PURCHASE_ORDER,25,sup006,2023-11-29,4
txn03076,ing048,2023-12-06,PURCHASE_ORDER,22,sup006,2023-12-05,1
txn03126,ing048,2023-12-10,PURCHASE_ORDER,20,sup008,2023-12-08,2
txn03178,ing048,2023-12-15,PURCHASE_ORDER,20,sup008,2023-12-13,2
txn03217,ing048,2023-12-19,PURCHASE_ORDER,20,sup006,2023-12-18,1
txn03260,ing048,2023-12-23,PURCHASE_ORDER,19,sup006,2023-12-21,2
txn03332,ing048,2023-12-30,PURCHASE_ORDER,26,sup008,2023-12-25,5
txn03389,ing048,2024-01-04,PURCHASE_ORDER,20,sup006,2024-01-02,2
txn03442,ing048,2024-01-09,PURCHASE_ORDER,20,sup006,2024-01-06,3
txn03497,ing048,2024-01-14,PURCHASE_ORDER,20,sup008,2024-01-11,3
txn03560,ing048,2024-01-20,PURCHASE_ORDER,23,sup006,2024-01-17,3
txn03597,ing048,2024-01-23,PURCHASE_ORDER,20,sup008,2024-01-22,1
txn03655,ing048,2024-01-28,PURCHASE_ORDER,19,sup008,2024-01-26,2
txn03686,ing048,2024-01-31,PURCHASE_ORDER,29,sup008,2024-01-26,5
txn03712,ing048,2024-02-03,PURCHASE_ORDER,19,sup008,2024-01-31,3
txn03852,ing048,2024-02-16,PURCHASE_ORDER,20,sup008,2024-02-06,10
txn03903,ing048,2024-02-20,PURCHASE_ORDER,19,sup008,2024-02-19,1
txn03950,ing048,2024-02-25,PURCHASE_ORDER,29,sup006,2024-02-23,2
txn04008,ing048,2024-03-02,PURCHASE_ORDER,19,sup008,2024-02-27,4
txn04071,ing048,2024-03-08,PURCHASE_ORDER,21,sup008,2024-03-05,3
txn04112,ing048,2024-03-12,PURCHASE_ORDER,22,sup008,2024-03-11,1
txn04168,ing048,2024-03-17,PURCHASE_ORDER,25,sup006,2024-03-15,2
txn04242,ing048,2024-03-24,PURCHASE_ORDER,27,sup008,2024-03-19,5
txn04301,ing048,2024-03-29,PURCHASE_ORDER,22,sup008,2024-03-27,2
txn04342,ing048,2024-04-02,PURCHASE_ORDER,20,sup008,2024-04-01,1
txn04387,ing048,2024-04-06,PURCHASE_ORDER,20,sup006,2024-04-05,1
txn04423,ing048,2024-04-10,PURCHASE_ORDER,20,sup006,2024-04-08,2
txn04498,ing048,2024-04-17,PURCHASE_ORDER,22,sup006,2024-04-12,5
txn04538,ing048,2024-04-21,PURCHASE_ORDER,27,sup008,2024-04-19,2
txn04584,ing048,2024-04-25,PURCHASE_ORDER,25,sup008,2024-04-24,1
txn04677,ing048,2024-05-04,PURCHASE_ORDER,19,sup006,2024-04-28,6
txn04727,ing048,2024-05-09,PURCHASE_ORDER,25,sup006,2024-05-06,3
txn04768,ing048,2024-05-13,PURCHASE_ORDER,21,sup008,2024-05-11,2
txn04855,ing048,2024-05-21,PURCHASE_ORDER,22,sup006,2024-05-16,5
txn04900,ing048,2024-05-26,PURCHASE_ORDER,21,sup006,2024-05-23,3
txn04979,ing048,2024-06-02,PURCHASE_ORDER,22,sup006,2024-05-28,5
txn05096,ing048,2024-06-14,PURCHASE_ORDER,22,sup006,2024-06-04,10
txn05141,ing048,2024-06-18,PURCHASE_ORDER,20,sup008,2024-06-16,2
txn05217,ing048,2024-06-25,PURCHASE_ORDER,19,sup006,2024-06-21,4
txn05284,ing048,2024-07-02,PURCHASE_ORDER,19,sup006,2024-06-27,5
txn05336,ing048,2024-07-07,PURCHASE_ORDER,19,sup006,2024-07-04,3
txn05383,ing048,2024-07-11,PURCHASE_ORDER,30,sup008,2024-07-09,2
txn05484,ing048,2024-07-21,PURCHASE_ORDER,22,sup006,2024-07-14,7
txn05535,ing048,2024-07-26,PURCHASE_ORDER,27,sup008,2024-07-23,3
txn05583,ing048,2024-07-31,PURCHASE_ORDER,22,sup008,2024-07-29,2
txn05613,ing048,2024-08-03,PURCHASE_ORDER,30,sup006,2024-07-29,5
txn05682,ing048,2024-08-10,PURCHASE_ORDER,19,sup008,2024-08-05,5
txn05723,ing048,2024-08-14,PURCHASE_ORDER,22,sup006,2024-08-13,1
txn05778,ing048,2024-08-19,PURCHASE_ORDER,26,sup008,2024-08-16,3
txn05851,ing048,2024-08-26,PURCHASE_ORDER,21,sup006,2024-08-22,4
txn05891,ing048,2024-08-30,PURCHASE_ORDER,23,sup008,2024-08-28,2
txn05948,ing048,2024-09-05,PURCHASE_ORDER,26,sup008,2024-09-02,3
txn06011,ing048,2024-09-12,PURCHASE_ORDER,22,sup008,2024-09-08,4
txn06045,ing048,2024-09-15,PURCHASE_ORDER,19,sup006,2024-09-08,7
txn06084,ing048,2024-09-20,PURCHASE_ORDER,24,sup006,2024-09-17,3
txn06154,ing048,2024-09-26,PURCHASE_ORDER,22,sup006,2024-09-22,4
txn06210,ing048,2024-10-02,PURCHASE_ORDER,25,sup008,2024-09-28,4
txn06273,ing048,2024-10-08,PURCHASE_ORDER,19,sup008,2024-10-05,3
txn06300,ing048,2024-10-11,PURCHASE_ORDER,22,sup008,2024-10-05,6
txn06346,ing048,2024-10-16,PURCHASE_ORDER,22,sup008,2024-10-14,2
txn06405,ing048,2024-10-21,PURCHASE_ORDER,21,sup006,2024-10-19,2
txn06447,ing048,2024-10-25,PURCHASE_ORDER,21,sup008,2024-10-23,2
txn06478,ing048,2024-10-28,PURCHASE_ORDER,20,sup006,2024-10-23,5
txn06512,ing048,2024-11-01,PURCHASE_ORDER,21,sup006,2024-10-30,2
txn06570,ing048,2024-11-07,PURCHASE_ORDER,22,sup006,2024-11-03,4
txn06626,ing048,2024-11-13,PURCHASE_ORDER,19,sup008,2024-11-09,4
txn06674,ing048,2024-11-17,PURCHASE_ORDER,19,sup006,2024-11-16,1
txn06703,ing048,2024-11-20,PURCHASE_ORDER,24,sup006,2024-11-19,1
txn06777,ing048,2024-11-28,PURCHASE_ORDER,20,sup008,2024-11-22,6
txn06813,ing048,2024-12-02,PURCHASE_ORDER,27,sup006,2024-12-01,1
txn06890,ing048,2024-12-10,PURCHASE_ORDER,19,sup008,2024-12-04,6
txn06971,ing048,2024-12-18,PURCHASE_ORDER,20,sup006,2024-12-13,5
txn07006,ing048,2024-12-22,PURCHASE_ORDER,29,sup008,2024-12-20,2
txn07050,ing048,2024-12-26,PURCHASE_ORDER,22,sup006,2024-12-25,1
txn07098,ing048,2024-12-31,PURCHASE_ORDER,30,sup008,2024-12-28,3
txn07160,ing048,2025-01-05,PURCHASE_ORDER,22,sup006,2025-01-03,2
txn07190,ing048,2025-01-08,PURCHASE_ORDER,23,sup006,2025-01-07,1
txn07282,ing048,2025-01-17,PURCHASE_ORDER,21,sup008,2025-01-10,7
txn07328,ing048,2025-01-21,PURCHASE_ORDER,21,sup008,2025-01-20,1
txn07375,ing048,2025-01-25,PURCHASE_ORDER,19,sup008,2025-01-24,1
txn07421,ing048,2025-01-29,PURCHASE_ORDER,20,sup008,2025-01-28,1
txn07498,ing048,2025-02-05,PURCHASE_ORDER,33,sup006,2025-02-01,4
txn07532,ing048,2025-02-09,PURCHASE_ORDER,22,sup006,2025-02-07,2
txn07568,ing048,2025-02-12,PURCHASE_ORDER,26,sup006,2025-02-11,1
txn07625,ing048,2025-02-18,PURCHASE_ORDER,27,sup006,2025-02-14,4
txn07685,ing048,2025-02-23,PURCHASE_ORDER,20,sup006,2025-02-20,3
txn07736,ing048,2025-02-28,PURCHASE_ORDER,26,sup006,2025-02-25,3
txn07779,ing048,2025-03-04,PURCHASE_ORDER,19,sup006,2025-03-02,2
txn07826,ing048,2025-03-09,PURCHASE_ORDER,19,sup008,2025-03-06,3
txn07901,ing048,2025-03-15,PURCHASE_ORDER,19,sup008,2025-03-12,3
txn07965,ing048,2025-03-21,PURCHASE_ORDER,25,sup008,2025-03-18,3
txn08003,ing048,2025-03-25,PURCHASE_ORDER,23,sup008,2025-03-24,1
txn08051,ing048,2025-03-29,PURCHASE_ORDER,20,sup006,2025-03-28,1
txn08119,ing048,2025-04-04,PURCHASE_ORDER,20,sup006,2025-03-31,4
txn08164,ing048,2025-04-08,PURCHASE_ORDER,19,sup006,2025-04-06,2
txn08196,ing048,2025-04-12,PURCHASE_ORDER,29,sup006,2025-04-10,2
txn08244,ing048,2025-04-17,PURCHASE_ORDER,19,sup006,2025-04-14,3
txn08321,ing048,2025-04-24,PURCHASE_ORDER,22,sup008,2025-04-19,5
txn08347,ing048,2025-04-27,PURCHASE_ORDER,19,sup006,2025-04-19,8
txn08373,ing048,2025-04-30,PURCHASE_ORDER,21,sup008,2025-04-29,1
txn08410,ing048,2025-05-04,PURCHASE_ORDER,23,sup008,2025-05-03,1
txn08457,ing048,2025-05-09,PURCHASE_ORDER,20,sup008,2025-05-07,2
txn08518,ing048,2025-05-15,PURCHASE_ORDER,22,sup006,2025-05-12,3
txn08593,ing048,2025-05-22,PURCHASE_ORDER,20,sup006,2025-05-17,5
txn08620,ing048,2025-05-25,PURCHASE_ORDER,21,sup008,2025-05-24,1
txn08675,ing048,2025-05-31,PURCHASE_ORDER,22,sup008,2025-05-28,3
txn08718,ing048,2025-06-04,PURCHASE_ORDER,20,sup008,2025-06-03,1
txn08768,ing048,2025-06-08,PURCHASE_ORDER,19,sup006,2025-06-07,1
txn08806,ing048,2025-06-12,PURCHASE_ORDER,22,sup006,2025-06-10,2
txn08858,ing048,2025-06-18,PURCHASE_ORDER,21,sup006,2025-06-14,4
txn08909,ing048,2025-06-23,PURCHASE_ORDER,19,sup008,2025-06-20,3
txn08935,ing048,2025-06-26,PURCHASE_ORDER,25,sup006,2025-06-20,6
txn08978,ing048,2025-06-30,PURCHASE_ORDER,24,sup008,2025-06-28,2
txn09014,ing048,2025-07-04,PURCHASE_ORDER,20,sup006,2025-07-03,1
txn09069,ing048,2025-07-09,PURCHASE_ORDER,21,sup008,2025-07-06,3
txn09128,ing048,2025-07-15,PURCHASE_ORDER,23,sup006,2025-07-12,3
txn09161,ing048,2025-07-18,PURCHASE_ORDER,20,sup006,2025-07-17,1
txn09198,ing048,2025-07-21,PURCHASE_ORDER,19,sup006,2025-07-20,1
txn09275,ing048,2025-07-28,PURCHASE_ORDER,21,sup008,2025-07-23,5
txn09310,ing048,2025-08-01,PURCHASE_ORDER,21,sup006,2025-07-31,1
txn09341,ing048,2025-08-04,PURCHASE_ORDER,22,sup008,2025-08-03,1
txn09388,ing048,2025-08-08,PURCHASE_ORDER,33,sup006,2025-08-07,1
txn09452,ing048,2025-08-14,PURCHASE_ORDER,22,sup006,2025-08-10,4
txn09497,ing048,2025-08-18,PURCHASE_ORDER,20,sup006,2025-08-16,2
txn09586,ing048,2025-08-26,PURCHASE_ORDER,19,sup008,2025-08-20,6
txn09624,ing048,2025-08-29,PURCHASE_ORDER,22,sup008,2025-08-20,9
txn09671,ing048,2025-09-03,PURCHASE_ORDER,19,sup008,2025-09-01,2
txn09723,ing048,2025-09-08,PURCHASE_ORDER,22,sup008,2025-09-06,2
txn09761,ing048,2025-09-12,PURCHASE_ORDER,19,sup006,2025-09-11,1
txn09799,ing048,2025-09-16,PURCHASE_ORDER,19,sup008,2025-09-14,2
txn09859,ing048,2025-09-21,PURCHASE_ORDER,20,sup006,2025-09-19,2
txn09963,ing048,2025-10-01,PURCHASE_ORDER,21,sup008,2025-09-23,8
txn10002,ing048,2025-10-05,PURCHASE_ORDER,19,sup006,2025-10-04,1
txn10090,ing048,2025-10-13,PURCHASE_ORDER,24,sup006,2025-10-07,6
txn10105,ing048,2025-10-15,PURCHASE_ORDER,24,sup006,2025-10-07,8
txn10156,ing048,2025-10-19,PURCHASE_ORDER,21,sup006,2025-10-17,2
txn10216,ing048,2025-10-25,PURCHASE_ORDER,26,sup006,2025-10-21,4
txn00147,ing049,2023-03-05,PURCHASE_ORDER,37,sup008,2023-02-27,6
txn00229,ing049,2023-03-13,PURCHASE_ORDER,38,sup008,2023-03-08,5
txn00291,ing049,2023-03-20,PURCHASE_ORDER,35,sup008,2023-03-16,4
txn00371,ing049,2023-03-27,PURCHASE_ORDER,41,sup008,2023-03-23,4
txn00425,ing049,2023-04-01,PURCHASE_ORDER,34,sup008,2023-03-30,2
txn00491,ing049,2023-04-07,PURCHASE_ORDER,34,sup008,2023-04-04,3
txn00542,ing049,2023-04-11,PURCHASE_ORDER,36,sup008,2023-04-10,1
txn00649,ing049,2023-04-21,PURCHASE_ORDER,34,sup008,2023-04-14,7
txn00789,ing049,2023-05-05,PURCHASE_ORDER,40,sup008,2023-04-24,11
txn00860,ing049,2023-05-12,PURCHASE_ORDER,42,sup008,2023-05-08,4
txn00961,ing049,2023-05-22,PURCHASE_ORDER,39,sup008,2023-05-15,7
txn01039,ing049,2023-05-30,PURCHASE_ORDER,34,sup008,2023-05-25,5
txn01166,ing049,2023-06-10,PURCHASE_ORDER,37,sup008,2023-06-02,8
txn01250,ing049,2023-06-18,PURCHASE_ORDER,34,sup008,2023-06-13,5
txn01348,ing049,2023-06-27,PURCHASE_ORDER,36,sup008,2023-06-21,6
txn01420,ing049,2023-07-04,PURCHASE_ORDER,38,sup008,2023-06-30,4
txn01548,ing049,2023-07-15,PURCHASE_ORDER,34,sup008,2023-07-07,8
txn01643,ing049,2023-07-24,PURCHASE_ORDER,38,sup008,2023-07-18,6
txn01745,ing049,2023-08-02,PURCHASE_ORDER,43,sup008,2023-07-27,6
txn01850,ing049,2023-08-12,PURCHASE_ORDER,36,sup008,2023-08-05,7
txn01913,ing049,2023-08-19,PURCHASE_ORDER,36,sup008,2023-08-15,4
txn01967,ing049,2023-08-24,PURCHASE_ORDER,44,sup008,2023-08-22,2
txn02019,ing049,2023-08-29,PURCHASE_ORDER,34,sup008,2023-08-27,2
txn02110,ing049,2023-09-06,PURCHASE_ORDER,44,sup008,2023-09-01,5
txn02177,ing049,2023-09-12,PURCHASE_ORDER,34,sup008,2023-09-09,3
txn02257,ing049,2023-09-20,PURCHASE_ORDER,37,sup008,2023-09-15,5
txn02353,ing049,2023-09-29,PURCHASE_ORDER,35,sup008,2023-09-23,6
txn02401,ing049,2023-10-03,PURCHASE_ORDER,36,sup008,2023-10-02,1
txn02501,ing049,2023-10-12,PURCHASE_ORDER,36,sup008,2023-10-06,6
txn02561,ing049,2023-10-18,PURCHASE_ORDER,35,sup008,2023-10-15,3
txn02690,ing049,2023-10-30,PURCHASE_ORDER,39,sup008,2023-10-21,9
txn02781,ing049,2023-11-08,PURCHASE_ORDER,42,sup008,2023-11-02,6
txn02850,ing049,2023-11-15,PURCHASE_ORDER,38,sup008,2023-11-11,4
txn02932,ing049,2023-11-23,PURCHASE_ORDER,35,sup008,2023-11-18,5
txn03066,ing049,2023-12-05,PURCHASE_ORDER,40,sup008,2023-11-26,9
txn03195,ing049,2023-12-17,PURCHASE_ORDER,34,sup008,2023-12-08,9
txn03266,ing049,2023-12-24,PURCHASE_ORDER,36,sup008,2023-12-20,4
txn03347,ing049,2023-12-31,PURCHASE_ORDER,34,sup008,2023-12-27,4
txn03433,ing049,2024-01-08,PURCHASE_ORDER,36,sup008,2024-01-03,5
txn03519,ing049,2024-01-16,PURCHASE_ORDER,36,sup008,2024-01-11,5
txn03612,ing049,2024-01-24,PURCHASE_ORDER,34,sup008,2024-01-19,5
txn03713,ing049,2024-02-03,PURCHASE_ORDER,41,sup008,2024-01-27,7
txn03815,ing049,2024-02-13,PURCHASE_ORDER,35,sup008,2024-02-06,7
txn03891,ing049,2024-02-19,PURCHASE_ORDER,37,sup008,2024-02-16,3
txn03961,ing049,2024-02-26,PURCHASE_ORDER,34,sup008,2024-02-22,4
txn04033,ing049,2024-03-04,PURCHASE_ORDER,33,sup008,2024-02-29,4
txn04083,ing049,2024-03-09,PURCHASE_ORDER,46,sup008,2024-03-07,2
txn04160,ing049,2024-03-16,PURCHASE_ORDER,41,sup008,2024-03-12,4
txn04285,ing049,2024-03-28,PURCHASE_ORDER,33,sup008,2024-03-19,9
txn04410,ing049,2024-04-08,PURCHASE_ORDER,35,sup008,2024-03-31,8
txn04471,ing049,2024-04-14,PURCHASE_ORDER,33,sup008,2024-04-11,3
txn04518,ing049,2024-04-19,PURCHASE_ORDER,36,sup008,2024-04-17,2
txn04592,ing049,2024-04-26,PURCHASE_ORDER,36,sup008,2024-04-22,4
txn04728,ing049,2024-05-09,PURCHASE_ORDER,34,sup008,2024-04-29,10
txn04850,ing049,2024-05-20,PURCHASE_ORDER,50,sup008,2024-05-12,8
txn04914,ing049,2024-05-27,PURCHASE_ORDER,38,sup008,2024-05-23,4
txn05001,ing049,2024-06-04,PURCHASE_ORDER,36,sup008,2024-05-30,5
txn05085,ing049,2024-06-13,PURCHASE_ORDER,38,sup008,2024-06-07,6
txn05180,ing049,2024-06-21,PURCHASE_ORDER,34,sup008,2024-06-16,5
txn05248,ing049,2024-06-29,PURCHASE_ORDER,34,sup008,2024-06-24,5
txn05371,ing049,2024-07-10,PURCHASE_ORDER,33,sup008,2024-07-02,8
txn05450,ing049,2024-07-18,PURCHASE_ORDER,33,sup008,2024-07-13,5
txn05526,ing049,2024-07-25,PURCHASE_ORDER,34,sup008,2024-07-21,4
txn05623,ing049,2024-08-04,PURCHASE_ORDER,33,sup008,2024-07-28,7
txn05704,ing049,2024-08-12,PURCHASE_ORDER,34,sup008,2024-08-07,5
txn05779,ing049,2024-08-19,PURCHASE_ORDER,39,sup008,2024-08-15,4
txn05883,ing049,2024-08-29,PURCHASE_ORDER,43,sup008,2024-08-22,7
txn05949,ing049,2024-09-05,PURCHASE_ORDER,38,sup008,2024-09-01,4
txn06012,ing049,2024-09-12,PURCHASE_ORDER,40,sup008,2024-09-08,4
txn06078,ing049,2024-09-19,PURCHASE_ORDER,33,sup008,2024-09-15,4
txn06172,ing049,2024-09-28,PURCHASE_ORDER,37,sup008,2024-09-22,6
txn06259,ing049,2024-10-07,PURCHASE_ORDER,40,sup008,2024-10-01,6
txn06317,ing049,2024-10-13,PURCHASE_ORDER,34,sup008,2024-10-10,3
txn06406,ing049,2024-10-21,PURCHASE_ORDER,35,sup008,2024-10-16,5
txn06521,ing049,2024-11-02,PURCHASE_ORDER,35,sup008,2024-10-24,9
txn06620,ing049,2024-11-12,PURCHASE_ORDER,37,sup008,2024-11-05,7
txn06743,ing049,2024-11-25,PURCHASE_ORDER,36,sup008,2024-11-15,10
txn06853,ing049,2024-12-06,PURCHASE_ORDER,34,sup008,2024-11-28,8
txn06936,ing049,2024-12-14,PURCHASE_ORDER,33,sup008,2024-12-09,5
txn07039,ing049,2024-12-25,PURCHASE_ORDER,37,sup008,2024-12-17,8
txn07128,ing049,2025-01-02,PURCHASE_ORDER,37,sup008,2024-12-28,5
txn07227,ing049,2025-01-12,PURCHASE_ORDER,34,sup008,2025-01-05,7
txn07351,ing049,2025-01-23,PURCHASE_ORDER,35,sup008,2025-01-15,8
txn07433,ing049,2025-01-30,PURCHASE_ORDER,33,sup008,2025-01-26,4
txn07511,ing049,2025-02-07,PURCHASE_ORDER,33,sup008,2025-02-02,5
txn07605,ing049,2025-02-16,PURCHASE_ORDER,36,sup008,2025-02-10,6
txn07724,ing049,2025-02-27,PURCHASE_ORDER,38,sup008,2025-02-19,8
txn07808,ing049,2025-03-07,PURCHASE_ORDER,35,sup008,2025-03-02,5
txn07902,ing049,2025-03-15,PURCHASE_ORDER,38,sup008,2025-03-10,5
txn07994,ing049,2025-03-24,PURCHASE_ORDER,41,sup008,2025-03-18,6
txn08096,ing049,2025-04-02,PURCHASE_ORDER,39,sup008,2025-03-27,6
txn08197,ing049,2025-04-12,PURCHASE_ORDER,42,sup008,2025-04-05,7
txn08309,ing049,2025-04-23,PURCHASE_ORDER,36,sup008,2025-04-15,8
txn08366,ing049,2025-04-29,PURCHASE_ORDER,36,sup008,2025-04-26,3
txn08458,ing049,2025-05-09,PURCHASE_ORDER,35,sup008,2025-05-02,7
txn08519,ing049,2025-05-15,PURCHASE_ORDER,37,sup008,2025-05-12,3
txn08621,ing049,2025-05-25,PURCHASE_ORDER,37,sup008,2025-05-18,7
txn08694,ing049,2025-06-02,PURCHASE_ORDER,35,sup008,2025-05-28,5
txn08778,ing049,2025-06-09,PURCHASE_ORDER,37,sup008,2025-06-05,4
txn08852,ing049,2025-06-17,PURCHASE_ORDER,37,sup008,2025-06-12,5
txn08924,ing049,2025-06-25,PURCHASE_ORDER,34,sup008,2025-06-20,5
txn08987,ing049,2025-07-01,PURCHASE_ORDER,35,sup008,2025-06-28,3
txn09087,ing049,2025-07-11,PURCHASE_ORDER,37,sup008,2025-07-04,7
txn09199,ing049,2025-07-21,PURCHASE_ORDER,33,sup008,2025-07-14,7
txn09321,ing049,2025-08-02,PURCHASE_ORDER,36,sup008,2025-07-24,9
txn09428,ing049,2025-08-12,PURCHASE_ORDER,34,sup008,2025-08-05,7
txn09549,ing049,2025-08-22,PURCHASE_ORDER,35,sup008,2025-08-15,7
txn09651,ing049,2025-09-01,PURCHASE_ORDER,36,sup008,2025-08-25,7
txn09743,ing049,2025-09-10,PURCHASE_ORDER,35,sup008,2025-09-04,6
txn09813,ing049,2025-09-17,PURCHASE_ORDER,37,sup008,2025-09-13,4
txn09870,ing049,2025-09-22,PURCHASE_ORDER,36,sup008,2025-09-20,2
txn09938,ing049,2025-09-29,PURCHASE_ORDER,34,sup008,2025-09-25,4
txn10003,ing049,2025-10-05,PURCHASE_ORDER,37,sup008,2025-10-02,3
txn10077,ing049,2025-10-12,PURCHASE_ORDER,37,sup008,2025-10-08,4
txn10178,ing049,2025-10-21,PURCHASE_ORDER,33,sup008,2025-10-15,6
txn00050,ing050,2023-02-24,PURCHASE_ORDER,25,sup008,2023-02-22,2
txn00093,ing050,2023-02-28,PURCHASE_ORDER,26,sup008,2023-02-27,1
txn00172,ing050,2023-03-08,PURCHASE_ORDER,27,sup008,2023-03-03,5
txn00254,ing050,2023-03-16,PURCHASE_ORDER,25,sup008,2023-03-11,5
txn00308,ing050,2023-03-21,PURCHASE_ORDER,23,sup008,2023-03-19,2
txn00360,ing050,2023-03-26,PURCHASE_ORDER,22,sup008,2023-03-24,2
txn00394,ing050,2023-03-29,PURCHASE_ORDER,25,sup008,2023-03-24,5
txn00458,ing050,2023-04-04,PURCHASE_ORDER,29,sup008,2023-04-01,3
txn00492,ing050,2023-04-07,PURCHASE_ORDER,35,sup008,2023-04-01,6
txn00547,ing050,2023-04-12,PURCHASE_ORDER,22,sup008,2023-04-10,2
txn00615,ing050,2023-04-18,PURCHASE_ORDER,25,sup008,2023-04-15,3
txn00669,ing050,2023-04-23,PURCHASE_ORDER,31,sup008,2023-04-21,2
txn00721,ing050,2023-04-29,PURCHASE_ORDER,26,sup008,2023-04-26,3
txn00767,ing050,2023-05-03,PURCHASE_ORDER,29,sup008,2023-05-02,1
txn00825,ing050,2023-05-08,PURCHASE_ORDER,24,sup008,2023-05-06,2
txn00881,ing050,2023-05-14,PURCHASE_ORDER,23,sup008,2023-05-11,3
txn00923,ing050,2023-05-18,PURCHASE_ORDER,24,sup008,2023-05-17,1
txn01021,ing050,2023-05-28,PURCHASE_ORDER,23,sup008,2023-05-21,7
txn01049,ing050,2023-05-31,PURCHASE_ORDER,29,sup008,2023-05-21,10
txn01115,ing050,2023-06-05,PURCHASE_ORDER,23,sup008,2023-06-03,2
txn01176,ing050,2023-06-11,PURCHASE_ORDER,22,sup008,2023-06-08,3
txn01219,ing050,2023-06-15,PURCHASE_ORDER,32,sup008,2023-06-14,1
txn01276,ing050,2023-06-20,PURCHASE_ORDER,27,sup008,2023-06-18,2
txn01318,ing050,2023-06-24,PURCHASE_ORDER,26,sup008,2023-06-23,1
txn01403,ing050,2023-07-02,PURCHASE_ORDER,23,sup008,2023-06-27,5
txn01471,ing050,2023-07-09,PURCHASE_ORDER,27,sup008,2023-07-05,4
txn01537,ing050,2023-07-14,PURCHASE_ORDER,24,sup008,2023-07-12,2
txn01591,ing050,2023-07-19,PURCHASE_ORDER,27,sup008,2023-07-17,2
txn01621,ing050,2023-07-22,PURCHASE_ORDER,28,sup008,2023-07-17,5
txn01701,ing050,2023-07-29,PURCHASE_ORDER,24,sup008,2023-07-25,4
txn01735,ing050,2023-08-01,PURCHASE_ORDER,23,sup008,2023-07-25,7
txn01780,ing050,2023-08-05,PURCHASE_ORDER,26,sup008,2023-08-04,1
txn01829,ing050,2023-08-10,PURCHASE_ORDER,28,sup008,2023-08-08,2
txn01880,ing050,2023-08-15,PURCHASE_ORDER,25,sup008,2023-08-13,2
txn01903,ing050,2023-08-18,PURCHASE_ORDER,23,sup008,2023-08-13,5
txn01945,ing050,2023-08-22,PURCHASE_ORDER,22,sup008,2023-08-21,1
txn02000,ing050,2023-08-27,PURCHASE_ORDER,24,sup008,2023-08-25,2
txn02043,ing050,2023-08-31,PURCHASE_ORDER,27,sup008,2023-08-30,1
txn02111,ing050,2023-09-06,PURCHASE_ORDER,23,sup008,2023-09-03,3
txn02160,ing050,2023-09-10,PURCHASE_ORDER,27,sup008,2023-09-09,1
txn02228,ing050,2023-09-17,PURCHASE_ORDER,27,sup008,2023-09-13,4
txn02279,ing050,2023-09-22,PURCHASE_ORDER,28,sup008,2023-09-20,2
txn02330,ing050,2023-09-27,PURCHASE_ORDER,22,sup008,2023-09-25,2
txn02384,ing050,2023-10-02,PURCHASE_ORDER,25,sup008,2023-09-30,2
txn02427,ing050,2023-10-05,PURCHASE_ORDER,23,sup008,2023-09-30,5
txn02475,ing050,2023-10-10,PURCHASE_ORDER,27,sup008,2023-10-08,2
txn02514,ing050,2023-10-13,PURCHASE_ORDER,30,sup008,2023-10-08,5
txn02553,ing050,2023-10-17,PURCHASE_ORDER,28,sup008,2023-10-16,1
txn02597,ing050,2023-10-21,PURCHASE_ORDER,23,sup008,2023-10-20,1
txn02658,ing050,2023-10-27,PURCHASE_ORDER,22,sup008,2023-10-24,3
txn02691,ing050,2023-10-30,PURCHASE_ORDER,29,sup008,2023-10-24,6
txn02763,ing050,2023-11-06,PURCHASE_ORDER,25,sup008,2023-11-02,4
txn02798,ing050,2023-11-10,PURCHASE_ORDER,25,sup008,2023-11-09,1
txn02869,ing050,2023-11-17,PURCHASE_ORDER,23,sup008,2023-11-13,4
txn02912,ing050,2023-11-21,PURCHASE_ORDER,26,sup008,2023-11-20,1
txn02941,ing050,2023-11-24,PURCHASE_ORDER,22,sup008,2023-11-20,4
txn03001,ing050,2023-11-29,PURCHASE_ORDER,27,sup008,2023-11-27,2
txn03052,ing050,2023-12-04,PURCHASE_ORDER,23,sup008,2023-12-02,2
txn03092,ing050,2023-12-07,PURCHASE_ORDER,25,sup008,2023-12-02,5
txn03140,ing050,2023-12-11,PURCHASE_ORDER,25,sup008,2023-12-10,1
txn03187,ing050,2023-12-16,PURCHASE_ORDER,22,sup008,2023-12-14,2
txn03226,ing050,2023-12-20,PURCHASE_ORDER,22,sup008,2023-12-19,1
txn03314,ing050,2023-12-28,PURCHASE_ORDER,32,sup008,2023-12-23,5
txn03390,ing050,2024-01-04,PURCHASE_ORDER,24,sup008,2023-12-31,4
txn03504,ing050,2024-01-15,PURCHASE_ORDER,24,sup008,2024-01-07,8
txn03561,ing050,2024-01-20,PURCHASE_ORDER,22,sup008,2024-01-18,2
txn03598,ing050,2024-01-23,PURCHASE_ORDER,23,sup008,2024-01-18,5
txn03714,ing050,2024-02-03,PURCHASE_ORDER,22,sup008,2024-01-26,8
txn03758,ing050,2024-02-07,PURCHASE_ORDER,26,sup008,2024-02-06,1
txn03840,ing050,2024-02-15,PURCHASE_ORDER,22,sup008,2024-02-10,5
txn03892,ing050,2024-02-19,PURCHASE_ORDER,26,sup008,2024-02-18,1
txn03925,ing050,2024-02-22,PURCHASE_ORDER,25,sup008,2024-02-18,4
txn03965,ing050,2024-02-27,PURCHASE_ORDER,23,sup008,2024-02-25,2
txn04009,ing050,2024-03-02,PURCHASE_ORDER,25,sup008,2024-03-01,1
txn04062,ing050,2024-03-07,PURCHASE_ORDER,29,sup008,2024-03-05,2
txn04100,ing050,2024-03-11,PURCHASE_ORDER,30,sup008,2024-03-10,1
txn04169,ing050,2024-03-17,PURCHASE_ORDER,31,sup008,2024-03-14,3
txn04220,ing050,2024-03-22,PURCHASE_ORDER,23,sup008,2024-03-20,2
txn04322,ing050,2024-03-31,PURCHASE_ORDER,27,sup008,2024-03-25,6
txn04365,ing050,2024-04-04,PURCHASE_ORDER,26,sup008,2024-04-03,1
txn04424,ing050,2024-04-10,PURCHASE_ORDER,27,sup008,2024-04-07,3
txn04472,ing050,2024-04-14,PURCHASE_ORDER,22,sup008,2024-04-13,1
txn04539,ing050,2024-04-21,PURCHASE_ORDER,22,sup008,2024-04-17,4
txn04593,ing050,2024-04-26,PURCHASE_ORDER,28,sup008,2024-04-24,2
txn04667,ing050,2024-05-03,PURCHASE_ORDER,22,sup008,2024-04-29,4
txn04721,ing050,2024-05-08,PURCHASE_ORDER,22,sup008,2024-05-06,2
txn04759,ing050,2024-05-12,PURCHASE_ORDER,22,sup008,2024-05-11,1
txn04807,ing050,2024-05-16,PURCHASE_ORDER,22,sup008,2024-05-15,1
txn04885,ing050,2024-05-24,PURCHASE_ORDER,23,sup008,2024-05-19,5
txn04915,ing050,2024-05-27,PURCHASE_ORDER,22,sup008,2024-05-19,8
txn04945,ing050,2024-05-30,PURCHASE_ORDER,22,sup008,2024-05-27,3
txn05022,ing050,2024-06-07,PURCHASE_ORDER,29,sup008,2024-06-02,5
txn05071,ing050,2024-06-12,PURCHASE_ORDER,22,sup008,2024-06-10,2
txn05121,ing050,2024-06-16,PURCHASE_ORDER,27,sup008,2024-06-15,1
txn05200,ing050,2024-06-23,PURCHASE_ORDER,36,sup008,2024-06-19,4
txn05227,ing050,2024-06-26,PURCHASE_ORDER,25,sup008,2024-06-19,7
txn05299,ing050,2024-07-04,PURCHASE_ORDER,22,sup008,2024-06-29,5
txn05348,ing050,2024-07-08,PURCHASE_ORDER,26,sup008,2024-07-07,1
txn05403,ing050,2024-07-13,PURCHASE_ORDER,22,sup008,2024-07-11,2
txn05442,ing050,2024-07-17,PURCHASE_ORDER,25,sup008,2024-07-16,1
txn05497,ing050,2024-07-22,PURCHASE_ORDER,22,sup008,2024-07-20,2
txn05545,ing050,2024-07-27,PURCHASE_ORDER,23,sup008,2024-07-25,2
txn05614,ing050,2024-08-03,PURCHASE_ORDER,28,sup008,2024-07-30,4
txn05675,ing050,2024-08-09,PURCHASE_ORDER,24,sup008,2024-08-06,3
txn05736,ing050,2024-08-15,PURCHASE_ORDER,26,sup008,2024-08-12,3
txn05827,ing050,2024-08-23,PURCHASE_ORDER,22,sup008,2024-08-18,5
txn05892,ing050,2024-08-30,PURCHASE_ORDER,26,sup008,2024-08-26,4
txn05960,ing050,2024-09-06,PURCHASE_ORDER,26,sup008,2024-09-02,4
txn06027,ing050,2024-09-13,PURCHASE_ORDER,24,sup008,2024-09-09,4
txn06085,ing050,2024-09-20,PURCHASE_ORDER,25,sup008,2024-09-16,4
txn06130,ing050,2024-09-24,PURCHASE_ORDER,22,sup008,2024-09-23,1
txn06211,ing050,2024-10-02,PURCHASE_ORDER,23,sup008,2024-09-27,5
txn06291,ing050,2024-10-10,PURCHASE_ORDER,23,sup008,2024-10-05,5
txn06347,ing050,2024-10-16,PURCHASE_ORDER,24,sup008,2024-10-13,3
txn06407,ing050,2024-10-21,PURCHASE_ORDER,23,sup008,2024-10-19,2
txn06434,ing050,2024-10-24,PURCHASE_ORDER,25,sup008,2024-10-19,5
txn06503,ing050,2024-10-31,PURCHASE_ORDER,22,sup008,2024-10-27,4
txn06531,ing050,2024-11-03,PURCHASE_ORDER,28,sup008,2024-10-27,7
txn06571,ing050,2024-11-07,PURCHASE_ORDER,23,sup008,2024-11-06,1
txn06627,ing050,2024-11-13,PURCHASE_ORDER,23,sup008,2024-11-10,3
txn06694,ing050,2024-11-19,PURCHASE_ORDER,22,sup008,2024-11-16,3
txn06744,ing050,2024-11-25,PURCHASE_ORDER,22,sup008,2024-11-22,3
txn06836,ing050,2024-12-04,PURCHASE_ORDER,22,sup008,2024-11-28,6
txn06891,ing050,2024-12-10,PURCHASE_ORDER,27,sup008,2024-12-07,3
txn06937,ing050,2024-12-14,PURCHASE_ORDER,26,sup008,2024-12-13,1
txn06992,ing050,2024-12-20,PURCHASE_ORDER,23,sup008,2024-12-17,3
txn07033,ing050,2024-12-24,PURCHASE_ORDER,24,sup008,2024-12-23,1
txn07070,ing050,2024-12-28,PURCHASE_ORDER,24,sup008,2024-12-27,1
txn07114,ing050,2025-01-01,PURCHASE_ORDER,23,sup008,2024-12-31,1
txn07169,ing050,2025-01-06,PURCHASE_ORDER,25,sup008,2025-01-04,2
txn07216,ing050,2025-01-11,PURCHASE_ORDER,22,sup008,2025-01-09,2
txn07269,ing050,2025-01-16,PURCHASE_ORDER,26,sup008,2025-01-14,2
txn07339,ing050,2025-01-22,PURCHASE_ORDER,24,sup008,2025-01-19,3
txn07387,ing050,2025-01-26,PURCHASE_ORDER,22,sup008,2025-01-25,1
txn07434,ing050,2025-01-30,PURCHASE_ORDER,30,sup008,2025-01-29,1
txn07466,ing050,2025-02-02,PURCHASE_ORDER,22,sup008,2025-01-29,4
txn07548,ing050,2025-02-10,PURCHASE_ORDER,23,sup008,2025-02-05,5
txn07606,ing050,2025-02-16,PURCHASE_ORDER,22,sup008,2025-02-13,3
txn07663,ing050,2025-02-21,PURCHASE_ORDER,23,sup008,2025-02-19,2
txn07765,ing050,2025-03-03,PURCHASE_ORDER,23,sup008,2025-02-24,7
txn07827,ing050,2025-03-09,PURCHASE_ORDER,29,sup008,2025-03-06,3
txn07876,ing050,2025-03-13,PURCHASE_ORDER,22,sup008,2025-03-12,1
txn07941,ing050,2025-03-19,PURCHASE_ORDER,30,sup008,2025-03-16,3
txn07995,ing050,2025-03-24,PURCHASE_ORDER,22,sup008,2025-03-22,2
txn08076,ing050,2025-03-31,PURCHASE_ORDER,29,sup008,2025-03-27,4
txn08134,ing050,2025-04-05,PURCHASE_ORDER,25,sup008,2025-04-03,2
txn08181,ing050,2025-04-10,PURCHASE_ORDER,23,sup008,2025-04-08,2
txn08236,ing050,2025-04-16,PURCHASE_ORDER,27,sup008,2025-04-13,3
txn08287,ing050,2025-04-21,PURCHASE_ORDER,25,sup008,2025-04-19,2
txn08336,ing050,2025-04-26,PURCHASE_ORDER,25,sup008,2025-04-24,2
txn08392,ing050,2025-05-02,PURCHASE_ORDER,29,sup008,2025-04-29,3
txn08421,ing050,2025-05-05,PURCHASE_ORDER,32,sup008,2025-04-29,6
txn08557,ing050,2025-05-19,PURCHASE_ORDER,23,sup008,2025-05-08,11
txn08629,ing050,2025-05-26,PURCHASE_ORDER,26,sup008,2025-05-22,4
txn08706,ing050,2025-06-03,PURCHASE_ORDER,23,sup008,2025-05-29,5
txn08742,ing050,2025-06-06,PURCHASE_ORDER,22,sup008,2025-05-29,8
txn08853,ing050,2025-06-17,PURCHASE_ORDER,22,sup008,2025-06-09,8
txn08910,ing050,2025-06-23,PURCHASE_ORDER,31,sup008,2025-06-20,3
txn08969,ing050,2025-06-29,PURCHASE_ORDER,26,sup008,2025-06-26,3
txn09034,ing050,2025-07-06,PURCHASE_ORDER,25,sup008,2025-07-02,4
txn09077,ing050,2025-07-10,PURCHASE_ORDER,24,sup008,2025-07-09,1
txn09200,ing050,2025-07-21,PURCHASE_ORDER,23,sup008,2025-07-13,8
txn09268,ing050,2025-07-27,PURCHASE_ORDER,23,sup008,2025-07-24,3
txn09311,ing050,2025-08-01,PURCHASE_ORDER,25,sup008,2025-07-30,2
txn09355,ing050,2025-08-05,PURCHASE_ORDER,29,sup008,2025-08-04,1
txn09396,ing050,2025-08-09,PURCHASE_ORDER,34,sup008,2025-08-08,1
txn09429,ing050,2025-08-12,PURCHASE_ORDER,26,sup008,2025-08-08,4
txn09472,ing050,2025-08-16,PURCHASE_ORDER,26,sup008,2025-08-15,1
txn09525,ing050,2025-08-20,PURCHASE_ORDER,23,sup008,2025-08-19,1
txn09587,ing050,2025-08-26,PURCHASE_ORDER,22,sup008,2025-08-23,3
txn09642,ing050,2025-08-31,PURCHASE_ORDER,26,sup008,2025-08-29,2
txn09724,ing050,2025-09-08,PURCHASE_ORDER,23,sup008,2025-09-03,5
txn09787,ing050,2025-09-15,PURCHASE_ORDER,25,sup008,2025-09-11,4
txn09849,ing050,2025-09-20,PURCHASE_ORDER,23,sup008,2025-09-18,2
txn09916,ing050,2025-09-27,PURCHASE_ORDER,22,sup008,2025-09-23,4
txn10027,ing050,2025-10-07,PURCHASE_ORDER,22,sup008,2025-09-30,7
txn10062,ing050,2025-10-11,PURCHASE_ORDER,25,sup008,2025-10-10,1
txn10121,ing050,2025-10-16,PURCHASE_ORDER,26,sup008,2025-10-14,2
txn10157,ing050,2025-10-19,PURCHASE_ORDER,26,sup008,2025-10-14,5
txn10200,ing050,2025-10-23,PURCHASE_ORDER,24,sup008,2025-10-22,1
txn00086,ing051,2023-02-27,PURCHASE_ORDER,36,sup008,2023-02-24,3
txn00184,ing051,2023-03-09,PURCHASE_ORDER,39,sup008,2023-03-01,8
txn00292,ing051,2023-03-20,PURCHASE_ORDER,43,sup008,2023-03-11,9
txn00380,ing051,2023-03-28,PURCHASE_ORDER,37,sup008,2023-03-22,6
txn00450,ing051,2023-04-03,PURCHASE_ORDER,34,sup008,2023-03-30,4
txn00531,ing051,2023-04-10,PURCHASE_ORDER,36,sup008,2023-04-05,5
txn00622,ing051,2023-04-19,PURCHASE_ORDER,35,sup008,2023-04-12,7
txn00722,ing051,2023-04-29,PURCHASE_ORDER,36,sup008,2023-04-21,8
txn00815,ing051,2023-05-07,PURCHASE_ORDER,32,sup008,2023-05-01,6
txn00882,ing051,2023-05-14,PURCHASE_ORDER,40,sup008,2023-05-09,5
txn00929,ing051,2023-05-19,PURCHASE_ORDER,34,sup008,2023-05-16,3
txn00981,ing051,2023-05-24,PURCHASE_ORDER,33,sup008,2023-05-21,3
txn01050,ing051,2023-05-31,PURCHASE_ORDER,37,sup008,2023-05-26,5
txn01142,ing051,2023-06-08,PURCHASE_ORDER,33,sup008,2023-06-02,6
txn01251,ing051,2023-06-18,PURCHASE_ORDER,34,sup008,2023-06-10,8
txn01349,ing051,2023-06-27,PURCHASE_ORDER,36,sup008,2023-06-20,7
txn01447,ing051,2023-07-07,PURCHASE_ORDER,32,sup008,2023-06-29,8
txn01549,ing051,2023-07-15,PURCHASE_ORDER,32,sup008,2023-07-09,6
txn01644,ing051,2023-07-24,PURCHASE_ORDER,33,sup008,2023-07-17,7
txn01755,ing051,2023-08-03,PURCHASE_ORDER,36,sup008,2023-07-26,8
txn01830,ing051,2023-08-10,PURCHASE_ORDER,34,sup008,2023-08-05,5
txn01904,ing051,2023-08-18,PURCHASE_ORDER,35,sup008,2023-08-12,6
txn01968,ing051,2023-08-24,PURCHASE_ORDER,34,sup008,2023-08-20,4
txn02077,ing051,2023-09-03,PURCHASE_ORDER,35,sup008,2023-08-26,8
txn02200,ing051,2023-09-14,PURCHASE_ORDER,38,sup008,2023-09-05,9
txn02290,ing051,2023-09-23,PURCHASE_ORDER,35,sup008,2023-09-16,7
txn02373,ing051,2023-10-01,PURCHASE_ORDER,32,sup008,2023-09-25,6
txn02476,ing051,2023-10-10,PURCHASE_ORDER,32,sup008,2023-10-03,7
txn02528,ing051,2023-10-15,PURCHASE_ORDER,32,sup008,2023-10-12,3
txn02649,ing051,2023-10-26,PURCHASE_ORDER,35,sup008,2023-10-17,9
txn02744,ing051,2023-11-04,PURCHASE_ORDER,38,sup008,2023-10-28,7
txn02831,ing051,2023-11-13,PURCHASE_ORDER,40,sup008,2023-11-06,7
txn02913,ing051,2023-11-21,PURCHASE_ORDER,32,sup008,2023-11-15,6
txn02986,ing051,2023-11-28,PURCHASE_ORDER,36,sup008,2023-11-23,5
txn03067,ing051,2023-12-05,PURCHASE_ORDER,33,sup008,2023-11-30,5
txn03127,ing051,2023-12-10,PURCHASE_ORDER,32,sup008,2023-12-07,3
txn03203,ing051,2023-12-18,PURCHASE_ORDER,38,sup008,2023-12-12,6
txn03283,ing051,2023-12-25,PURCHASE_ORDER,35,sup008,2023-12-20,5
txn03348,ing051,2023-12-31,PURCHASE_ORDER,37,sup008,2023-12-27,4
txn03401,ing051,2024-01-05,PURCHASE_ORDER,32,sup008,2024-01-02,3
txn03552,ing051,2024-01-19,PURCHASE_ORDER,35,sup008,2024-01-07,12
txn03583,ing051,2024-01-22,PURCHASE_ORDER,33,sup008,2024-01-21,1
txn03656,ing051,2024-01-28,PURCHASE_ORDER,33,sup008,2024-01-24,4
txn03737,ing051,2024-02-05,PURCHASE_ORDER,33,sup008,2024-01-30,6
txn03791,ing051,2024-02-11,PURCHASE_ORDER,34,sup008,2024-02-07,4
txn03864,ing051,2024-02-17,PURCHASE_ORDER,32,sup008,2024-02-13,4
txn04017,ing051,2024-03-03,PURCHASE_ORDER,34,sup008,2024-02-19,13
txn04084,ing051,2024-03-09,PURCHASE_ORDER,32,sup008,2024-03-05,4
txn04190,ing051,2024-03-19,PURCHASE_ORDER,35,sup008,2024-03-11,8
txn04275,ing051,2024-03-27,PURCHASE_ORDER,32,sup008,2024-03-21,6
txn04343,ing051,2024-04-02,PURCHASE_ORDER,33,sup008,2024-03-29,4
txn04411,ing051,2024-04-08,PURCHASE_ORDER,34,sup008,2024-04-04,4
txn04540,ing051,2024-04-21,PURCHASE_ORDER,36,sup008,2024-04-10,11
txn04650,ing051,2024-05-01,PURCHASE_ORDER,32,sup008,2024-04-23,8
txn04700,ing051,2024-05-06,PURCHASE_ORDER,33,sup008,2024-05-03,3
txn04769,ing051,2024-05-13,PURCHASE_ORDER,34,sup008,2024-05-08,5
txn04816,ing051,2024-05-17,PURCHASE_ORDER,37,sup008,2024-05-15,2
txn04901,ing051,2024-05-26,PURCHASE_ORDER,37,sup008,2024-05-19,7
txn05014,ing051,2024-06-06,PURCHASE_ORDER,38,sup008,2024-05-28,9
txn05086,ing051,2024-06-13,PURCHASE_ORDER,38,sup008,2024-06-08,5
txn05159,ing051,2024-06-19,PURCHASE_ORDER,38,sup008,2024-06-15,4
txn05239,ing051,2024-06-28,PURCHASE_ORDER,40,sup008,2024-06-21,7
txn05365,ing051,2024-07-09,PURCHASE_ORDER,43,sup008,2024-06-30,9
txn05443,ing051,2024-07-17,PURCHASE_ORDER,45,sup008,2024-07-11,6
txn05498,ing051,2024-07-22,PURCHASE_ORDER,36,sup008,2024-07-19,3
txn05584,ing051,2024-07-31,PURCHASE_ORDER,34,sup008,2024-07-24,7
txn05676,ing051,2024-08-09,PURCHASE_ORDER,32,sup008,2024-08-02,7
txn05780,ing051,2024-08-19,PURCHASE_ORDER,41,sup008,2024-08-11,8
txn05843,ing051,2024-08-25,PURCHASE_ORDER,35,sup008,2024-08-21,4
txn05900,ing051,2024-08-31,PURCHASE_ORDER,37,sup008,2024-08-27,4
txn06004,ing051,2024-09-11,PURCHASE_ORDER,34,sup008,2024-09-02,9
txn06086,ing051,2024-09-20,PURCHASE_ORDER,37,sup008,2024-09-13,7
txn06173,ing051,2024-09-28,PURCHASE_ORDER,36,sup008,2024-09-22,6
txn06240,ing051,2024-10-05,PURCHASE_ORDER,33,sup008,2024-09-30,5
txn06335,ing051,2024-10-15,PURCHASE_ORDER,36,sup008,2024-10-07,8
txn06435,ing051,2024-10-24,PURCHASE_ORDER,37,sup008,2024-10-17,7
txn06532,ing051,2024-11-03,PURCHASE_ORDER,36,sup008,2024-10-26,8
txn06603,ing051,2024-11-10,PURCHASE_ORDER,35,sup008,2024-11-05,5
txn06681,ing051,2024-11-18,PURCHASE_ORDER,33,sup008,2024-11-12,6
txn06723,ing051,2024-11-22,PURCHASE_ORDER,34,sup008,2024-11-20,2
txn06764,ing051,2024-11-27,PURCHASE_ORDER,34,sup008,2024-11-24,3
txn06822,ing051,2024-12-03,PURCHASE_ORDER,34,sup008,2024-11-29,4
txn06923,ing051,2024-12-13,PURCHASE_ORDER,33,sup008,2024-12-05,8
txn07019,ing051,2024-12-23,PURCHASE_ORDER,33,sup008,2024-12-15,8
txn07099,ing051,2024-12-31,PURCHASE_ORDER,42,sup008,2024-12-25,6
txn07197,ing051,2025-01-09,PURCHASE_ORDER,32,sup008,2025-01-02,7
txn07249,ing051,2025-01-14,PURCHASE_ORDER,32,sup008,2025-01-11,3
txn07361,ing051,2025-01-24,PURCHASE_ORDER,32,sup008,2025-01-16,8
txn07435,ing051,2025-01-30,PURCHASE_ORDER,37,sup008,2025-01-26,4
txn07512,ing051,2025-02-07,PURCHASE_ORDER,34,sup008,2025-02-01,6
txn07649,ing051,2025-02-20,PURCHASE_ORDER,37,sup008,2025-02-09,11
txn07766,ing051,2025-03-03,PURCHASE_ORDER,36,sup008,2025-02-22,9
txn07851,ing051,2025-03-11,PURCHASE_ORDER,37,sup008,2025-03-05,6
txn07942,ing051,2025-03-19,PURCHASE_ORDER,33,sup008,2025-03-13,6
txn08004,ing051,2025-03-25,PURCHASE_ORDER,38,sup008,2025-03-21,4
txn08077,ing051,2025-03-31,PURCHASE_ORDER,32,sup008,2025-03-27,4
txn08120,ing051,2025-04-04,PURCHASE_ORDER,32,sup008,2025-04-02,2
txn08182,ing051,2025-04-10,PURCHASE_ORDER,32,sup008,2025-04-06,4
txn08288,ing051,2025-04-21,PURCHASE_ORDER,33,sup008,2025-04-12,9
txn08385,ing051,2025-05-01,PURCHASE_ORDER,34,sup008,2025-04-23,8
txn08431,ing051,2025-05-06,PURCHASE_ORDER,35,sup008,2025-05-03,3
txn08538,ing051,2025-05-17,PURCHASE_ORDER,38,sup008,2025-05-08,9
txn08622,ing051,2025-05-25,PURCHASE_ORDER,32,sup008,2025-05-19,6
txn08731,ing051,2025-06-05,PURCHASE_ORDER,37,sup008,2025-05-27,9
txn08822,ing051,2025-06-14,PURCHASE_ORDER,36,sup008,2025-06-07,7
txn08911,ing051,2025-06-23,PURCHASE_ORDER,34,sup008,2025-06-16,7
txn08957,ing051,2025-06-28,PURCHASE_ORDER,32,sup008,2025-06-25,3
txn09015,ing051,2025-07-04,PURCHASE_ORDER,32,sup008,2025-06-30,4
txn09097,ing051,2025-07-12,PURCHASE_ORDER,36,sup008,2025-07-06,6
txn09185,ing051,2025-07-20,PURCHASE_ORDER,32,sup008,2025-07-14,6
txn09304,ing051,2025-07-31,PURCHASE_ORDER,36,sup008,2025-07-22,9
txn09389,ing051,2025-08-08,PURCHASE_ORDER,39,sup008,2025-08-02,6
txn09473,ing051,2025-08-16,PURCHASE_ORDER,34,sup008,2025-08-10,6
txn09550,ing051,2025-08-22,PURCHASE_ORDER,33,sup008,2025-08-18,4
txn09630,ing051,2025-08-30,PURCHASE_ORDER,34,sup008,2025-08-24,6
txn09713,ing051,2025-09-07,PURCHASE_ORDER,44,sup008,2025-09-01,6
txn09800,ing051,2025-09-16,PURCHASE_ORDER,35,sup008,2025-09-09,7
txn09871,ing051,2025-09-22,PURCHASE_ORDER,36,sup008,2025-09-18,4
txn09917,ing051,2025-09-27,PURCHASE_ORDER,35,sup008,2025-09-24,3
txn09993,ing051,2025-10-04,PURCHASE_ORDER,40,sup008,2025-09-29,5
txn10106,ing051,2025-10-15,PURCHASE_ORDER,36,sup008,2025-10-06,9
txn10170,ing051,2025-10-20,PURCHASE_ORDER,32,sup008,2025-10-17,3
txn00069,ing052,2023-02-26,PURCHASE_ORDER,22,sup008,2023-02-25,1
txn00124,ing052,2023-03-03,PURCHASE_ORDER,24,sup008,2023-03-01,2
txn00164,ing052,2023-03-07,PURCHASE_ORDER,25,sup008,2023-03-06,1
txn00246,ing052,2023-03-15,PURCHASE_ORDER,22,sup008,2023-03-10,5
txn00317,ing052,2023-03-22,PURCHASE_ORDER,23,sup008,2023-03-18,4
txn00372,ing052,2023-03-27,PURCHASE_ORDER,26,sup008,2023-03-25,2
txn00426,ing052,2023-04-01,PURCHASE_ORDER,22,sup008,2023-03-30,2
txn00486,ing052,2023-04-06,PURCHASE_ORDER,29,sup008,2023-04-04,2
txn00560,ing052,2023-04-13,PURCHASE_ORDER,24,sup008,2023-04-09,4
txn00632,ing052,2023-04-20,PURCHASE_ORDER,23,sup008,2023-04-16,4
txn00701,ing052,2023-04-26,PURCHASE_ORDER,27,sup008,2023-04-23,3
txn00778,ing052,2023-05-04,PURCHASE_ORDER,28,sup008,2023-04-29,5
txn00851,ing052,2023-05-11,PURCHASE_ORDER,22,sup008,2023-05-07,4
txn00891,ing052,2023-05-15,PURCHASE_ORDER,30,sup008,2023-05-14,1
txn00982,ing052,2023-05-24,PURCHASE_ORDER,24,sup008,2023-05-18,6
txn01022,ing052,2023-05-28,PURCHASE_ORDER,23,sup008,2023-05-27,1
txn01079,ing052,2023-06-02,PURCHASE_ORDER,24,sup008,2023-05-31,2
txn01188,ing052,2023-06-12,PURCHASE_ORDER,26,sup008,2023-06-05,7
txn01220,ing052,2023-06-15,PURCHASE_ORDER,22,sup008,2023-06-05,10
txn01268,ing052,2023-06-19,PURCHASE_ORDER,24,sup008,2023-06-18,1
txn01336,ing052,2023-06-26,PURCHASE_ORDER,22,sup008,2023-06-22,4
txn01412,ing052,2023-07-03,PURCHASE_ORDER,26,sup008,2023-06-29,4
txn01460,ing052,2023-07-08,PURCHASE_ORDER,24,sup008,2023-07-06,2
txn01526,ing052,2023-07-13,PURCHASE_ORDER,24,sup008,2023-07-11,2
txn01562,ing052,2023-07-16,PURCHASE_ORDER,27,sup008,2023-07-11,5
txn01622,ing052,2023-07-22,PURCHASE_ORDER,26,sup008,2023-07-19,3
txn01667,ing052,2023-07-26,PURCHASE_ORDER,24,sup008,2023-07-25,1
txn01709,ing052,2023-07-30,PURCHASE_ORDER,23,sup008,2023-07-29,1
txn01768,ing052,2023-08-04,PURCHASE_ORDER,24,sup008,2023-08-02,2
txn01887,ing052,2023-08-16,PURCHASE_ORDER,27,sup008,2023-08-07,9
txn01969,ing052,2023-08-24,PURCHASE_ORDER,22,sup008,2023-08-19,5
txn02032,ing052,2023-08-30,PURCHASE_ORDER,26,sup008,2023-08-27,3
txn02112,ing052,2023-09-06,PURCHASE_ORDER,23,sup008,2023-09-02,4
txn02178,ing052,2023-09-12,PURCHASE_ORDER,25,sup008,2023-09-09,3
txn02220,ing052,2023-09-16,PURCHASE_ORDER,26,sup008,2023-09-15,1
txn02268,ing052,2023-09-21,PURCHASE_ORDER,24,sup008,2023-09-19,2
txn02319,ing052,2023-09-26,PURCHASE_ORDER,27,sup008,2023-09-24,2
txn02385,ing052,2023-10-02,PURCHASE_ORDER,32,sup008,2023-09-29,3
txn02456,ing052,2023-10-08,PURCHASE_ORDER,24,sup008,2023-10-05,3
txn02502,ing052,2023-10-12,PURCHASE_ORDER,26,sup008,2023-10-11,1
txn02598,ing052,2023-10-21,PURCHASE_ORDER,25,sup008,2023-10-15,6
txn02627,ing052,2023-10-24,PURCHASE_ORDER,24,sup008,2023-10-15,9
txn02679,ing052,2023-10-29,PURCHASE_ORDER,23,sup008,2023-10-27,2
txn02726,ing052,2023-11-02,PURCHASE_ORDER,27,sup008,2023-11-01,1
txn02764,ing052,2023-11-06,PURCHASE_ORDER,22,sup008,2023-11-05,1
txn02839,ing052,2023-11-14,PURCHASE_ORDER,24,sup008,2023-11-09,5
txn02901,ing052,2023-11-20,PURCHASE_ORDER,26,sup008,2023-11-17,3
txn02972,ing052,2023-11-27,PURCHASE_ORDER,25,sup008,2023-11-23,4
txn03093,ing052,2023-12-07,PURCHASE_ORDER,22,sup008,2023-11-30,7
txn03150,ing052,2023-12-12,PURCHASE_ORDER,23,sup008,2023-12-10,2
txn03196,ing052,2023-12-17,PURCHASE_ORDER,22,sup008,2023-12-15,2
txn03249,ing052,2023-12-22,PURCHASE_ORDER,31,sup008,2023-12-20,2
txn03323,ing052,2023-12-29,PURCHASE_ORDER,22,sup008,2023-12-25,4
txn03391,ing052,2024-01-04,PURCHASE_ORDER,35,sup008,2024-01-01,3
txn03454,ing052,2024-01-10,PURCHASE_ORDER,25,sup008,2024-01-07,3
txn03520,ing052,2024-01-16,PURCHASE_ORDER,26,sup008,2024-01-13,3
txn03665,ing052,2024-01-29,PURCHASE_ORDER,22,sup008,2024-01-19,10
txn03715,ing052,2024-02-03,PURCHASE_ORDER,24,sup008,2024-02-01,2
txn03804,ing052,2024-02-12,PURCHASE_ORDER,25,sup008,2024-02-06,6
txn03865,ing052,2024-02-17,PURCHASE_ORDER,24,sup008,2024-02-15,2
txn03937,ing052,2024-02-24,PURCHASE_ORDER,27,sup008,2024-02-20,4
txn03986,ing052,2024-02-29,PURCHASE_ORDER,25,sup008,2024-02-27,2
txn04048,ing052,2024-03-06,PURCHASE_ORDER,27,sup008,2024-03-03,3
txn04101,ing052,2024-03-11,PURCHASE_ORDER,24,sup008,2024-03-09,2
txn04149,ing052,2024-03-15,PURCHASE_ORDER,27,sup008,2024-03-14,1
txn04232,ing052,2024-03-23,PURCHASE_ORDER,25,sup008,2024-03-18,5
txn04286,ing052,2024-03-28,PURCHASE_ORDER,27,sup008,2024-03-26,2
txn04344,ing052,2024-04-02,PURCHASE_ORDER,27,sup008,2024-03-31,2
txn04377,ing052,2024-04-05,PURCHASE_ORDER,29,sup008,2024-03-31,5
txn04419,ing052,2024-04-09,PURCHASE_ORDER,24,sup008,2024-04-08,1
txn04508,ing052,2024-04-18,PURCHASE_ORDER,27,sup008,2024-04-12,6
txn04569,ing052,2024-04-24,PURCHASE_ORDER,23,sup008,2024-04-21,3
txn04603,ing052,2024-04-27,PURCHASE_ORDER,23,sup008,2024-04-21,6
txn04686,ing052,2024-05-05,PURCHASE_ORDER,28,sup008,2024-04-30,5
txn04734,ing052,2024-05-10,PURCHASE_ORDER,25,sup008,2024-05-08,2
txn04817,ing052,2024-05-17,PURCHASE_ORDER,30,sup008,2024-05-13,4
txn04863,ing052,2024-05-22,PURCHASE_ORDER,31,sup008,2024-05-20,2
txn04902,ing052,2024-05-26,PURCHASE_ORDER,23,sup008,2024-05-25,1
txn04987,ing052,2024-06-03,PURCHASE_ORDER,26,sup008,2024-05-29,5
txn05087,ing052,2024-06-13,PURCHASE_ORDER,27,sup008,2024-06-06,7
txn05142,ing052,2024-06-18,PURCHASE_ORDER,26,sup008,2024-06-16,2
txn05208,ing052,2024-06-24,PURCHASE_ORDER,29,sup008,2024-06-21,3
txn05264,ing052,2024-06-30,PURCHASE_ORDER,22,sup008,2024-06-27,3
txn05349,ing052,2024-07-08,PURCHASE_ORDER,24,sup008,2024-07-03,5
txn05384,ing052,2024-07-11,PURCHASE_ORDER,22,sup008,2024-07-03,8
txn05419,ing052,2024-07-15,PURCHASE_ORDER,23,sup008,2024-07-14,1
txn05451,ing052,2024-07-18,PURCHASE_ORDER,25,sup008,2024-07-14,4
txn05536,ing052,2024-07-26,PURCHASE_ORDER,29,sup008,2024-07-21,5
txn05615,ing052,2024-08-03,PURCHASE_ORDER,29,sup008,2024-07-29,5
txn05665,ing052,2024-08-08,PURCHASE_ORDER,22,sup008,2024-08-06,2
txn05724,ing052,2024-08-14,PURCHASE_ORDER,25,sup008,2024-08-11,3
txn05781,ing052,2024-08-19,PURCHASE_ORDER,22,sup008,2024-08-17,2
txn05834,ing052,2024-08-24,PURCHASE_ORDER,22,sup008,2024-08-22,2
txn05912,ing052,2024-09-01,PURCHASE_ORDER,23,sup008,2024-08-27,5
txn05965,ing052,2024-09-07,PURCHASE_ORDER,24,sup008,2024-09-04,3
txn06005,ing052,2024-09-11,PURCHASE_ORDER,24,sup008,2024-09-10,1
txn06046,ing052,2024-09-15,PURCHASE_ORDER,24,sup008,2024-09-14,1
txn06087,ing052,2024-09-20,PURCHASE_ORDER,25,sup008,2024-09-18,2
txn06184,ing052,2024-09-29,PURCHASE_ORDER,22,sup008,2024-09-23,6
txn06241,ing052,2024-10-05,PURCHASE_ORDER,23,sup008,2024-10-02,3
txn06285,ing052,2024-10-09,PURCHASE_ORDER,27,sup008,2024-10-08,1
txn06348,ing052,2024-10-16,PURCHASE_ORDER,29,sup008,2024-10-12,4
txn06436,ing052,2024-10-24,PURCHASE_ORDER,25,sup008,2024-10-19,5
txn06522,ing052,2024-11-02,PURCHASE_ORDER,23,sup008,2024-10-27,6
txn06572,ing052,2024-11-07,PURCHASE_ORDER,27,sup008,2024-11-05,2
txn06628,ing052,2024-11-13,PURCHASE_ORDER,24,sup008,2024-11-10,3
txn06695,ing052,2024-11-19,PURCHASE_ORDER,22,sup008,2024-11-16,3
txn06745,ing052,2024-11-25,PURCHASE_ORDER,22,sup008,2024-11-22,3
txn06814,ing052,2024-12-02,PURCHASE_ORDER,23,sup008,2024-11-28,4
txn06901,ing052,2024-12-11,PURCHASE_ORDER,22,sup008,2024-12-05,6
txn06943,ing052,2024-12-15,PURCHASE_ORDER,29,sup008,2024-12-14,1
txn06993,ing052,2024-12-20,PURCHASE_ORDER,24,sup008,2024-12-18,2
txn07061,ing052,2024-12-27,PURCHASE_ORDER,23,sup008,2024-12-23,4
txn07115,ing052,2025-01-01,PURCHASE_ORDER,24,sup008,2024-12-30,2
txn07182,ing052,2025-01-07,PURCHASE_ORDER,22,sup008,2025-01-04,3
txn07207,ing052,2025-01-10,PURCHASE_ORDER,23,sup008,2025-01-04,6
txn07283,ing052,2025-01-17,PURCHASE_ORDER,24,sup008,2025-01-13,4
txn07340,ing052,2025-01-22,PURCHASE_ORDER,25,sup008,2025-01-20,2
txn07407,ing052,2025-01-28,PURCHASE_ORDER,31,sup008,2025-01-25,3
txn07467,ing052,2025-02-02,PURCHASE_ORDER,24,sup008,2025-01-31,2
txn07499,ing052,2025-02-05,PURCHASE_ORDER,26,sup008,2025-01-31,5
txn07533,ing052,2025-02-09,PURCHASE_ORDER,23,sup008,2025-02-08,1
txn07591,ing052,2025-02-14,PURCHASE_ORDER,29,sup008,2025-02-12,2
txn07626,ing052,2025-02-18,PURCHASE_ORDER,24,sup008,2025-02-17,1
txn07686,ing052,2025-02-23,PURCHASE_ORDER,22,sup008,2025-02-21,2
txn07767,ing052,2025-03-03,PURCHASE_ORDER,27,sup008,2025-02-26,5
txn07828,ing052,2025-03-09,PURCHASE_ORDER,26,sup008,2025-03-06,3
txn07966,ing052,2025-03-21,PURCHASE_ORDER,26,sup008,2025-03-12,9
txn08005,ing052,2025-03-25,PURCHASE_ORDER,24,sup008,2025-03-24,1
txn08042,ing052,2025-03-28,PURCHASE_ORDER,22,sup008,2025-03-24,4
txn08097,ing052,2025-04-02,PURCHASE_ORDER,29,sup008,2025-03-31,2
txn08154,ing052,2025-04-07,PURCHASE_ORDER,24,sup008,2025-04-05,2
txn08198,ing052,2025-04-12,PURCHASE_ORDER,27,sup008,2025-04-10,2
txn08254,ing052,2025-04-18,PURCHASE_ORDER,25,sup008,2025-04-15,3
txn08297,ing052,2025-04-22,PURCHASE_ORDER,33,sup008,2025-04-21,1
txn08337,ing052,2025-04-26,PURCHASE_ORDER,23,sup008,2025-04-25,1
txn08386,ing052,2025-05-01,PURCHASE_ORDER,22,sup008,2025-04-29,2
txn08450,ing052,2025-05-08,PURCHASE_ORDER,22,sup008,2025-05-04,4
txn08494,ing052,2025-05-13,PURCHASE_ORDER,26,sup008,2025-05-11,2
txn08539,ing052,2025-05-17,PURCHASE_ORDER,22,sup008,2025-05-16,1
txn08608,ing052,2025-05-24,PURCHASE_ORDER,25,sup008,2025-05-20,4
txn08648,ing052,2025-05-28,PURCHASE_ORDER,26,sup008,2025-05-27,1
txn08719,ing052,2025-06-04,PURCHASE_ORDER,24,sup008,2025-05-31,4
txn08795,ing052,2025-06-11,PURCHASE_ORDER,23,sup008,2025-06-07,4
txn08854,ing052,2025-06-17,PURCHASE_ORDER,27,sup008,2025-06-14,3
txn08925,ing052,2025-06-25,PURCHASE_ORDER,24,sup008,2025-06-20,5
txn08988,ing052,2025-07-01,PURCHASE_ORDER,25,sup008,2025-06-28,3
txn09035,ing052,2025-07-06,PURCHASE_ORDER,24,sup008,2025-07-04,2
txn09129,ing052,2025-07-15,PURCHASE_ORDER,25,sup008,2025-07-09,6
txn09162,ing052,2025-07-18,PURCHASE_ORDER,31,sup008,2025-07-09,9
txn09257,ing052,2025-07-26,PURCHASE_ORDER,27,sup008,2025-07-21,5
txn09312,ing052,2025-08-01,PURCHASE_ORDER,22,sup008,2025-07-29,3
txn09397,ing052,2025-08-09,PURCHASE_ORDER,27,sup008,2025-08-04,5
txn09461,ing052,2025-08-15,PURCHASE_ORDER,23,sup008,2025-08-12,3
txn09498,ing052,2025-08-18,PURCHASE_ORDER,24,sup008,2025-08-12,6
txn09588,ing052,2025-08-26,PURCHASE_ORDER,29,sup008,2025-08-21,5
txn09643,ing052,2025-08-31,PURCHASE_ORDER,23,sup008,2025-08-29,2
txn09682,ing052,2025-09-04,PURCHASE_ORDER,29,sup008,2025-09-03,1
txn09779,ing052,2025-09-14,PURCHASE_ORDER,24,sup008,2025-09-07,7
txn09860,ing052,2025-09-21,PURCHASE_ORDER,23,sup008,2025-09-17,4
txn09903,ing052,2025-09-25,PURCHASE_ORDER,31,sup008,2025-09-24,1
txn09994,ing052,2025-10-04,PURCHASE_ORDER,27,sup008,2025-09-28,6
txn10055,ing052,2025-10-10,PURCHASE_ORDER,22,sup008,2025-10-07,3
txn10091,ing052,2025-10-13,PURCHASE_ORDER,23,sup008,2025-10-07,6
txn10144,ing052,2025-10-18,PURCHASE_ORDER,27,sup008,2025-10-16,2
txn10209,ing052,2025-10-24,PURCHASE_ORDER,22,sup008,2025-10-21,3
txn00107,ing053,2023-03-01,PURCHASE_ORDER,46,sup008,2023-02-24,5
txn00215,ing053,2023-03-12,PURCHASE_ORDER,32,sup008,2023-03-04,8
txn00293,ing053,2023-03-20,PURCHASE_ORDER,37,sup008,2023-03-15,5
txn00361,ing053,2023-03-26,PURCHASE_ORDER,35,sup008,2023-03-23,3
txn00439,ing053,2023-04-02,PURCHASE_ORDER,35,sup008,2023-03-29,4
txn00561,ing053,2023-04-13,PURCHASE_ORDER,35,sup008,2023-04-05,8
txn00616,ing053,2023-04-18,PURCHASE_ORDER,38,sup008,2023-04-16,2
txn00723,ing053,2023-04-29,PURCHASE_ORDER,35,sup008,2023-04-21,8
txn00802,ing053,2023-05-06,PURCHASE_ORDER,41,sup008,2023-05-02,4
txn00871,ing053,2023-05-13,PURCHASE_ORDER,32,sup008,2023-05-09,4
txn00914,ing053,2023-05-17,PURCHASE_ORDER,31,sup008,2023-05-16,1
txn00983,ing053,2023-05-24,PURCHASE_ORDER,34,sup008,2023-05-20,4
txn01040,ing053,2023-05-30,PURCHASE_ORDER,34,sup008,2023-05-27,3
txn01124,ing053,2023-06-06,PURCHASE_ORDER,35,sup008,2023-06-02,4
txn01269,ing053,2023-06-19,PURCHASE_ORDER,36,sup008,2023-06-09,10
txn01330,ing053,2023-06-25,PURCHASE_ORDER,32,sup008,2023-06-22,3
txn01421,ing053,2023-07-04,PURCHASE_ORDER,35,sup008,2023-06-28,6
txn01483,ing053,2023-07-10,PURCHASE_ORDER,33,sup008,2023-07-07,3
txn01602,ing053,2023-07-20,PURCHASE_ORDER,38,sup008,2023-07-13,7
txn01723,ing053,2023-07-31,PURCHASE_ORDER,37,sup008,2023-07-23,8
txn01787,ing053,2023-08-06,PURCHASE_ORDER,31,sup008,2023-08-03,3
txn01905,ing053,2023-08-18,PURCHASE_ORDER,34,sup008,2023-08-09,9
txn01956,ing053,2023-08-23,PURCHASE_ORDER,31,sup008,2023-08-21,2
txn02078,ing053,2023-09-03,PURCHASE_ORDER,31,sup008,2023-08-26,8
txn02150,ing053,2023-09-09,PURCHASE_ORDER,36,sup008,2023-09-06,3
txn02269,ing053,2023-09-21,PURCHASE_ORDER,38,sup008,2023-09-12,9
txn02354,ing053,2023-09-29,PURCHASE_ORDER,31,sup008,2023-09-24,5
txn02470,ing053,2023-10-09,PURCHASE_ORDER,39,sup008,2023-10-02,7
txn02529,ing053,2023-10-15,PURCHASE_ORDER,34,sup008,2023-10-12,3
txn02604,ing053,2023-10-22,PURCHASE_ORDER,36,sup008,2023-10-18,4
txn02680,ing053,2023-10-29,PURCHASE_ORDER,32,sup008,2023-10-25,4
txn02782,ing053,2023-11-08,PURCHASE_ORDER,35,sup008,2023-11-01,7
txn02851,ing053,2023-11-15,PURCHASE_ORDER,32,sup008,2023-11-11,4
txn02914,ing053,2023-11-21,PURCHASE_ORDER,35,sup008,2023-11-18,3
txn02964,ing053,2023-11-26,PURCHASE_ORDER,39,sup008,2023-11-24,2
txn03002,ing053,2023-11-29,PURCHASE_ORDER,33,sup008,2023-11-24,5
txn03077,ing053,2023-12-06,PURCHASE_ORDER,41,sup008,2023-12-02,4
txn03141,ing053,2023-12-11,PURCHASE_ORDER,39,sup008,2023-12-09,2
txn03204,ing053,2023-12-18,PURCHASE_ORDER,32,sup008,2023-12-14,4
txn03267,ing053,2023-12-24,PURCHASE_ORDER,36,sup008,2023-12-21,3
txn03349,ing053,2023-12-31,PURCHASE_ORDER,31,sup008,2023-12-27,4
txn03434,ing053,2024-01-08,PURCHASE_ORDER,33,sup008,2024-01-03,5
txn03505,ing053,2024-01-15,PURCHASE_ORDER,32,sup008,2024-01-11,4
txn03599,ing053,2024-01-23,PURCHASE_ORDER,33,sup008,2024-01-18,5
txn03698,ing053,2024-02-01,PURCHASE_ORDER,34,sup008,2024-01-26,6
txn03792,ing053,2024-02-11,PURCHASE_ORDER,31,sup008,2024-02-04,7
txn03877,ing053,2024-02-18,PURCHASE_ORDER,32,sup008,2024-02-14,4
txn03929,ing053,2024-02-23,PURCHASE_ORDER,34,sup008,2024-02-21,2
txn04049,ing053,2024-03-06,PURCHASE_ORDER,34,sup008,2024-02-26,9
txn04161,ing053,2024-03-16,PURCHASE_ORDER,31,sup008,2024-03-09,7
txn04287,ing053,2024-03-28,PURCHASE_ORDER,35,sup008,2024-03-19,9
txn04366,ing053,2024-04-04,PURCHASE_ORDER,31,sup008,2024-03-31,4
txn04499,ing053,2024-04-17,PURCHASE_ORDER,32,sup008,2024-04-07,10
txn04570,ing053,2024-04-24,PURCHASE_ORDER,33,sup008,2024-04-20,4
txn04615,ing053,2024-04-28,PURCHASE_ORDER,31,sup008,2024-04-27,1
txn04687,ing053,2024-05-05,PURCHASE_ORDER,35,sup008,2024-05-01,4
txn04760,ing053,2024-05-12,PURCHASE_ORDER,32,sup008,2024-05-08,4
txn04825,ing053,2024-05-18,PURCHASE_ORDER,36,sup008,2024-05-15,3
txn04935,ing053,2024-05-29,PURCHASE_ORDER,33,sup008,2024-05-21,8
txn05005,ing053,2024-06-05,PURCHASE_ORDER,35,sup008,2024-06-01,4
txn05072,ing053,2024-06-12,PURCHASE_ORDER,37,sup008,2024-06-08,4
txn05143,ing053,2024-06-18,PURCHASE_ORDER,32,sup008,2024-06-15,3
txn05218,ing053,2024-06-25,PURCHASE_ORDER,31,sup008,2024-06-21,4
txn05240,ing053,2024-06-28,PURCHASE_ORDER,35,sup008,2024-06-21,7
txn05350,ing053,2024-07-08,PURCHASE_ORDER,34,sup008,2024-07-01,7
txn05414,ing053,2024-07-14,PURCHASE_ORDER,32,sup008,2024-07-11,3
txn05517,ing053,2024-07-24,PURCHASE_ORDER,35,sup008,2024-07-17,7
txn05590,ing053,2024-08-01,PURCHASE_ORDER,33,sup008,2024-07-27,5
txn05677,ing053,2024-08-09,PURCHASE_ORDER,35,sup008,2024-08-04,5
txn05725,ing053,2024-08-14,PURCHASE_ORDER,33,sup008,2024-08-12,2
txn05835,ing053,2024-08-24,PURCHASE_ORDER,31,sup008,2024-08-17,7
txn05929,ing053,2024-09-03,PURCHASE_ORDER,32,sup008,2024-08-27,7
txn06013,ing053,2024-09-12,PURCHASE_ORDER,32,sup008,2024-09-06,6
txn06099,ing053,2024-09-21,PURCHASE_ORDER,33,sup008,2024-09-15,6
txn06185,ing053,2024-09-29,PURCHASE_ORDER,31,sup008,2024-09-24,5
txn06251,ing053,2024-10-06,PURCHASE_ORDER,32,sup008,2024-10-02,4
txn06301,ing053,2024-10-11,PURCHASE_ORDER,32,sup008,2024-10-09,2
txn06370,ing053,2024-10-18,PURCHASE_ORDER,31,sup008,2024-10-14,4
txn06413,ing053,2024-10-22,PURCHASE_ORDER,44,sup008,2024-10-21,1
txn06479,ing053,2024-10-28,PURCHASE_ORDER,37,sup008,2024-10-25,3
txn06563,ing053,2024-11-06,PURCHASE_ORDER,36,sup008,2024-10-31,6
txn06621,ing053,2024-11-12,PURCHASE_ORDER,37,sup008,2024-11-09,3
txn06711,ing053,2024-11-21,PURCHASE_ORDER,38,sup008,2024-11-15,6
txn06757,ing053,2024-11-26,PURCHASE_ORDER,44,sup008,2024-11-24,2
txn06815,ing053,2024-12-02,PURCHASE_ORDER,31,sup008,2024-11-29,3
txn06902,ing053,2024-12-11,PURCHASE_ORDER,32,sup008,2024-12-05,6
txn06972,ing053,2024-12-18,PURCHASE_ORDER,31,sup008,2024-12-14,4
txn07051,ing053,2024-12-26,PURCHASE_ORDER,32,sup008,2024-12-21,5
txn07100,ing053,2024-12-31,PURCHASE_ORDER,39,sup008,2024-12-29,2
txn07161,ing053,2025-01-05,PURCHASE_ORDER,39,sup008,2025-01-03,2
txn07228,ing053,2025-01-12,PURCHASE_ORDER,33,sup008,2025-01-08,4
txn07329,ing053,2025-01-21,PURCHASE_ORDER,32,sup008,2025-01-15,6
txn07388,ing053,2025-01-26,PURCHASE_ORDER,33,sup008,2025-01-24,2
txn07468,ing053,2025-02-02,PURCHASE_ORDER,33,sup008,2025-01-29,4
txn07549,ing053,2025-02-10,PURCHASE_ORDER,35,sup008,2025-02-05,5
txn07627,ing053,2025-02-18,PURCHASE_ORDER,31,sup008,2025-02-13,5
txn07737,ing053,2025-02-28,PURCHASE_ORDER,32,sup008,2025-02-21,7
txn07852,ing053,2025-03-11,PURCHASE_ORDER,33,sup008,2025-03-03,8
txn07921,ing053,2025-03-17,PURCHASE_ORDER,32,sup008,2025-03-14,3
txn07996,ing053,2025-03-24,PURCHASE_ORDER,37,sup008,2025-03-20,4
txn08098,ing053,2025-04-02,PURCHASE_ORDER,35,sup008,2025-03-27,6
txn08183,ing053,2025-04-10,PURCHASE_ORDER,31,sup008,2025-04-05,5
txn08267,ing053,2025-04-19,PURCHASE_ORDER,36,sup008,2025-04-13,6
txn08330,ing053,2025-04-25,PURCHASE_ORDER,41,sup008,2025-04-22,3
txn08399,ing053,2025-05-03,PURCHASE_ORDER,35,sup008,2025-04-28,5
txn08507,ing053,2025-05-14,PURCHASE_ORDER,35,sup008,2025-05-06,8
txn08558,ing053,2025-05-19,PURCHASE_ORDER,36,sup008,2025-05-17,2
txn08649,ing053,2025-05-28,PURCHASE_ORDER,33,sup008,2025-05-22,6
txn08720,ing053,2025-06-04,PURCHASE_ORDER,31,sup008,2025-05-31,4
txn08769,ing053,2025-06-08,PURCHASE_ORDER,34,sup008,2025-06-07,1
txn08839,ing053,2025-06-16,PURCHASE_ORDER,36,sup008,2025-06-11,5
txn08926,ing053,2025-06-25,PURCHASE_ORDER,34,sup008,2025-06-19,6
txn09027,ing053,2025-07-05,PURCHASE_ORDER,43,sup008,2025-06-28,7
txn09088,ing053,2025-07-11,PURCHASE_ORDER,32,sup008,2025-07-08,3
txn09201,ing053,2025-07-21,PURCHASE_ORDER,31,sup008,2025-07-14,7
txn09276,ing053,2025-07-28,PURCHASE_ORDER,31,sup008,2025-07-24,4
txn09335,ing053,2025-08-03,PURCHASE_ORDER,34,sup008,2025-07-31,3
txn09409,ing053,2025-08-10,PURCHASE_ORDER,33,sup008,2025-08-06,4
txn09487,ing053,2025-08-17,PURCHASE_ORDER,33,sup008,2025-08-13,4
txn09603,ing053,2025-08-27,PURCHASE_ORDER,35,sup008,2025-08-20,7
txn09672,ing053,2025-09-03,PURCHASE_ORDER,43,sup008,2025-08-30,4
txn09734,ing053,2025-09-09,PURCHASE_ORDER,33,sup008,2025-09-06,3
txn09801,ing053,2025-09-16,PURCHASE_ORDER,39,sup008,2025-09-12,4
txn09891,ing053,2025-09-24,PURCHASE_ORDER,32,sup008,2025-09-19,5
txn09979,ing053,2025-10-03,PURCHASE_ORDER,31,sup008,2025-09-27,6
txn10056,ing053,2025-10-10,PURCHASE_ORDER,38,sup008,2025-10-06,4
txn10137,ing053,2025-10-17,PURCHASE_ORDER,31,sup008,2025-10-13,4
txn10217,ing053,2025-10-25,PURCHASE_ORDER,36,sup008,2025-10-20,5
txn00051,ing054,2023-02-24,PURCHASE_ORDER,24,sup008,2023-02-23,1
txn00115,ing054,2023-03-02,PURCHASE_ORDER,21,sup008,2023-02-27,3
txn00165,ing054,2023-03-07,PURCHASE_ORDER,29,sup008,2023-03-05,2
txn00216,ing054,2023-03-12,PURCHASE_ORDER,27,sup008,2023-03-10,2
txn00265,ing054,2023-03-17,PURCHASE_ORDER,26,sup008,2023-03-15,2
txn00309,ing054,2023-03-21,PURCHASE_ORDER,26,sup008,2023-03-20,1
txn00406,ing054,2023-03-30,PURCHASE_ORDER,28,sup008,2023-03-24,6
txn00451,ing054,2023-04-03,PURCHASE_ORDER,22,sup008,2023-04-02,1
txn00493,ing054,2023-04-07,PURCHASE_ORDER,28,sup008,2023-04-06,1
txn00532,ing054,2023-04-10,PURCHASE_ORDER,21,sup008,2023-04-06,4
txn00571,ing054,2023-04-14,PURCHASE_ORDER,25,sup008,2023-04-13,1
txn00617,ing054,2023-04-18,PURCHASE_ORDER,22,sup008,2023-04-17,1
txn00676,ing054,2023-04-24,PURCHASE_ORDER,21,sup008,2023-04-21,3
txn00737,ing054,2023-04-30,PURCHASE_ORDER,21,sup008,2023-04-27,3
txn00790,ing054,2023-05-05,PURCHASE_ORDER,22,sup008,2023-05-03,2
txn00843,ing054,2023-05-10,PURCHASE_ORDER,22,sup008,2023-05-08,2
txn00892,ing054,2023-05-15,PURCHASE_ORDER,26,sup008,2023-05-13,2
txn00945,ing054,2023-05-20,PURCHASE_ORDER,32,sup008,2023-05-18,2
txn00992,ing054,2023-05-25,PURCHASE_ORDER,26,sup008,2023-05-23,2
txn01041,ing054,2023-05-30,PURCHASE_ORDER,22,sup008,2023-05-28,2
txn01135,ing054,2023-06-07,PURCHASE_ORDER,24,sup008,2023-06-02,5
txn01200,ing054,2023-06-13,PURCHASE_ORDER,22,sup008,2023-06-10,3
txn01270,ing054,2023-06-19,PURCHASE_ORDER,25,sup008,2023-06-16,3
txn01319,ing054,2023-06-24,PURCHASE_ORDER,26,sup008,2023-06-22,2
txn01389,ing054,2023-07-01,PURCHASE_ORDER,32,sup008,2023-06-27,4
txn01448,ing054,2023-07-07,PURCHASE_ORDER,21,sup008,2023-07-04,3
txn01512,ing054,2023-07-12,PURCHASE_ORDER,30,sup008,2023-07-10,2
txn01623,ing054,2023-07-22,PURCHASE_ORDER,21,sup008,2023-07-15,7
txn01686,ing054,2023-07-28,PURCHASE_ORDER,23,sup008,2023-07-25,3
txn01781,ing054,2023-08-05,PURCHASE_ORDER,25,sup008,2023-07-31,5
txn01851,ing054,2023-08-12,PURCHASE_ORDER,21,sup008,2023-08-08,4
txn01881,ing054,2023-08-15,PURCHASE_ORDER,23,sup008,2023-08-08,7
txn01929,ing054,2023-08-20,PURCHASE_ORDER,24,sup008,2023-08-18,2
txn02001,ing054,2023-08-27,PURCHASE_ORDER,27,sup008,2023-08-23,4
txn02044,ing054,2023-08-31,PURCHASE_ORDER,26,sup008,2023-08-30,1
txn02079,ing054,2023-09-03,PURCHASE_ORDER,21,sup008,2023-08-30,4
txn02179,ing054,2023-09-12,PURCHASE_ORDER,24,sup008,2023-09-06,6
txn02246,ing054,2023-09-19,PURCHASE_ORDER,23,sup008,2023-09-15,4
txn02291,ing054,2023-09-23,PURCHASE_ORDER,23,sup008,2023-09-22,1
txn02339,ing054,2023-09-28,PURCHASE_ORDER,26,sup008,2023-09-26,2
txn02413,ing054,2023-10-04,PURCHASE_ORDER,21,sup008,2023-10-01,3
txn02457,ing054,2023-10-08,PURCHASE_ORDER,31,sup008,2023-10-07,1
txn02503,ing054,2023-10-12,PURCHASE_ORDER,23,sup008,2023-10-11,1
txn02554,ing054,2023-10-17,PURCHASE_ORDER,31,sup008,2023-10-15,2
txn02605,ing054,2023-10-22,PURCHASE_ORDER,23,sup008,2023-10-20,2
txn02674,ing054,2023-10-28,PURCHASE_ORDER,24,sup008,2023-10-25,3
txn02745,ing054,2023-11-04,PURCHASE_ORDER,22,sup008,2023-10-31,4
txn02799,ing054,2023-11-10,PURCHASE_ORDER,29,sup008,2023-11-07,3
txn02882,ing054,2023-11-18,PURCHASE_ORDER,22,sup008,2023-11-13,5
txn02915,ing054,2023-11-21,PURCHASE_ORDER,21,sup008,2023-11-13,8
txn02973,ing054,2023-11-27,PURCHASE_ORDER,26,sup008,2023-11-24,3
txn03021,ing054,2023-12-01,PURCHASE_ORDER,22,sup008,2023-11-30,1
txn03101,ing054,2023-12-08,PURCHASE_ORDER,21,sup008,2023-12-04,4
txn03159,ing054,2023-12-13,PURCHASE_ORDER,28,sup008,2023-12-11,2
txn03218,ing054,2023-12-19,PURCHASE_ORDER,21,sup008,2023-12-16,3
txn03284,ing054,2023-12-25,PURCHASE_ORDER,26,sup008,2023-12-22,3
txn03350,ing054,2023-12-31,PURCHASE_ORDER,24,sup008,2023-12-28,3
txn03412,ing054,2024-01-06,PURCHASE_ORDER,25,sup008,2024-01-03,3
txn03469,ing054,2024-01-11,PURCHASE_ORDER,26,sup008,2024-01-09,2
txn03539,ing054,2024-01-18,PURCHASE_ORDER,22,sup008,2024-01-14,4
txn03584,ing054,2024-01-22,PURCHASE_ORDER,22,sup008,2024-01-21,1
txn03631,ing054,2024-01-26,PURCHASE_ORDER,21,sup008,2024-01-25,1
txn03687,ing054,2024-01-31,PURCHASE_ORDER,22,sup008,2024-01-29,2
txn03738,ing054,2024-02-05,PURCHASE_ORDER,26,sup008,2024-02-03,2
txn03777,ing054,2024-02-09,PURCHASE_ORDER,26,sup008,2024-02-08,1
txn03866,ing054,2024-02-17,PURCHASE_ORDER,21,sup008,2024-02-12,5
txn03930,ing054,2024-02-23,PURCHASE_ORDER,22,sup008,2024-02-20,3
txn04063,ing054,2024-03-07,PURCHASE_ORDER,21,sup008,2024-02-26,10
txn04113,ing054,2024-03-12,PURCHASE_ORDER,29,sup008,2024-03-10,2
txn04150,ing054,2024-03-15,PURCHASE_ORDER,21,sup008,2024-03-10,5
txn04221,ing054,2024-03-22,PURCHASE_ORDER,22,sup008,2024-03-18,4
txn04312,ing054,2024-03-30,PURCHASE_ORDER,21,sup008,2024-03-25,5
txn04388,ing054,2024-04-06,PURCHASE_ORDER,24,sup008,2024-04-02,4
txn04437,ing054,2024-04-11,PURCHASE_ORDER,21,sup008,2024-04-09,2
txn04500,ing054,2024-04-17,PURCHASE_ORDER,27,sup008,2024-04-14,3
txn04547,ing054,2024-04-22,PURCHASE_ORDER,30,sup008,2024-04-20,2
txn04594,ing054,2024-04-26,PURCHASE_ORDER,22,sup008,2024-04-25,1
txn04657,ing054,2024-05-02,PURCHASE_ORDER,22,sup008,2024-04-29,3
txn04722,ing054,2024-05-08,PURCHASE_ORDER,28,sup008,2024-05-05,3
txn04808,ing054,2024-05-16,PURCHASE_ORDER,22,sup008,2024-05-11,5
txn04864,ing054,2024-05-22,PURCHASE_ORDER,23,sup008,2024-05-19,3
txn04946,ing054,2024-05-30,PURCHASE_ORDER,22,sup008,2024-05-25,5
txn04980,ing054,2024-06-02,PURCHASE_ORDER,23,sup008,2024-05-25,8
txn05023,ing054,2024-06-07,PURCHASE_ORDER,22,sup008,2024-06-05,2
txn05055,ing054,2024-06-10,PURCHASE_ORDER,37,sup008,2024-06-05,5
txn05144,ing054,2024-06-18,PURCHASE_ORDER,26,sup008,2024-06-13,5
txn05190,ing054,2024-06-22,PURCHASE_ORDER,23,sup008,2024-06-21,1
txn05249,ing054,2024-06-29,PURCHASE_ORDER,28,sup008,2024-06-25,4
txn05312,ing054,2024-07-05,PURCHASE_ORDER,22,sup008,2024-07-02,3
txn05351,ing054,2024-07-08,PURCHASE_ORDER,29,sup008,2024-07-02,6
txn05404,ing054,2024-07-13,PURCHASE_ORDER,22,sup008,2024-07-11,2
txn05452,ing054,2024-07-18,PURCHASE_ORDER,23,sup008,2024-07-16,2
txn05499,ing054,2024-07-22,PURCHASE_ORDER,23,sup008,2024-07-21,1
txn05567,ing054,2024-07-29,PURCHASE_ORDER,26,sup008,2024-07-25,4
txn05638,ing054,2024-08-05,PURCHASE_ORDER,24,sup008,2024-08-01,4
txn05678,ing054,2024-08-09,PURCHASE_ORDER,22,sup008,2024-08-08,1
txn05757,ing054,2024-08-17,PURCHASE_ORDER,23,sup008,2024-08-12,5
txn05836,ing054,2024-08-24,PURCHASE_ORDER,27,sup008,2024-08-20,4
txn05879,ing054,2024-08-28,PURCHASE_ORDER,33,sup008,2024-08-27,1
txn05938,ing054,2024-09-04,PURCHASE_ORDER,22,sup008,2024-08-31,4
txn06014,ing054,2024-09-12,PURCHASE_ORDER,21,sup008,2024-09-07,5
txn06070,ing054,2024-09-18,PURCHASE_ORDER,21,sup008,2024-09-15,3
txn06119,ing054,2024-09-23,PURCHASE_ORDER,27,sup008,2024-09-21,2
txn06163,ing054,2024-09-27,PURCHASE_ORDER,29,sup008,2024-09-26,1
txn06191,ing054,2024-09-30,PURCHASE_ORDER,23,sup008,2024-09-26,4
txn06260,ing054,2024-10-07,PURCHASE_ORDER,21,sup008,2024-10-03,4
txn06318,ing054,2024-10-13,PURCHASE_ORDER,24,sup008,2024-10-10,3
txn06357,ing054,2024-10-17,PURCHASE_ORDER,24,sup008,2024-10-16,1
txn06414,ing054,2024-10-22,PURCHASE_ORDER,22,sup008,2024-10-20,2
txn06467,ing054,2024-10-27,PURCHASE_ORDER,25,sup008,2024-10-25,2
txn06513,ing054,2024-11-01,PURCHASE_ORDER,24,sup008,2024-10-30,2
txn06555,ing054,2024-11-05,PURCHASE_ORDER,21,sup008,2024-11-04,1
txn06591,ing054,2024-11-09,PURCHASE_ORDER,26,sup008,2024-11-08,1
txn06638,ing054,2024-11-14,PURCHASE_ORDER,22,sup008,2024-11-12,2
txn06704,ing054,2024-11-20,PURCHASE_ORDER,27,sup008,2024-11-17,3
txn06746,ing054,2024-11-25,PURCHASE_ORDER,27,sup008,2024-11-23,2
txn06816,ing054,2024-12-02,PURCHASE_ORDER,24,sup008,2024-11-28,4
txn06873,ing054,2024-12-08,PURCHASE_ORDER,22,sup008,2024-12-05,3
txn06903,ing054,2024-12-11,PURCHASE_ORDER,26,sup008,2024-12-05,6
txn06963,ing054,2024-12-17,PURCHASE_ORDER,23,sup008,2024-12-14,3
txn07001,ing054,2024-12-21,PURCHASE_ORDER,25,sup008,2024-12-20,1
txn07080,ing054,2024-12-29,PURCHASE_ORDER,22,sup008,2024-12-24,5
txn07129,ing054,2025-01-02,PURCHASE_ORDER,24,sup008,2025-01-01,1
txn07170,ing054,2025-01-06,PURCHASE_ORDER,23,sup008,2025-01-05,1
txn07229,ing054,2025-01-12,PURCHASE_ORDER,29,sup008,2025-01-09,3
txn07284,ing054,2025-01-17,PURCHASE_ORDER,21,sup008,2025-01-15,2
txn07341,ing054,2025-01-22,PURCHASE_ORDER,21,sup008,2025-01-20,2
txn07389,ing054,2025-01-26,PURCHASE_ORDER,23,sup008,2025-01-25,1
txn07453,ing054,2025-02-01,PURCHASE_ORDER,22,sup008,2025-01-29,3
txn07534,ing054,2025-02-09,PURCHASE_ORDER,28,sup008,2025-02-04,5
txn07596,ing054,2025-02-15,PURCHASE_ORDER,25,sup008,2025-02-12,3
txn07676,ing054,2025-02-22,PURCHASE_ORDER,23,sup008,2025-02-18,4
txn07725,ing054,2025-02-27,PURCHASE_ORDER,21,sup008,2025-02-25,2
txn07768,ing054,2025-03-03,PURCHASE_ORDER,22,sup008,2025-03-02,1
txn07816,ing054,2025-03-08,PURCHASE_ORDER,21,sup008,2025-03-06,2
txn07853,ing054,2025-03-11,PURCHASE_ORDER,24,sup008,2025-03-06,5
txn07903,ing054,2025-03-15,PURCHASE_ORDER,21,sup008,2025-03-14,1
txn07954,ing054,2025-03-20,PURCHASE_ORDER,21,sup008,2025-03-18,2
txn07981,ing054,2025-03-23,PURCHASE_ORDER,26,sup008,2025-03-18,5
txn08035,ing054,2025-03-27,PURCHASE_ORDER,29,sup008,2025-03-26,1
txn08110,ing054,2025-04-03,PURCHASE_ORDER,24,sup008,2025-03-30,4
txn08191,ing054,2025-04-11,PURCHASE_ORDER,23,sup008,2025-04-06,5
txn08228,ing054,2025-04-15,PURCHASE_ORDER,21,sup008,2025-04-14,1
txn08274,ing054,2025-04-20,PURCHASE_ORDER,25,sup008,2025-04-18,2
txn08331,ing054,2025-04-25,PURCHASE_ORDER,21,sup008,2025-04-23,2
txn08393,ing054,2025-05-02,PURCHASE_ORDER,25,sup008,2025-04-28,4
txn08459,ing054,2025-05-09,PURCHASE_ORDER,24,sup008,2025-05-05,4
txn08485,ing054,2025-05-12,PURCHASE_ORDER,23,sup008,2025-05-05,7
txn08540,ing054,2025-05-17,PURCHASE_ORDER,26,sup008,2025-05-15,2
txn08576,ing054,2025-05-21,PURCHASE_ORDER,29,sup008,2025-05-20,1
txn08650,ing054,2025-05-28,PURCHASE_ORDER,26,sup008,2025-05-24,4
txn08695,ing054,2025-06-02,PURCHASE_ORDER,28,sup008,2025-05-31,2
txn08787,ing054,2025-06-10,PURCHASE_ORDER,25,sup008,2025-06-05,5
txn08823,ing054,2025-06-14,PURCHASE_ORDER,28,sup008,2025-06-13,1
txn08874,ing054,2025-06-19,PURCHASE_ORDER,24,sup008,2025-06-17,2
txn08915,ing054,2025-06-24,PURCHASE_ORDER,24,sup008,2025-06-22,2
txn08989,ing054,2025-07-01,PURCHASE_ORDER,32,sup008,2025-06-27,4
txn09036,ing054,2025-07-06,PURCHASE_ORDER,25,sup008,2025-07-04,2
txn09107,ing054,2025-07-13,PURCHASE_ORDER,22,sup008,2025-07-09,4
txn09153,ing054,2025-07-17,PURCHASE_ORDER,21,sup008,2025-07-16,1
txn09214,ing054,2025-07-22,PURCHASE_ORDER,22,sup008,2025-07-20,2
txn09277,ing054,2025-07-28,PURCHASE_ORDER,30,sup008,2025-07-25,3
txn09322,ing054,2025-08-02,PURCHASE_ORDER,21,sup008,2025-07-31,2
txn09430,ing054,2025-08-12,PURCHASE_ORDER,23,sup008,2025-08-05,7
txn09474,ing054,2025-08-16,PURCHASE_ORDER,22,sup008,2025-08-15,1
txn09515,ing054,2025-08-19,PURCHASE_ORDER,26,sup008,2025-08-15,4
txn09589,ing054,2025-08-26,PURCHASE_ORDER,23,sup008,2025-08-22,4
txn09644,ing054,2025-08-31,PURCHASE_ORDER,21,sup008,2025-08-29,2
txn09690,ing054,2025-09-05,PURCHASE_ORDER,23,sup008,2025-09-03,2
txn09725,ing054,2025-09-08,PURCHASE_ORDER,21,sup008,2025-09-03,5
txn09762,ing054,2025-09-12,PURCHASE_ORDER,22,sup008,2025-09-11,1
txn09788,ing054,2025-09-15,PURCHASE_ORDER,22,sup008,2025-09-11,4
txn09840,ing054,2025-09-19,PURCHASE_ORDER,23,sup008,2025-09-18,1
txn09872,ing054,2025-09-22,PURCHASE_ORDER,27,sup008,2025-09-18,4
txn09930,ing054,2025-09-28,PURCHASE_ORDER,28,sup008,2025-09-25,3
txn09964,ing054,2025-10-01,PURCHASE_ORDER,21,sup008,2025-09-25,6
txn10004,ing054,2025-10-05,PURCHASE_ORDER,25,sup008,2025-10-04,1
txn10046,ing054,2025-10-09,PURCHASE_ORDER,34,sup008,2025-10-08,1
txn10138,ing054,2025-10-17,PURCHASE_ORDER,44,sup008,2025-10-12,5
txn10179,ing054,2025-10-21,PURCHASE_ORDER,22,sup008,2025-10-20,1
